name,type,domain,grade,mail_domain,mail_domain_grade,case,contact_email,contact_role,flag,subject,body
Beaufort County Schools,district,beaufort.k12.nc.us,NO_DMARC,beaufort.k12.nc.us,NO_DMARC,same,agodfrey@beaufort.k12.nc.us,Chief Technology Officer,,Beaufort County Schools: your email domain can currently be spoofed (free 20-minute fix inside),"Hello,

I'm a high school senior in Cary. As an independent project, I checked the public email-security records of every NC school district and municipality, 609 in total, using standard DNS lookups. Nothing was sent to or accessed on your systems; these records are public by design.

Here is what I found for Beaufort County Schools:

beaufort.k12.nc.us has no DMARC record at all.

What that means in practice: an email forged to look like it came from an @beaufort.k12.nc.us address would not be rejected by the recipient's mail server. This is how business email compromise works, where a fake message from a director or manager asks a clerk to change a vendor's bank details. It is the most expensive category of cybercrime the FBI tracks, and local governments and school districts are frequent targets.

You are not alone: 68% of NC public bodies are in the same position.

The fix is free and takes about twenty minutes. The safe first step (monitoring mode) changes nothing about how your mail works today:

  Host:  _dmarc.beaufort.k12.nc.us
  Type:  TXT
  Value: v=DMARC1; p=none; rua=mailto:dmarc-reports@beaufort.k12.nc.us; fo=1

After a few weeks of reports, the policy can move to p=quarantine and then p=reject, which is what CISA recommends for government domains. Full step-by-step instructions: [GITHUB LINK]

If it would help, I'm glad to answer questions. I'll be re-checking all 609 domains in about thirty days to see how many have been secured, and I'd be glad to count yours.

Thank you,
Siddharth Santhosh
siddharthsann@gmail.com · 919-454-0875"
Cabarrus County Schools,district,cabarrus.k12.nc.us,MONITOR_ONLY,cabarrus.k12.nc.us,MONITOR_ONLY,same,CabCoSchools@cabarrus.k12.nc.us,General contact,,Cabarrus County Schools: your email domain can currently be spoofed (free 20-minute fix inside),"Hello,

I'm a high school senior in Cary. As an independent project, I checked the public email-security records of every NC school district and municipality, 609 in total, using standard DNS lookups. Nothing was sent to or accessed on your systems; these records are public by design.

Here is what I found for Cabarrus County Schools:

cabarrus.k12.nc.us has a DMARC record set to p=none, which reports forged mail but does not block it.

What that means in practice: an email forged to look like it came from an @cabarrus.k12.nc.us address would not be rejected by the recipient's mail server. This is how business email compromise works, where a fake message from a director or manager asks a clerk to change a vendor's bank details. It is the most expensive category of cybercrime the FBI tracks, and local governments and school districts are frequent targets.

You are not alone: 68% of NC public bodies are in the same position.

The fix is free and takes about twenty minutes. The safe first step (monitoring mode) changes nothing about how your mail works today:

  Host:  _dmarc.cabarrus.k12.nc.us
  Type:  TXT
  Value: v=DMARC1; p=none; rua=mailto:dmarc-reports@cabarrus.k12.nc.us; fo=1

After a few weeks of reports, the policy can move to p=quarantine and then p=reject, which is what CISA recommends for government domains. Full step-by-step instructions: [GITHUB LINK]

If it would help, I'm glad to answer questions. I'll be re-checking all 609 domains in about thirty days to see how many have been secured, and I'd be glad to count yours.

Thank you,
Siddharth Santhosh
siddharthsann@gmail.com · 919-454-0875"
Carteret County Public Schools,district,carteretcountyschools.org,NO_DMARC,carteretk12.org,NO_DMARC,both_bad,mike.mckay@carteretk12.org,Chief Technology Officer,,Carteret County Public Schools: your email domain can currently be spoofed (free 20-minute fix inside),"Hello,

I'm a high school senior in Cary. As an independent project, I checked the public email-security records of every NC school district and municipality, 609 in total, using standard DNS lookups. Nothing was sent to or accessed on your systems; these records are public by design.

Here is what I found for Carteret County Public Schools:

Both of your domains are affected. carteretcountyschools.org has no DMARC record at all. And your email domain: carteretk12.org has no DMARC record at all.

What that means in practice: an email forged to look like it came from an @carteretk12.org or @carteretcountyschools.org address would not be rejected by the recipient's mail server. This is how business email compromise works, where a fake message from a director or manager asks a clerk to change a vendor's bank details. It is the most expensive category of cybercrime the FBI tracks, and local governments and school districts are frequent targets.

You are not alone: 68% of NC public bodies are in the same position.

The fix is free and takes about twenty minutes. The safe first step (monitoring mode) changes nothing about how your mail works today:

  Host:  _dmarc.carteretk12.org
  Type:  TXT
  Value: v=DMARC1; p=none; rua=mailto:dmarc-reports@carteretk12.org; fo=1

and the same record for carteretcountyschools.org:
  Host:  _dmarc.carteretcountyschools.org
  Type:  TXT
  Value: v=DMARC1; p=none; rua=mailto:dmarc-reports@carteretcountyschools.org; fo=1

After a few weeks of reports, the policy can move to p=quarantine and then p=reject, which is what CISA recommends for government domains. Full step-by-step instructions: [GITHUB LINK]

If it would help, I'm glad to answer questions. I'll be re-checking all 609 domains in about thirty days to see how many have been secured, and I'd be glad to count yours.

Thank you,
Siddharth Santhosh
siddharthsann@gmail.com · 919-454-0875"
Chapel Hill-Carrboro City Schools,district,chccs.org,NO_DMARC,chccs.k12.nc.us,ENFORCED_REJECT,mail_ok,sara.anderson@chccs.k12.nc.us,Instructional Technology Facilitator,,Chapel Hill-Carrboro City Schools: your email domain can currently be spoofed (free 20-minute fix inside),"Hello,

I'm a high school senior in Cary. As an independent project, I checked the public email-security records of every NC school district and municipality, 609 in total, using standard DNS lookups. Nothing was sent to or accessed on your systems; these records are public by design.

Here is what I found for Chapel Hill-Carrboro City Schools:

Good news first: your email domain chccs.k12.nc.us is properly protected (DMARC reject). But chccs.org has no DMARC record at all.

What that means in practice: someone can still send mail that appears to come from an @chccs.org address, which most recipients won't distinguish from your real one. This is how business email compromise works, where a fake message from a director or manager asks a clerk to change a vendor's bank details. It is the most expensive category of cybercrime the FBI tracks, and local governments and school districts are frequent targets.

You are not alone: 68% of NC public bodies are in the same position.

The fix is free and takes about twenty minutes. The safe first step (monitoring mode) changes nothing about how your mail works today:

  Host:  _dmarc.chccs.org
  Type:  TXT
  Value: v=DMARC1; p=none; rua=mailto:dmarc-reports@chccs.org; fo=1

After a few weeks of reports, the policy can move to p=quarantine and then p=reject, which is what CISA recommends for government domains. Full step-by-step instructions: [GITHUB LINK]

If it would help, I'm glad to answer questions. I'll be re-checking all 609 domains in about thirty days to see how many have been secured, and I'd be glad to count yours.

Thank you,
Siddharth Santhosh
siddharthsann@gmail.com · 919-454-0875"
Davie County Schools,district,davie.k12.nc.us,MONITOR_ONLY,davie.k12.nc.us,MONITOR_ONLY,same,blattnerd@davie.k12.nc.us,Technology Department,,Davie County Schools: your email domain can currently be spoofed (free 20-minute fix inside),"Hello,

I'm a high school senior in Cary. As an independent project, I checked the public email-security records of every NC school district and municipality, 609 in total, using standard DNS lookups. Nothing was sent to or accessed on your systems; these records are public by design.

Here is what I found for Davie County Schools:

davie.k12.nc.us has a DMARC record set to p=none, which reports forged mail but does not block it.

What that means in practice: an email forged to look like it came from an @davie.k12.nc.us address would not be rejected by the recipient's mail server. This is how business email compromise works, where a fake message from a director or manager asks a clerk to change a vendor's bank details. It is the most expensive category of cybercrime the FBI tracks, and local governments and school districts are frequent targets.

You are not alone: 68% of NC public bodies are in the same position.

The fix is free and takes about twenty minutes. The safe first step (monitoring mode) changes nothing about how your mail works today:

  Host:  _dmarc.davie.k12.nc.us
  Type:  TXT
  Value: v=DMARC1; p=none; rua=mailto:dmarc-reports@davie.k12.nc.us; fo=1

After a few weeks of reports, the policy can move to p=quarantine and then p=reject, which is what CISA recommends for government domains. Full step-by-step instructions: [GITHUB LINK]

If it would help, I'm glad to answer questions. I'll be re-checking all 609 domains in about thirty days to see how many have been secured, and I'd be glad to count yours.

Thank you,
Siddharth Santhosh
siddharthsann@gmail.com · 919-454-0875"
Durham Public Schools,district,dpsnc.net,MONITOR_ONLY,dpsnc.net,MONITOR_ONLY,same,paul_mijumbi@dpsnc.net,"Executive Director of IT, Technology Services",,Durham Public Schools: your email domain can currently be spoofed (free 20-minute fix inside),"Hello,

I'm a high school senior in Cary. As an independent project, I checked the public email-security records of every NC school district and municipality, 609 in total, using standard DNS lookups. Nothing was sent to or accessed on your systems; these records are public by design.

Here is what I found for Durham Public Schools:

dpsnc.net has a DMARC record set to p=none, which reports forged mail but does not block it.

What that means in practice: an email forged to look like it came from an @dpsnc.net address would not be rejected by the recipient's mail server. This is how business email compromise works, where a fake message from a director or manager asks a clerk to change a vendor's bank details. It is the most expensive category of cybercrime the FBI tracks, and local governments and school districts are frequent targets.

You are not alone: 68% of NC public bodies are in the same position.

The fix is free and takes about twenty minutes. The safe first step (monitoring mode) changes nothing about how your mail works today:

  Host:  _dmarc.dpsnc.net
  Type:  TXT
  Value: v=DMARC1; p=none; rua=mailto:dmarc-reports@dpsnc.net; fo=1

After a few weeks of reports, the policy can move to p=quarantine and then p=reject, which is what CISA recommends for government domains. Full step-by-step instructions: [GITHUB LINK]

If it would help, I'm glad to answer questions. I'll be re-checking all 609 domains in about thirty days to see how many have been secured, and I'd be glad to count yours.

Thank you,
Siddharth Santhosh
siddharthsann@gmail.com · 919-454-0875"
Edgecombe County Public Schools,district,ecps.us,MONITOR_ONLY,ecps.us,MONITOR_ONLY,same,jhayes@ecps.us,Director of Technology,,Edgecombe County Public Schools: your email domain can currently be spoofed (free 20-minute fix inside),"Hello,

I'm a high school senior in Cary. As an independent project, I checked the public email-security records of every NC school district and municipality, 609 in total, using standard DNS lookups. Nothing was sent to or accessed on your systems; these records are public by design.

Here is what I found for Edgecombe County Public Schools:

ecps.us has a DMARC record set to p=none, which reports forged mail but does not block it.

What that means in practice: an email forged to look like it came from an @ecps.us address would not be rejected by the recipient's mail server. This is how business email compromise works, where a fake message from a director or manager asks a clerk to change a vendor's bank details. It is the most expensive category of cybercrime the FBI tracks, and local governments and school districts are frequent targets.

You are not alone: 68% of NC public bodies are in the same position.

The fix is free and takes about twenty minutes. The safe first step (monitoring mode) changes nothing about how your mail works today:

  Host:  _dmarc.ecps.us
  Type:  TXT
  Value: v=DMARC1; p=none; rua=mailto:dmarc-reports@ecps.us; fo=1

After a few weeks of reports, the policy can move to p=quarantine and then p=reject, which is what CISA recommends for government domains. Full step-by-step instructions: [GITHUB LINK]

If it would help, I'm glad to answer questions. I'll be re-checking all 609 domains in about thirty days to see how many have been secured, and I'd be glad to count yours.

Thank you,
Siddharth Santhosh
siddharthsann@gmail.com · 919-454-0875"
Elizabeth City-Pasquotank Public Schools,district,ecpps.k12.nc.us,NO_DMARC,ecpps.k12.nc.us,NO_DMARC,same,hedmisten@ecpps.k12.nc.us,Technology Services,,Elizabeth City-Pasquotank Public Schools: your email domain can currently be spoofed (free 20-minute fix inside),"Hello,

I'm a high school senior in Cary. As an independent project, I checked the public email-security records of every NC school district and municipality, 609 in total, using standard DNS lookups. Nothing was sent to or accessed on your systems; these records are public by design.

Here is what I found for Elizabeth City-Pasquotank Public Schools:

ecpps.k12.nc.us has no DMARC record at all.

What that means in practice: an email forged to look like it came from an @ecpps.k12.nc.us address would not be rejected by the recipient's mail server. This is how business email compromise works, where a fake message from a director or manager asks a clerk to change a vendor's bank details. It is the most expensive category of cybercrime the FBI tracks, and local governments and school districts are frequent targets.

You are not alone: 68% of NC public bodies are in the same position.

The fix is free and takes about twenty minutes. The safe first step (monitoring mode) changes nothing about how your mail works today:

  Host:  _dmarc.ecpps.k12.nc.us
  Type:  TXT
  Value: v=DMARC1; p=none; rua=mailto:dmarc-reports@ecpps.k12.nc.us; fo=1

After a few weeks of reports, the policy can move to p=quarantine and then p=reject, which is what CISA recommends for government domains. Full step-by-step instructions: [GITHUB LINK]

If it would help, I'm glad to answer questions. I'll be re-checking all 609 domains in about thirty days to see how many have been secured, and I'd be glad to count yours.

Thank you,
Siddharth Santhosh
siddharthsann@gmail.com · 919-454-0875"
Elkin City Schools,district,elkin.k12.nc.us,NO_DMARC,elkin.k12.nc.us,NO_DMARC,same,shawb@elkin.k12.nc.us,Chief Technology Officer,,Elkin City Schools: your email domain can currently be spoofed (free 20-minute fix inside),"Hello,

I'm a high school senior in Cary. As an independent project, I checked the public email-security records of every NC school district and municipality, 609 in total, using standard DNS lookups. Nothing was sent to or accessed on your systems; these records are public by design.

Here is what I found for Elkin City Schools:

elkin.k12.nc.us has no DMARC record at all.

What that means in practice: an email forged to look like it came from an @elkin.k12.nc.us address would not be rejected by the recipient's mail server. This is how business email compromise works, where a fake message from a director or manager asks a clerk to change a vendor's bank details. It is the most expensive category of cybercrime the FBI tracks, and local governments and school districts are frequent targets.

You are not alone: 68% of NC public bodies are in the same position.

The fix is free and takes about twenty minutes. The safe first step (monitoring mode) changes nothing about how your mail works today:

  Host:  _dmarc.elkin.k12.nc.us
  Type:  TXT
  Value: v=DMARC1; p=none; rua=mailto:dmarc-reports@elkin.k12.nc.us; fo=1

After a few weeks of reports, the policy can move to p=quarantine and then p=reject, which is what CISA recommends for government domains. Full step-by-step instructions: [GITHUB LINK]

If it would help, I'm glad to answer questions. I'll be re-checking all 609 domains in about thirty days to see how many have been secured, and I'd be glad to count yours.

Thank you,
Siddharth Santhosh
siddharthsann@gmail.com · 919-454-0875"
Gaston County Schools,district,gaston.k12.nc.us,MONITOR_ONLY,gaston.k12.nc.us,MONITOR_ONLY,same,cpoplin@gaston.k12.nc.us,Technology Department,,Gaston County Schools: your email domain can currently be spoofed (free 20-minute fix inside),"Hello,

I'm a high school senior in Cary. As an independent project, I checked the public email-security records of every NC school district and municipality, 609 in total, using standard DNS lookups. Nothing was sent to or accessed on your systems; these records are public by design.

Here is what I found for Gaston County Schools:

gaston.k12.nc.us has a DMARC record set to p=none, which reports forged mail but does not block it.

What that means in practice: an email forged to look like it came from an @gaston.k12.nc.us address would not be rejected by the recipient's mail server. This is how business email compromise works, where a fake message from a director or manager asks a clerk to change a vendor's bank details. It is the most expensive category of cybercrime the FBI tracks, and local governments and school districts are frequent targets.

You are not alone: 68% of NC public bodies are in the same position.

The fix is free and takes about twenty minutes. The safe first step (monitoring mode) changes nothing about how your mail works today:

  Host:  _dmarc.gaston.k12.nc.us
  Type:  TXT
  Value: v=DMARC1; p=none; rua=mailto:dmarc-reports@gaston.k12.nc.us; fo=1

After a few weeks of reports, the policy can move to p=quarantine and then p=reject, which is what CISA recommends for government domains. Full step-by-step instructions: [GITHUB LINK]

If it would help, I'm glad to answer questions. I'll be re-checking all 609 domains in about thirty days to see how many have been secured, and I'd be glad to count yours.

Thank you,
Siddharth Santhosh
siddharthsann@gmail.com · 919-454-0875"
Gates County Schools,district,gates.k12.nc.us,NO_DMARC,gatescountyschools.net,NO_DMARC,both_bad,smithjl@gatescountyschools.net,Director of Technology,,Gates County Schools: your email domain can currently be spoofed (free 20-minute fix inside),"Hello,

I'm a high school senior in Cary. As an independent project, I checked the public email-security records of every NC school district and municipality, 609 in total, using standard DNS lookups. Nothing was sent to or accessed on your systems; these records are public by design.

Here is what I found for Gates County Schools:

Both of your domains are affected. gates.k12.nc.us has no DMARC record at all. And your email domain: gatescountyschools.net has no DMARC record at all.

What that means in practice: an email forged to look like it came from an @gatescountyschools.net or @gates.k12.nc.us address would not be rejected by the recipient's mail server. This is how business email compromise works, where a fake message from a director or manager asks a clerk to change a vendor's bank details. It is the most expensive category of cybercrime the FBI tracks, and local governments and school districts are frequent targets.

You are not alone: 68% of NC public bodies are in the same position.

The fix is free and takes about twenty minutes. The safe first step (monitoring mode) changes nothing about how your mail works today:

  Host:  _dmarc.gatescountyschools.net
  Type:  TXT
  Value: v=DMARC1; p=none; rua=mailto:dmarc-reports@gatescountyschools.net; fo=1

and the same record for gates.k12.nc.us:
  Host:  _dmarc.gates.k12.nc.us
  Type:  TXT
  Value: v=DMARC1; p=none; rua=mailto:dmarc-reports@gates.k12.nc.us; fo=1

After a few weeks of reports, the policy can move to p=quarantine and then p=reject, which is what CISA recommends for government domains. Full step-by-step instructions: [GITHUB LINK]

If it would help, I'm glad to answer questions. I'll be re-checking all 609 domains in about thirty days to see how many have been secured, and I'd be glad to count yours.

Thank you,
Siddharth Santhosh
siddharthsann@gmail.com · 919-454-0875"
Graham County Schools,district,graham.k12.nc.us,MONITOR_ONLY,graham.k12.nc.us,MONITOR_ONLY,same,robert_moody@graham.k12.nc.us,Superintendent's Office,,Graham County Schools: your email domain can currently be spoofed (free 20-minute fix inside),"Hello,

I'm a high school senior in Cary. As an independent project, I checked the public email-security records of every NC school district and municipality, 609 in total, using standard DNS lookups. Nothing was sent to or accessed on your systems; these records are public by design.

Here is what I found for Graham County Schools:

graham.k12.nc.us has a DMARC record set to p=none, which reports forged mail but does not block it.

What that means in practice: an email forged to look like it came from an @graham.k12.nc.us address would not be rejected by the recipient's mail server. This is how business email compromise works, where a fake message from a director or manager asks a clerk to change a vendor's bank details. It is the most expensive category of cybercrime the FBI tracks, and local governments and school districts are frequent targets.

You are not alone: 68% of NC public bodies are in the same position.

The fix is free and takes about twenty minutes. The safe first step (monitoring mode) changes nothing about how your mail works today:

  Host:  _dmarc.graham.k12.nc.us
  Type:  TXT
  Value: v=DMARC1; p=none; rua=mailto:dmarc-reports@graham.k12.nc.us; fo=1

After a few weeks of reports, the policy can move to p=quarantine and then p=reject, which is what CISA recommends for government domains. Full step-by-step instructions: [GITHUB LINK]

If it would help, I'm glad to answer questions. I'll be re-checking all 609 domains in about thirty days to see how many have been secured, and I'd be glad to count yours.

Thank you,
Siddharth Santhosh
siddharthsann@gmail.com · 919-454-0875"
Greene County Schools,district,gcsedu.org,NO_DMARC,greene.k12.nc.us,NO_DMARC,both_bad,techdirector@greene.k12.nc.us,Chief Technology Officer,,Greene County Schools: your email domain can currently be spoofed (free 20-minute fix inside),"Hello,

I'm a high school senior in Cary. As an independent project, I checked the public email-security records of every NC school district and municipality, 609 in total, using standard DNS lookups. Nothing was sent to or accessed on your systems; these records are public by design.

Here is what I found for Greene County Schools:

Both of your domains are affected. gcsedu.org has no DMARC record at all. And your email domain: greene.k12.nc.us has no DMARC record at all.

What that means in practice: an email forged to look like it came from an @greene.k12.nc.us or @gcsedu.org address would not be rejected by the recipient's mail server. This is how business email compromise works, where a fake message from a director or manager asks a clerk to change a vendor's bank details. It is the most expensive category of cybercrime the FBI tracks, and local governments and school districts are frequent targets.

You are not alone: 68% of NC public bodies are in the same position.

The fix is free and takes about twenty minutes. The safe first step (monitoring mode) changes nothing about how your mail works today:

  Host:  _dmarc.greene.k12.nc.us
  Type:  TXT
  Value: v=DMARC1; p=none; rua=mailto:dmarc-reports@greene.k12.nc.us; fo=1

and the same record for gcsedu.org:
  Host:  _dmarc.gcsedu.org
  Type:  TXT
  Value: v=DMARC1; p=none; rua=mailto:dmarc-reports@gcsedu.org; fo=1

After a few weeks of reports, the policy can move to p=quarantine and then p=reject, which is what CISA recommends for government domains. Full step-by-step instructions: [GITHUB LINK]

If it would help, I'm glad to answer questions. I'll be re-checking all 609 domains in about thirty days to see how many have been secured, and I'd be glad to count yours.

Thank you,
Siddharth Santhosh
siddharthsann@gmail.com · 919-454-0875"
Guilford County Schools,district,gcsnc.com,PARTIAL,gcsnc.com,PARTIAL,same,sladea@gcsnc.com,Chief Technology Officer,,Guilford County Schools: your email domain can currently be spoofed (free 20-minute fix inside),"Hello,

I'm a high school senior in Cary. As an independent project, I checked the public email-security records of every NC school district and municipality, 609 in total, using standard DNS lookups. Nothing was sent to or accessed on your systems; these records are public by design.

Here is what I found for Guilford County Schools:

gcsnc.com applies its DMARC policy to only 10% of mail, so forged messages in the remainder are not blocked.

What that means in practice: an email forged to look like it came from an @gcsnc.com address would not be rejected by the recipient's mail server. This is how business email compromise works, where a fake message from a director or manager asks a clerk to change a vendor's bank details. It is the most expensive category of cybercrime the FBI tracks, and local governments and school districts are frequent targets.

You are not alone: 68% of NC public bodies are in the same position.

The fix is free and takes about twenty minutes. The safe first step (monitoring mode) changes nothing about how your mail works today:

  Host:  _dmarc.gcsnc.com
  Type:  TXT
  Value: v=DMARC1; p=none; rua=mailto:dmarc-reports@gcsnc.com; fo=1

After a few weeks of reports, the policy can move to p=quarantine and then p=reject, which is what CISA recommends for government domains. Full step-by-step instructions: [GITHUB LINK]

If it would help, I'm glad to answer questions. I'll be re-checking all 609 domains in about thirty days to see how many have been secured, and I'd be glad to count yours.

Thank you,
Siddharth Santhosh
siddharthsann@gmail.com · 919-454-0875"
Jackson County Public Schools,district,jcpsnc.org,NO_DMARC,jcpsmail.org,MONITOR_ONLY,both_bad,gstewart@jcpsmail.org,Chief Technology Officer,,Jackson County Public Schools: your email domain can currently be spoofed (free 20-minute fix inside),"Hello,

I'm a high school senior in Cary. As an independent project, I checked the public email-security records of every NC school district and municipality, 609 in total, using standard DNS lookups. Nothing was sent to or accessed on your systems; these records are public by design.

Here is what I found for Jackson County Public Schools:

Both of your domains are affected. jcpsnc.org has no DMARC record at all. And your email domain: jcpsmail.org has a DMARC record set to p=none, which reports forged mail but does not block it.

What that means in practice: an email forged to look like it came from an @jcpsmail.org or @jcpsnc.org address would not be rejected by the recipient's mail server. This is how business email compromise works, where a fake message from a director or manager asks a clerk to change a vendor's bank details. It is the most expensive category of cybercrime the FBI tracks, and local governments and school districts are frequent targets.

You are not alone: 68% of NC public bodies are in the same position.

The fix is free and takes about twenty minutes. The safe first step (monitoring mode) changes nothing about how your mail works today:

  Host:  _dmarc.jcpsmail.org
  Type:  TXT
  Value: v=DMARC1; p=none; rua=mailto:dmarc-reports@jcpsmail.org; fo=1

and the same record for jcpsnc.org:
  Host:  _dmarc.jcpsnc.org
  Type:  TXT
  Value: v=DMARC1; p=none; rua=mailto:dmarc-reports@jcpsnc.org; fo=1

After a few weeks of reports, the policy can move to p=quarantine and then p=reject, which is what CISA recommends for government domains. Full step-by-step instructions: [GITHUB LINK]

If it would help, I'm glad to answer questions. I'll be re-checking all 609 domains in about thirty days to see how many have been secured, and I'd be glad to count yours.

Thank you,
Siddharth Santhosh
siddharthsann@gmail.com · 919-454-0875"
Lenoir County Public Schools,district,lcpsnc.org,MONITOR_ONLY,lenoir.k12.nc.us,MONITOR_ONLY,both_bad,cwhite@lenoir.k12.nc.us,Director of Media & Technology,,Lenoir County Public Schools: your email domain can currently be spoofed (free 20-minute fix inside),"Hello,

I'm a high school senior in Cary. As an independent project, I checked the public email-security records of every NC school district and municipality, 609 in total, using standard DNS lookups. Nothing was sent to or accessed on your systems; these records are public by design.

Here is what I found for Lenoir County Public Schools:

Both of your domains are affected. lcpsnc.org has a DMARC record set to p=none, which reports forged mail but does not block it. And your email domain: lenoir.k12.nc.us has a DMARC record set to p=none, which reports forged mail but does not block it.

What that means in practice: an email forged to look like it came from an @lenoir.k12.nc.us or @lcpsnc.org address would not be rejected by the recipient's mail server. This is how business email compromise works, where a fake message from a director or manager asks a clerk to change a vendor's bank details. It is the most expensive category of cybercrime the FBI tracks, and local governments and school districts are frequent targets.

You are not alone: 68% of NC public bodies are in the same position.

The fix is free and takes about twenty minutes. The safe first step (monitoring mode) changes nothing about how your mail works today:

  Host:  _dmarc.lenoir.k12.nc.us
  Type:  TXT
  Value: v=DMARC1; p=none; rua=mailto:dmarc-reports@lenoir.k12.nc.us; fo=1

and the same record for lcpsnc.org:
  Host:  _dmarc.lcpsnc.org
  Type:  TXT
  Value: v=DMARC1; p=none; rua=mailto:dmarc-reports@lcpsnc.org; fo=1

After a few weeks of reports, the policy can move to p=quarantine and then p=reject, which is what CISA recommends for government domains. Full step-by-step instructions: [GITHUB LINK]

If it would help, I'm glad to answer questions. I'll be re-checking all 609 domains in about thirty days to see how many have been secured, and I'd be glad to count yours.

Thank you,
Siddharth Santhosh
siddharthsann@gmail.com · 919-454-0875"
Lincoln County Schools,district,lincoln.k12.nc.us,NO_DMARC,lincoln.k12.nc.us,NO_DMARC,same,steven@lincoln.k12.nc.us,Chief Technology Officer,,Lincoln County Schools: your email domain can currently be spoofed (free 20-minute fix inside),"Hello,

I'm a high school senior in Cary. As an independent project, I checked the public email-security records of every NC school district and municipality, 609 in total, using standard DNS lookups. Nothing was sent to or accessed on your systems; these records are public by design.

Here is what I found for Lincoln County Schools:

lincoln.k12.nc.us has no DMARC record at all.

What that means in practice: an email forged to look like it came from an @lincoln.k12.nc.us address would not be rejected by the recipient's mail server. This is how business email compromise works, where a fake message from a director or manager asks a clerk to change a vendor's bank details. It is the most expensive category of cybercrime the FBI tracks, and local governments and school districts are frequent targets.

You are not alone: 68% of NC public bodies are in the same position.

The fix is free and takes about twenty minutes. The safe first step (monitoring mode) changes nothing about how your mail works today:

  Host:  _dmarc.lincoln.k12.nc.us
  Type:  TXT
  Value: v=DMARC1; p=none; rua=mailto:dmarc-reports@lincoln.k12.nc.us; fo=1

After a few weeks of reports, the policy can move to p=quarantine and then p=reject, which is what CISA recommends for government domains. Full step-by-step instructions: [GITHUB LINK]

If it would help, I'm glad to answer questions. I'll be re-checking all 609 domains in about thirty days to see how many have been secured, and I'd be glad to count yours.

Thank you,
Siddharth Santhosh
siddharthsann@gmail.com · 919-454-0875"
Macon County Schools,district,macon.k12.nc.us,MONITOR_ONLY,macon.k12.nc.us,MONITOR_ONLY,same,tim.burrell@macon.k12.nc.us,Chief Technology Officer,,Macon County Schools: your email domain can currently be spoofed (free 20-minute fix inside),"Hello,

I'm a high school senior in Cary. As an independent project, I checked the public email-security records of every NC school district and municipality, 609 in total, using standard DNS lookups. Nothing was sent to or accessed on your systems; these records are public by design.

Here is what I found for Macon County Schools:

macon.k12.nc.us has a DMARC record set to p=none, which reports forged mail but does not block it.

What that means in practice: an email forged to look like it came from an @macon.k12.nc.us address would not be rejected by the recipient's mail server. This is how business email compromise works, where a fake message from a director or manager asks a clerk to change a vendor's bank details. It is the most expensive category of cybercrime the FBI tracks, and local governments and school districts are frequent targets.

You are not alone: 68% of NC public bodies are in the same position.

The fix is free and takes about twenty minutes. The safe first step (monitoring mode) changes nothing about how your mail works today:

  Host:  _dmarc.macon.k12.nc.us
  Type:  TXT
  Value: v=DMARC1; p=none; rua=mailto:dmarc-reports@macon.k12.nc.us; fo=1

After a few weeks of reports, the policy can move to p=quarantine and then p=reject, which is what CISA recommends for government domains. Full step-by-step instructions: [GITHUB LINK]

If it would help, I'm glad to answer questions. I'll be re-checking all 609 domains in about thirty days to see how many have been secured, and I'd be glad to count yours.

Thank you,
Siddharth Santhosh
siddharthsann@gmail.com · 919-454-0875"
Martin County Schools,district,martin.k12.nc.us,NO_DMARC,martin.k12.nc.us,NO_DMARC,same,abennett@martin.k12.nc.us,Senior Director of Technology,,Martin County Schools: your email domain can currently be spoofed (free 20-minute fix inside),"Hello,

I'm a high school senior in Cary. As an independent project, I checked the public email-security records of every NC school district and municipality, 609 in total, using standard DNS lookups. Nothing was sent to or accessed on your systems; these records are public by design.

Here is what I found for Martin County Schools:

martin.k12.nc.us has no DMARC record at all.

What that means in practice: an email forged to look like it came from an @martin.k12.nc.us address would not be rejected by the recipient's mail server. This is how business email compromise works, where a fake message from a director or manager asks a clerk to change a vendor's bank details. It is the most expensive category of cybercrime the FBI tracks, and local governments and school districts are frequent targets.

You are not alone: 68% of NC public bodies are in the same position.

The fix is free and takes about twenty minutes. The safe first step (monitoring mode) changes nothing about how your mail works today:

  Host:  _dmarc.martin.k12.nc.us
  Type:  TXT
  Value: v=DMARC1; p=none; rua=mailto:dmarc-reports@martin.k12.nc.us; fo=1

After a few weeks of reports, the policy can move to p=quarantine and then p=reject, which is what CISA recommends for government domains. Full step-by-step instructions: [GITHUB LINK]

If it would help, I'm glad to answer questions. I'll be re-checking all 609 domains in about thirty days to see how many have been secured, and I'd be glad to count yours.

Thank you,
Siddharth Santhosh
siddharthsann@gmail.com · 919-454-0875"
Mitchell County Schools,district,mcsnc.org,NO_DMARC,mhslive.net,NO_DMARC,both_bad,scook@mhslive.net,Technology Director,,Mitchell County Schools: your email domain can currently be spoofed (free 20-minute fix inside),"Hello,

I'm a high school senior in Cary. As an independent project, I checked the public email-security records of every NC school district and municipality, 609 in total, using standard DNS lookups. Nothing was sent to or accessed on your systems; these records are public by design.

Here is what I found for Mitchell County Schools:

Both of your domains are affected. mcsnc.org has no DMARC record at all. And your email domain: mhslive.net has no DMARC record at all.

What that means in practice: an email forged to look like it came from an @mhslive.net or @mcsnc.org address would not be rejected by the recipient's mail server. This is how business email compromise works, where a fake message from a director or manager asks a clerk to change a vendor's bank details. It is the most expensive category of cybercrime the FBI tracks, and local governments and school districts are frequent targets.

You are not alone: 68% of NC public bodies are in the same position.

The fix is free and takes about twenty minutes. The safe first step (monitoring mode) changes nothing about how your mail works today:

  Host:  _dmarc.mhslive.net
  Type:  TXT
  Value: v=DMARC1; p=none; rua=mailto:dmarc-reports@mhslive.net; fo=1

and the same record for mcsnc.org:
  Host:  _dmarc.mcsnc.org
  Type:  TXT
  Value: v=DMARC1; p=none; rua=mailto:dmarc-reports@mcsnc.org; fo=1

After a few weeks of reports, the policy can move to p=quarantine and then p=reject, which is what CISA recommends for government domains. Full step-by-step instructions: [GITHUB LINK]

If it would help, I'm glad to answer questions. I'll be re-checking all 609 domains in about thirty days to see how many have been secured, and I'd be glad to count yours.

Thank you,
Siddharth Santhosh
siddharthsann@gmail.com · 919-454-0875"
Montgomery County Schools,district,montgomery.k12.nc.us,MONITOR_ONLY,montgomery.k12.nc.us,MONITOR_ONLY,same,brian.helms@montgomery.k12.nc.us,IT Director,,Montgomery County Schools: your email domain can currently be spoofed (free 20-minute fix inside),"Hello,

I'm a high school senior in Cary. As an independent project, I checked the public email-security records of every NC school district and municipality, 609 in total, using standard DNS lookups. Nothing was sent to or accessed on your systems; these records are public by design.

Here is what I found for Montgomery County Schools:

montgomery.k12.nc.us has a DMARC record set to p=none, which reports forged mail but does not block it.

What that means in practice: an email forged to look like it came from an @montgomery.k12.nc.us address would not be rejected by the recipient's mail server. This is how business email compromise works, where a fake message from a director or manager asks a clerk to change a vendor's bank details. It is the most expensive category of cybercrime the FBI tracks, and local governments and school districts are frequent targets.

You are not alone: 68% of NC public bodies are in the same position.

The fix is free and takes about twenty minutes. The safe first step (monitoring mode) changes nothing about how your mail works today:

  Host:  _dmarc.montgomery.k12.nc.us
  Type:  TXT
  Value: v=DMARC1; p=none; rua=mailto:dmarc-reports@montgomery.k12.nc.us; fo=1

After a few weeks of reports, the policy can move to p=quarantine and then p=reject, which is what CISA recommends for government domains. Full step-by-step instructions: [GITHUB LINK]

If it would help, I'm glad to answer questions. I'll be re-checking all 609 domains in about thirty days to see how many have been secured, and I'd be glad to count yours.

Thank you,
Siddharth Santhosh
siddharthsann@gmail.com · 919-454-0875"
Mount Airy City Schools,district,mtairy.k12.nc.us,MONITOR_ONLY,mtairy.k12.nc.us,MONITOR_ONLY,same,cvenable@mtairy.k12.nc.us,Technology Department,,Mount Airy City Schools: your email domain can currently be spoofed (free 20-minute fix inside),"Hello,

I'm a high school senior in Cary. As an independent project, I checked the public email-security records of every NC school district and municipality, 609 in total, using standard DNS lookups. Nothing was sent to or accessed on your systems; these records are public by design.

Here is what I found for Mount Airy City Schools:

mtairy.k12.nc.us has a DMARC record set to p=none, which reports forged mail but does not block it.

What that means in practice: an email forged to look like it came from an @mtairy.k12.nc.us address would not be rejected by the recipient's mail server. This is how business email compromise works, where a fake message from a director or manager asks a clerk to change a vendor's bank details. It is the most expensive category of cybercrime the FBI tracks, and local governments and school districts are frequent targets.

You are not alone: 68% of NC public bodies are in the same position.

The fix is free and takes about twenty minutes. The safe first step (monitoring mode) changes nothing about how your mail works today:

  Host:  _dmarc.mtairy.k12.nc.us
  Type:  TXT
  Value: v=DMARC1; p=none; rua=mailto:dmarc-reports@mtairy.k12.nc.us; fo=1

After a few weeks of reports, the policy can move to p=quarantine and then p=reject, which is what CISA recommends for government domains. Full step-by-step instructions: [GITHUB LINK]

If it would help, I'm glad to answer questions. I'll be re-checking all 609 domains in about thirty days to see how many have been secured, and I'd be glad to count yours.

Thank you,
Siddharth Santhosh
siddharthsann@gmail.com · 919-454-0875"
Orange County Schools,district,orange.k12.nc.us,MONITOR_ONLY,orange.k12.nc.us,MONITOR_ONLY,same,ocs.superintendent@orange.k12.nc.us,Superintendent's Office,,Orange County Schools: your email domain can currently be spoofed (free 20-minute fix inside),"Hello,

I'm a high school senior in Cary. As an independent project, I checked the public email-security records of every NC school district and municipality, 609 in total, using standard DNS lookups. Nothing was sent to or accessed on your systems; these records are public by design.

Here is what I found for Orange County Schools:

orange.k12.nc.us has a DMARC record set to p=none, which reports forged mail but does not block it.

What that means in practice: an email forged to look like it came from an @orange.k12.nc.us address would not be rejected by the recipient's mail server. This is how business email compromise works, where a fake message from a director or manager asks a clerk to change a vendor's bank details. It is the most expensive category of cybercrime the FBI tracks, and local governments and school districts are frequent targets.

You are not alone: 68% of NC public bodies are in the same position.

The fix is free and takes about twenty minutes. The safe first step (monitoring mode) changes nothing about how your mail works today:

  Host:  _dmarc.orange.k12.nc.us
  Type:  TXT
  Value: v=DMARC1; p=none; rua=mailto:dmarc-reports@orange.k12.nc.us; fo=1

After a few weeks of reports, the policy can move to p=quarantine and then p=reject, which is what CISA recommends for government domains. Full step-by-step instructions: [GITHUB LINK]

If it would help, I'm glad to answer questions. I'll be re-checking all 609 domains in about thirty days to see how many have been secured, and I'd be glad to count yours.

Thank you,
Siddharth Santhosh
siddharthsann@gmail.com · 919-454-0875"
Richmond County Schools,district,richmond.k12.nc.us,MONITOR_ONLY,richmond.k12.nc.us,MONITOR_ONLY,same,KatherineBendell@richmond.k12.nc.us,Technology Department,,Richmond County Schools: your email domain can currently be spoofed (free 20-minute fix inside),"Hello,

I'm a high school senior in Cary. As an independent project, I checked the public email-security records of every NC school district and municipality, 609 in total, using standard DNS lookups. Nothing was sent to or accessed on your systems; these records are public by design.

Here is what I found for Richmond County Schools:

richmond.k12.nc.us has a DMARC record set to p=none, which reports forged mail but does not block it.

What that means in practice: an email forged to look like it came from an @richmond.k12.nc.us address would not be rejected by the recipient's mail server. This is how business email compromise works, where a fake message from a director or manager asks a clerk to change a vendor's bank details. It is the most expensive category of cybercrime the FBI tracks, and local governments and school districts are frequent targets.

You are not alone: 68% of NC public bodies are in the same position.

The fix is free and takes about twenty minutes. The safe first step (monitoring mode) changes nothing about how your mail works today:

  Host:  _dmarc.richmond.k12.nc.us
  Type:  TXT
  Value: v=DMARC1; p=none; rua=mailto:dmarc-reports@richmond.k12.nc.us; fo=1

After a few weeks of reports, the policy can move to p=quarantine and then p=reject, which is what CISA recommends for government domains. Full step-by-step instructions: [GITHUB LINK]

If it would help, I'm glad to answer questions. I'll be re-checking all 609 domains in about thirty days to see how many have been secured, and I'd be glad to count yours.

Thank you,
Siddharth Santhosh
siddharthsann@gmail.com · 919-454-0875"
Swain County Schools,district,swainmail.org,MONITOR_ONLY,swainmail.org,MONITOR_ONLY,same,kcook@swainmail.org,Technology Director,,Swain County Schools: your email domain can currently be spoofed (free 20-minute fix inside),"Hello,

I'm a high school senior in Cary. As an independent project, I checked the public email-security records of every NC school district and municipality, 609 in total, using standard DNS lookups. Nothing was sent to or accessed on your systems; these records are public by design.

Here is what I found for Swain County Schools:

swainmail.org has a DMARC record set to p=none, which reports forged mail but does not block it.

What that means in practice: an email forged to look like it came from an @swainmail.org address would not be rejected by the recipient's mail server. This is how business email compromise works, where a fake message from a director or manager asks a clerk to change a vendor's bank details. It is the most expensive category of cybercrime the FBI tracks, and local governments and school districts are frequent targets.

You are not alone: 68% of NC public bodies are in the same position.

The fix is free and takes about twenty minutes. The safe first step (monitoring mode) changes nothing about how your mail works today:

  Host:  _dmarc.swainmail.org
  Type:  TXT
  Value: v=DMARC1; p=none; rua=mailto:dmarc-reports@swainmail.org; fo=1

After a few weeks of reports, the policy can move to p=quarantine and then p=reject, which is what CISA recommends for government domains. Full step-by-step instructions: [GITHUB LINK]

If it would help, I'm glad to answer questions. I'll be re-checking all 609 domains in about thirty days to see how many have been secured, and I'd be glad to count yours.

Thank you,
Siddharth Santhosh
siddharthsann@gmail.com · 919-454-0875"
Thomasville City Schools,district,tcs.k12.nc.us,MONITOR_ONLY,tcs.k12.nc.us,MONITOR_ONLY,same,buckj@tcs.k12.nc.us,Chief Technology and Information Officer,,Thomasville City Schools: your email domain can currently be spoofed (free 20-minute fix inside),"Hello,

I'm a high school senior in Cary. As an independent project, I checked the public email-security records of every NC school district and municipality, 609 in total, using standard DNS lookups. Nothing was sent to or accessed on your systems; these records are public by design.

Here is what I found for Thomasville City Schools:

tcs.k12.nc.us has a DMARC record set to p=none, which reports forged mail but does not block it.

What that means in practice: an email forged to look like it came from an @tcs.k12.nc.us address would not be rejected by the recipient's mail server. This is how business email compromise works, where a fake message from a director or manager asks a clerk to change a vendor's bank details. It is the most expensive category of cybercrime the FBI tracks, and local governments and school districts are frequent targets.

You are not alone: 68% of NC public bodies are in the same position.

The fix is free and takes about twenty minutes. The safe first step (monitoring mode) changes nothing about how your mail works today:

  Host:  _dmarc.tcs.k12.nc.us
  Type:  TXT
  Value: v=DMARC1; p=none; rua=mailto:dmarc-reports@tcs.k12.nc.us; fo=1

After a few weeks of reports, the policy can move to p=quarantine and then p=reject, which is what CISA recommends for government domains. Full step-by-step instructions: [GITHUB LINK]

If it would help, I'm glad to answer questions. I'll be re-checking all 609 domains in about thirty days to see how many have been secured, and I'd be glad to count yours.

Thank you,
Siddharth Santhosh
siddharthsann@gmail.com · 919-454-0875"
Tyrrell County Schools,district,tyrrell.k12.nc.us,NO_DMARC,tycomail.net,ENFORCED_QUARANTINE,mail_ok,kchristenberry@tycomail.net,Director of Technology,,Tyrrell County Schools: your email domain can currently be spoofed (free 20-minute fix inside),"Hello,

I'm a high school senior in Cary. As an independent project, I checked the public email-security records of every NC school district and municipality, 609 in total, using standard DNS lookups. Nothing was sent to or accessed on your systems; these records are public by design.

Here is what I found for Tyrrell County Schools:

Good news first: your email domain tycomail.net is properly protected (DMARC quarantine). But tyrrell.k12.nc.us has no DMARC record at all.

What that means in practice: someone can still send mail that appears to come from an @tyrrell.k12.nc.us address, which most recipients won't distinguish from your real one. This is how business email compromise works, where a fake message from a director or manager asks a clerk to change a vendor's bank details. It is the most expensive category of cybercrime the FBI tracks, and local governments and school districts are frequent targets.

You are not alone: 68% of NC public bodies are in the same position.

The fix is free and takes about twenty minutes. The safe first step (monitoring mode) changes nothing about how your mail works today:

  Host:  _dmarc.tyrrell.k12.nc.us
  Type:  TXT
  Value: v=DMARC1; p=none; rua=mailto:dmarc-reports@tyrrell.k12.nc.us; fo=1

After a few weeks of reports, the policy can move to p=quarantine and then p=reject, which is what CISA recommends for government domains. Full step-by-step instructions: [GITHUB LINK]

If it would help, I'm glad to answer questions. I'll be re-checking all 609 domains in about thirty days to see how many have been secured, and I'd be glad to count yours.

Thank you,
Siddharth Santhosh
siddharthsann@gmail.com · 919-454-0875"
Wake County Schools,district,wcpss.net,MONITOR_ONLY,wcpss.net,MONITOR_ONLY,same,wcpss-superintendent@wcpss.net,Superintendent's Office (general contact),,Wake County Schools: your email domain can currently be spoofed (free 20-minute fix inside),"Hello,

I'm a high school senior in Cary. As an independent project, I checked the public email-security records of every NC school district and municipality, 609 in total, using standard DNS lookups. Nothing was sent to or accessed on your systems; these records are public by design.

Here is what I found for Wake County Schools:

wcpss.net has a DMARC record set to p=none, which reports forged mail but does not block it.

What that means in practice: an email forged to look like it came from an @wcpss.net address would not be rejected by the recipient's mail server. This is how business email compromise works, where a fake message from a director or manager asks a clerk to change a vendor's bank details. It is the most expensive category of cybercrime the FBI tracks, and local governments and school districts are frequent targets.

You are not alone: 68% of NC public bodies are in the same position.

The fix is free and takes about twenty minutes. The safe first step (monitoring mode) changes nothing about how your mail works today:

  Host:  _dmarc.wcpss.net
  Type:  TXT
  Value: v=DMARC1; p=none; rua=mailto:dmarc-reports@wcpss.net; fo=1

After a few weeks of reports, the policy can move to p=quarantine and then p=reject, which is what CISA recommends for government domains. Full step-by-step instructions: [GITHUB LINK]

If it would help, I'm glad to answer questions. I'll be re-checking all 609 domains in about thirty days to see how many have been secured, and I'd be glad to count yours.

Thank you,
Siddharth Santhosh
siddharthsann@gmail.com · 919-454-0875"
Washington County Schools,district,wcsnc.org,NO_DMARC,wcsnc.org,NO_DMARC,same,qcahoon@wcsnc.org,Technology Department,,Washington County Schools: your email domain can currently be spoofed (free 20-minute fix inside),"Hello,

I'm a high school senior in Cary. As an independent project, I checked the public email-security records of every NC school district and municipality, 609 in total, using standard DNS lookups. Nothing was sent to or accessed on your systems; these records are public by design.

Here is what I found for Washington County Schools:

wcsnc.org has no DMARC record at all.

What that means in practice: an email forged to look like it came from an @wcsnc.org address would not be rejected by the recipient's mail server. This is how business email compromise works, where a fake message from a director or manager asks a clerk to change a vendor's bank details. It is the most expensive category of cybercrime the FBI tracks, and local governments and school districts are frequent targets.

You are not alone: 68% of NC public bodies are in the same position.

The fix is free and takes about twenty minutes. The safe first step (monitoring mode) changes nothing about how your mail works today:

  Host:  _dmarc.wcsnc.org
  Type:  TXT
  Value: v=DMARC1; p=none; rua=mailto:dmarc-reports@wcsnc.org; fo=1

After a few weeks of reports, the policy can move to p=quarantine and then p=reject, which is what CISA recommends for government domains. Full step-by-step instructions: [GITHUB LINK]

If it would help, I'm glad to answer questions. I'll be re-checking all 609 domains in about thirty days to see how many have been secured, and I'd be glad to count yours.

Thank you,
Siddharth Santhosh
siddharthsann@gmail.com · 919-454-0875"
Weldon City Schools,district,weldoncityschools.org,NO_DMARC,weldonk12.org,NO_DMARC,both_bad,guptonl@weldonk12.org,Director of Technology & Infrastructure,,Weldon City Schools: your email domain can currently be spoofed (free 20-minute fix inside),"Hello,

I'm a high school senior in Cary. As an independent project, I checked the public email-security records of every NC school district and municipality, 609 in total, using standard DNS lookups. Nothing was sent to or accessed on your systems; these records are public by design.

Here is what I found for Weldon City Schools:

Both of your domains are affected. weldoncityschools.org has no DMARC record at all. And your email domain: weldonk12.org has no DMARC record at all.

What that means in practice: an email forged to look like it came from an @weldonk12.org or @weldoncityschools.org address would not be rejected by the recipient's mail server. This is how business email compromise works, where a fake message from a director or manager asks a clerk to change a vendor's bank details. It is the most expensive category of cybercrime the FBI tracks, and local governments and school districts are frequent targets.

You are not alone: 68% of NC public bodies are in the same position.

The fix is free and takes about twenty minutes. The safe first step (monitoring mode) changes nothing about how your mail works today:

  Host:  _dmarc.weldonk12.org
  Type:  TXT
  Value: v=DMARC1; p=none; rua=mailto:dmarc-reports@weldonk12.org; fo=1

and the same record for weldoncityschools.org:
  Host:  _dmarc.weldoncityschools.org
  Type:  TXT
  Value: v=DMARC1; p=none; rua=mailto:dmarc-reports@weldoncityschools.org; fo=1

After a few weeks of reports, the policy can move to p=quarantine and then p=reject, which is what CISA recommends for government domains. Full step-by-step instructions: [GITHUB LINK]

If it would help, I'm glad to answer questions. I'll be re-checking all 609 domains in about thirty days to see how many have been secured, and I'd be glad to count yours.

Thank you,
Siddharth Santhosh
siddharthsann@gmail.com · 919-454-0875"
Andrews,municipality,andrewsnc.org,MONITOR_ONLY,andrewsnc.gov,ENFORCED_QUARANTINE,mail_ok,james.reid@andrewsnc.gov,Mayor,,Andrews: your email domain can currently be spoofed (free 20-minute fix inside),"Hello,

I'm a high school senior in Cary. As an independent project, I checked the public email-security records of every NC school district and municipality, 609 in total, using standard DNS lookups. Nothing was sent to or accessed on your systems; these records are public by design.

Here is what I found for Andrews:

Good news first: your email domain andrewsnc.gov is properly protected (DMARC quarantine). But andrewsnc.org has a DMARC record set to p=none, which reports forged mail but does not block it.

What that means in practice: someone can still send mail that appears to come from an @andrewsnc.org address, which most recipients won't distinguish from your real one. This is how business email compromise works, where a fake message from a director or manager asks a clerk to change a vendor's bank details. It is the most expensive category of cybercrime the FBI tracks, and local governments and school districts are frequent targets.

You are not alone: 68% of NC public bodies are in the same position.

The fix is free and takes about twenty minutes. The safe first step (monitoring mode) changes nothing about how your mail works today:

  Host:  _dmarc.andrewsnc.org
  Type:  TXT
  Value: v=DMARC1; p=none; rua=mailto:dmarc-reports@andrewsnc.org; fo=1

After a few weeks of reports, the policy can move to p=quarantine and then p=reject, which is what CISA recommends for government domains. Full step-by-step instructions: [GITHUB LINK]

If it would help, I'm glad to answer questions. I'll be re-checking all 609 domains in about thirty days to see how many have been secured, and I'd be glad to count yours.

Thank you,
Siddharth Santhosh
siddharthsann@gmail.com · 919-454-0875"
Archer Lodge,municipality,archerlodgenc.gov,NO_DMARC,archerlodgenc.gov,NO_DMARC,same,Sarah.Bunn@archerlodgenc.gov,Town Clerk,,Archer Lodge: your email domain can currently be spoofed (free 20-minute fix inside),"Hello,

I'm a high school senior in Cary. As an independent project, I checked the public email-security records of every NC school district and municipality, 609 in total, using standard DNS lookups. Nothing was sent to or accessed on your systems; these records are public by design.

Here is what I found for Archer Lodge:

archerlodgenc.gov has no DMARC record at all.

What that means in practice: an email forged to look like it came from an @archerlodgenc.gov address would not be rejected by the recipient's mail server. This is how business email compromise works, where a fake message from a director or manager asks a clerk to change a vendor's bank details. It is the most expensive category of cybercrime the FBI tracks, and local governments and school districts are frequent targets.

You are not alone: 68% of NC public bodies are in the same position.

The fix is free and takes about twenty minutes. The safe first step (monitoring mode) changes nothing about how your mail works today:

  Host:  _dmarc.archerlodgenc.gov
  Type:  TXT
  Value: v=DMARC1; p=none; rua=mailto:dmarc-reports@archerlodgenc.gov; fo=1

After a few weeks of reports, the policy can move to p=quarantine and then p=reject, which is what CISA recommends for government domains. Full step-by-step instructions: [GITHUB LINK]

If it would help, I'm glad to answer questions. I'll be re-checking all 609 domains in about thirty days to see how many have been secured, and I'd be glad to count yours.

Thank you,
Siddharth Santhosh
siddharthsann@gmail.com · 919-454-0875"
Asheville,municipality,ashevillenc.gov,MONITOR_ONLY,ashevillenc.gov,MONITOR_ONLY,same,help@ashevillenc.gov,IT Services,,Asheville: your email domain can currently be spoofed (free 20-minute fix inside),"Hello,

I'm a high school senior in Cary. As an independent project, I checked the public email-security records of every NC school district and municipality, 609 in total, using standard DNS lookups. Nothing was sent to or accessed on your systems; these records are public by design.

Here is what I found for Asheville:

ashevillenc.gov has a DMARC record set to p=none, which reports forged mail but does not block it.

What that means in practice: an email forged to look like it came from an @ashevillenc.gov address would not be rejected by the recipient's mail server. This is how business email compromise works, where a fake message from a director or manager asks a clerk to change a vendor's bank details. It is the most expensive category of cybercrime the FBI tracks, and local governments and school districts are frequent targets.

You are not alone: 68% of NC public bodies are in the same position.

The fix is free and takes about twenty minutes. The safe first step (monitoring mode) changes nothing about how your mail works today:

  Host:  _dmarc.ashevillenc.gov
  Type:  TXT
  Value: v=DMARC1; p=none; rua=mailto:dmarc-reports@ashevillenc.gov; fo=1

After a few weeks of reports, the policy can move to p=quarantine and then p=reject, which is what CISA recommends for government domains. Full step-by-step instructions: [GITHUB LINK]

If it would help, I'm glad to answer questions. I'll be re-checking all 609 domains in about thirty days to see how many have been secured, and I'd be glad to count yours.

Thank you,
Siddharth Santhosh
siddharthsann@gmail.com · 919-454-0875"
Atkinson,municipality,atkinsonnc.org,NO_DMARC,yahoo.com,n/a (consumer provider),consumer,AtkinsonTownClerk@yahoo.com,Town Clerk,,Atkinson: your email domain can currently be spoofed (free 20-minute fix inside),"Hello,

I'm a high school senior in Cary. As an independent project, I checked the public email-security records of every NC school district and municipality, 609 in total, using standard DNS lookups. Nothing was sent to or accessed on your systems; these records are public by design.

Here is what I found for Atkinson:

atkinsonnc.org has no DMARC record at all. (Your staff mail runs on yahoo.com, which is fine; this is about the town's own domain.)

What that means in practice: anyone can send an email that appears to come from an @atkinsonnc.org address, and nothing tells the recipient it's fake. Attackers use unused domains exactly this way. This is how business email compromise works, where a fake message from a director or manager asks a clerk to change a vendor's bank details. It is the most expensive category of cybercrime the FBI tracks, and local governments and school districts are frequent targets.

You are not alone: 68% of NC public bodies are in the same position.

The fix is free and takes about twenty minutes. The safe first step (monitoring mode) changes nothing about how your mail works today:

  Host:  _dmarc.atkinsonnc.org
  Type:  TXT
  Value: v=DMARC1; p=none; rua=mailto:dmarc-reports@atkinsonnc.org; fo=1

After a few weeks of reports, the policy can move to p=quarantine and then p=reject, which is what CISA recommends for government domains. Full step-by-step instructions: [GITHUB LINK]

If it would help, I'm glad to answer questions. I'll be re-checking all 609 domains in about thirty days to see how many have been secured, and I'd be glad to count yours.

Thank you,
Siddharth Santhosh
siddharthsann@gmail.com · 919-454-0875"
Aurora,municipality,auroranc.gov,MONITOR_ONLY,auroranc.org,NO_DMARC,both_bad,townofaurora@auroranc.org,General contact,,Aurora: your email domain can currently be spoofed (free 20-minute fix inside),"Hello,

I'm a high school senior in Cary. As an independent project, I checked the public email-security records of every NC school district and municipality, 609 in total, using standard DNS lookups. Nothing was sent to or accessed on your systems; these records are public by design.

Here is what I found for Aurora:

Both of your domains are affected. auroranc.gov has a DMARC record set to p=none, which reports forged mail but does not block it. And your email domain: auroranc.org has no DMARC record at all.

What that means in practice: an email forged to look like it came from an @auroranc.org or @auroranc.gov address would not be rejected by the recipient's mail server. This is how business email compromise works, where a fake message from a director or manager asks a clerk to change a vendor's bank details. It is the most expensive category of cybercrime the FBI tracks, and local governments and school districts are frequent targets.

You are not alone: 68% of NC public bodies are in the same position.

The fix is free and takes about twenty minutes. The safe first step (monitoring mode) changes nothing about how your mail works today:

  Host:  _dmarc.auroranc.org
  Type:  TXT
  Value: v=DMARC1; p=none; rua=mailto:dmarc-reports@auroranc.org; fo=1

and the same record for auroranc.gov:
  Host:  _dmarc.auroranc.gov
  Type:  TXT
  Value: v=DMARC1; p=none; rua=mailto:dmarc-reports@auroranc.gov; fo=1

After a few weeks of reports, the policy can move to p=quarantine and then p=reject, which is what CISA recommends for government domains. Full step-by-step instructions: [GITHUB LINK]

If it would help, I'm glad to answer questions. I'll be re-checking all 609 domains in about thirty days to see how many have been secured, and I'd be glad to count yours.

Thank you,
Siddharth Santhosh
siddharthsann@gmail.com · 919-454-0875"
Autryville,municipality,townofautryville.com,NO_DMARC,townofautryville.com,NO_DMARC,same,clerk@townofautryville.com,Town Clerk,,Autryville: your email domain can currently be spoofed (free 20-minute fix inside),"Hello,

I'm a high school senior in Cary. As an independent project, I checked the public email-security records of every NC school district and municipality, 609 in total, using standard DNS lookups. Nothing was sent to or accessed on your systems; these records are public by design.

Here is what I found for Autryville:

townofautryville.com has no DMARC record at all.

What that means in practice: an email forged to look like it came from an @townofautryville.com address would not be rejected by the recipient's mail server. This is how business email compromise works, where a fake message from a director or manager asks a clerk to change a vendor's bank details. It is the most expensive category of cybercrime the FBI tracks, and local governments and school districts are frequent targets.

You are not alone: 68% of NC public bodies are in the same position.

The fix is free and takes about twenty minutes. The safe first step (monitoring mode) changes nothing about how your mail works today:

  Host:  _dmarc.townofautryville.com
  Type:  TXT
  Value: v=DMARC1; p=none; rua=mailto:dmarc-reports@townofautryville.com; fo=1

After a few weeks of reports, the policy can move to p=quarantine and then p=reject, which is what CISA recommends for government domains. Full step-by-step instructions: [GITHUB LINK]

If it would help, I'm glad to answer questions. I'll be re-checking all 609 domains in about thirty days to see how many have been secured, and I'd be glad to count yours.

Thank you,
Siddharth Santhosh
siddharthsann@gmail.com · 919-454-0875"
Bailey,municipality,townofbaileync.org,NO_DMARC,townofbaileync.org,NO_DMARC,same,administrator@townofbaileync.org,Town Administrator / Town Clerk,,Bailey: your email domain can currently be spoofed (free 20-minute fix inside),"Hello,

I'm a high school senior in Cary. As an independent project, I checked the public email-security records of every NC school district and municipality, 609 in total, using standard DNS lookups. Nothing was sent to or accessed on your systems; these records are public by design.

Here is what I found for Bailey:

townofbaileync.org has no DMARC record at all.

What that means in practice: an email forged to look like it came from an @townofbaileync.org address would not be rejected by the recipient's mail server. This is how business email compromise works, where a fake message from a director or manager asks a clerk to change a vendor's bank details. It is the most expensive category of cybercrime the FBI tracks, and local governments and school districts are frequent targets.

You are not alone: 68% of NC public bodies are in the same position.

The fix is free and takes about twenty minutes. The safe first step (monitoring mode) changes nothing about how your mail works today:

  Host:  _dmarc.townofbaileync.org
  Type:  TXT
  Value: v=DMARC1; p=none; rua=mailto:dmarc-reports@townofbaileync.org; fo=1

After a few weeks of reports, the policy can move to p=quarantine and then p=reject, which is what CISA recommends for government domains. Full step-by-step instructions: [GITHUB LINK]

If it would help, I'm glad to answer questions. I'll be re-checking all 609 domains in about thirty days to see how many have been secured, and I'd be glad to count yours.

Thank you,
Siddharth Santhosh
siddharthsann@gmail.com · 919-454-0875"
Bakersville,municipality,bakersvillenc.com,MONITOR_ONLY,bakersvillenc.com,MONITOR_ONLY,same,info@bakersvillenc.com,General contact,,Bakersville: your email domain can currently be spoofed (free 20-minute fix inside),"Hello,

I'm a high school senior in Cary. As an independent project, I checked the public email-security records of every NC school district and municipality, 609 in total, using standard DNS lookups. Nothing was sent to or accessed on your systems; these records are public by design.

Here is what I found for Bakersville:

bakersvillenc.com has a DMARC record set to p=none, which reports forged mail but does not block it.

What that means in practice: an email forged to look like it came from an @bakersvillenc.com address would not be rejected by the recipient's mail server. This is how business email compromise works, where a fake message from a director or manager asks a clerk to change a vendor's bank details. It is the most expensive category of cybercrime the FBI tracks, and local governments and school districts are frequent targets.

You are not alone: 68% of NC public bodies are in the same position.

The fix is free and takes about twenty minutes. The safe first step (monitoring mode) changes nothing about how your mail works today:

  Host:  _dmarc.bakersvillenc.com
  Type:  TXT
  Value: v=DMARC1; p=none; rua=mailto:dmarc-reports@bakersvillenc.com; fo=1

After a few weeks of reports, the policy can move to p=quarantine and then p=reject, which is what CISA recommends for government domains. Full step-by-step instructions: [GITHUB LINK]

If it would help, I'm glad to answer questions. I'll be re-checking all 609 domains in about thirty days to see how many have been secured, and I'd be glad to count yours.

Thank you,
Siddharth Santhosh
siddharthsann@gmail.com · 919-454-0875"
Bald Head Island,municipality,villagebhi.org,NO_DMARC,villagebhi.org,NO_DMARC,same,VillageITService@villagebhi.org,IT Department,,Bald Head Island: your email domain can currently be spoofed (free 20-minute fix inside),"Hello,

I'm a high school senior in Cary. As an independent project, I checked the public email-security records of every NC school district and municipality, 609 in total, using standard DNS lookups. Nothing was sent to or accessed on your systems; these records are public by design.

Here is what I found for Bald Head Island:

villagebhi.org has no DMARC record at all.

What that means in practice: an email forged to look like it came from an @villagebhi.org address would not be rejected by the recipient's mail server. This is how business email compromise works, where a fake message from a director or manager asks a clerk to change a vendor's bank details. It is the most expensive category of cybercrime the FBI tracks, and local governments and school districts are frequent targets.

You are not alone: 68% of NC public bodies are in the same position.

The fix is free and takes about twenty minutes. The safe first step (monitoring mode) changes nothing about how your mail works today:

  Host:  _dmarc.villagebhi.org
  Type:  TXT
  Value: v=DMARC1; p=none; rua=mailto:dmarc-reports@villagebhi.org; fo=1

After a few weeks of reports, the policy can move to p=quarantine and then p=reject, which is what CISA recommends for government domains. Full step-by-step instructions: [GITHUB LINK]

If it would help, I'm glad to answer questions. I'll be re-checking all 609 domains in about thirty days to see how many have been secured, and I'd be glad to count yours.

Thank you,
Siddharth Santhosh
siddharthsann@gmail.com · 919-454-0875"
Bath,municipality,townofbathnc.com,NO_DMARC,gmail.com,n/a (consumer provider),consumer,townofbathnc@gmail.com,General contact,,Bath: your email domain can currently be spoofed (free 20-minute fix inside),"Hello,

I'm a high school senior in Cary. As an independent project, I checked the public email-security records of every NC school district and municipality, 609 in total, using standard DNS lookups. Nothing was sent to or accessed on your systems; these records are public by design.

Here is what I found for Bath:

townofbathnc.com has no DMARC record at all. (Your staff mail runs on gmail.com, which is fine; this is about the town's own domain.)

What that means in practice: anyone can send an email that appears to come from an @townofbathnc.com address, and nothing tells the recipient it's fake. Attackers use unused domains exactly this way. This is how business email compromise works, where a fake message from a director or manager asks a clerk to change a vendor's bank details. It is the most expensive category of cybercrime the FBI tracks, and local governments and school districts are frequent targets.

You are not alone: 68% of NC public bodies are in the same position.

The fix is free and takes about twenty minutes. The safe first step (monitoring mode) changes nothing about how your mail works today:

  Host:  _dmarc.townofbathnc.com
  Type:  TXT
  Value: v=DMARC1; p=none; rua=mailto:dmarc-reports@townofbathnc.com; fo=1

After a few weeks of reports, the policy can move to p=quarantine and then p=reject, which is what CISA recommends for government domains. Full step-by-step instructions: [GITHUB LINK]

If it would help, I'm glad to answer questions. I'll be re-checking all 609 domains in about thirty days to see how many have been secured, and I'd be glad to count yours.

Thank you,
Siddharth Santhosh
siddharthsann@gmail.com · 919-454-0875"
Bayboro,municipality,bayboronc.gov,MONITOR_ONLY,bayboronc.gov,MONITOR_ONLY,same,townhall@bayboronc.gov,General contact,,Bayboro: your email domain can currently be spoofed (free 20-minute fix inside),"Hello,

I'm a high school senior in Cary. As an independent project, I checked the public email-security records of every NC school district and municipality, 609 in total, using standard DNS lookups. Nothing was sent to or accessed on your systems; these records are public by design.

Here is what I found for Bayboro:

bayboronc.gov has a DMARC record set to p=none, which reports forged mail but does not block it.

What that means in practice: an email forged to look like it came from an @bayboronc.gov address would not be rejected by the recipient's mail server. This is how business email compromise works, where a fake message from a director or manager asks a clerk to change a vendor's bank details. It is the most expensive category of cybercrime the FBI tracks, and local governments and school districts are frequent targets.

You are not alone: 68% of NC public bodies are in the same position.

The fix is free and takes about twenty minutes. The safe first step (monitoring mode) changes nothing about how your mail works today:

  Host:  _dmarc.bayboronc.gov
  Type:  TXT
  Value: v=DMARC1; p=none; rua=mailto:dmarc-reports@bayboronc.gov; fo=1

After a few weeks of reports, the policy can move to p=quarantine and then p=reject, which is what CISA recommends for government domains. Full step-by-step instructions: [GITHUB LINK]

If it would help, I'm glad to answer questions. I'll be re-checking all 609 domains in about thirty days to see how many have been secured, and I'd be glad to count yours.

Thank you,
Siddharth Santhosh
siddharthsann@gmail.com · 919-454-0875"
Belmont,municipality,cityofbelmont.org,MONITOR_ONLY,cityofbelmont.org,MONITOR_ONLY,same,customerservice@cityofbelmont.org,Administration (general contact),,Belmont: your email domain can currently be spoofed (free 20-minute fix inside),"Hello,

I'm a high school senior in Cary. As an independent project, I checked the public email-security records of every NC school district and municipality, 609 in total, using standard DNS lookups. Nothing was sent to or accessed on your systems; these records are public by design.

Here is what I found for Belmont:

cityofbelmont.org has a DMARC record set to p=none, which reports forged mail but does not block it.

What that means in practice: an email forged to look like it came from an @cityofbelmont.org address would not be rejected by the recipient's mail server. This is how business email compromise works, where a fake message from a director or manager asks a clerk to change a vendor's bank details. It is the most expensive category of cybercrime the FBI tracks, and local governments and school districts are frequent targets.

You are not alone: 68% of NC public bodies are in the same position.

The fix is free and takes about twenty minutes. The safe first step (monitoring mode) changes nothing about how your mail works today:

  Host:  _dmarc.cityofbelmont.org
  Type:  TXT
  Value: v=DMARC1; p=none; rua=mailto:dmarc-reports@cityofbelmont.org; fo=1

After a few weeks of reports, the policy can move to p=quarantine and then p=reject, which is what CISA recommends for government domains. Full step-by-step instructions: [GITHUB LINK]

If it would help, I'm glad to answer questions. I'll be re-checking all 609 domains in about thirty days to see how many have been secured, and I'd be glad to count yours.

Thank you,
Siddharth Santhosh
siddharthsann@gmail.com · 919-454-0875"
Belville,municipality,townofbelville.com,NO_DMARC,townofbelville.com,NO_DMARC,same,sniemann@townofbelville.com,Town Clerk,,Belville: your email domain can currently be spoofed (free 20-minute fix inside),"Hello,

I'm a high school senior in Cary. As an independent project, I checked the public email-security records of every NC school district and municipality, 609 in total, using standard DNS lookups. Nothing was sent to or accessed on your systems; these records are public by design.

Here is what I found for Belville:

townofbelville.com has no DMARC record at all.

What that means in practice: an email forged to look like it came from an @townofbelville.com address would not be rejected by the recipient's mail server. This is how business email compromise works, where a fake message from a director or manager asks a clerk to change a vendor's bank details. It is the most expensive category of cybercrime the FBI tracks, and local governments and school districts are frequent targets.

You are not alone: 68% of NC public bodies are in the same position.

The fix is free and takes about twenty minutes. The safe first step (monitoring mode) changes nothing about how your mail works today:

  Host:  _dmarc.townofbelville.com
  Type:  TXT
  Value: v=DMARC1; p=none; rua=mailto:dmarc-reports@townofbelville.com; fo=1

After a few weeks of reports, the policy can move to p=quarantine and then p=reject, which is what CISA recommends for government domains. Full step-by-step instructions: [GITHUB LINK]

If it would help, I'm glad to answer questions. I'll be re-checking all 609 domains in about thirty days to see how many have been secured, and I'd be glad to count yours.

Thank you,
Siddharth Santhosh
siddharthsann@gmail.com · 919-454-0875"
Benson,municipality,townofbenson.com,MONITOR_ONLY,townofbenson.com,MONITOR_ONLY,same,athornton@townofbenson.com,Town Clerk,,Benson: your email domain can currently be spoofed (free 20-minute fix inside),"Hello,

I'm a high school senior in Cary. As an independent project, I checked the public email-security records of every NC school district and municipality, 609 in total, using standard DNS lookups. Nothing was sent to or accessed on your systems; these records are public by design.

Here is what I found for Benson:

townofbenson.com has a DMARC record set to p=none, which reports forged mail but does not block it.

What that means in practice: an email forged to look like it came from an @townofbenson.com address would not be rejected by the recipient's mail server. This is how business email compromise works, where a fake message from a director or manager asks a clerk to change a vendor's bank details. It is the most expensive category of cybercrime the FBI tracks, and local governments and school districts are frequent targets.

You are not alone: 68% of NC public bodies are in the same position.

The fix is free and takes about twenty minutes. The safe first step (monitoring mode) changes nothing about how your mail works today:

  Host:  _dmarc.townofbenson.com
  Type:  TXT
  Value: v=DMARC1; p=none; rua=mailto:dmarc-reports@townofbenson.com; fo=1

After a few weeks of reports, the policy can move to p=quarantine and then p=reject, which is what CISA recommends for government domains. Full step-by-step instructions: [GITHUB LINK]

If it would help, I'm glad to answer questions. I'll be re-checking all 609 domains in about thirty days to see how many have been secured, and I'd be glad to count yours.

Thank you,
Siddharth Santhosh
siddharthsann@gmail.com · 919-454-0875"
Bethania,municipality,townofbethania.org,NO_DMARC,townofbethania.org,NO_DMARC,same,office@townofbethania.org,Town Clerk,,Bethania: your email domain can currently be spoofed (free 20-minute fix inside),"Hello,

I'm a high school senior in Cary. As an independent project, I checked the public email-security records of every NC school district and municipality, 609 in total, using standard DNS lookups. Nothing was sent to or accessed on your systems; these records are public by design.

Here is what I found for Bethania:

townofbethania.org has no DMARC record at all.

What that means in practice: an email forged to look like it came from an @townofbethania.org address would not be rejected by the recipient's mail server. This is how business email compromise works, where a fake message from a director or manager asks a clerk to change a vendor's bank details. It is the most expensive category of cybercrime the FBI tracks, and local governments and school districts are frequent targets.

You are not alone: 68% of NC public bodies are in the same position.

The fix is free and takes about twenty minutes. The safe first step (monitoring mode) changes nothing about how your mail works today:

  Host:  _dmarc.townofbethania.org
  Type:  TXT
  Value: v=DMARC1; p=none; rua=mailto:dmarc-reports@townofbethania.org; fo=1

After a few weeks of reports, the policy can move to p=quarantine and then p=reject, which is what CISA recommends for government domains. Full step-by-step instructions: [GITHUB LINK]

If it would help, I'm glad to answer questions. I'll be re-checking all 609 domains in about thirty days to see how many have been secured, and I'd be glad to count yours.

Thank you,
Siddharth Santhosh
siddharthsann@gmail.com · 919-454-0875"
Bethel,municipality,bethelnc.org,NO_DMARC,townofbethelnc.com,ENFORCED_QUARANTINE,mail_ok,clerk@townofbethelnc.com,Town Clerk,,Bethel: your email domain can currently be spoofed (free 20-minute fix inside),"Hello,

I'm a high school senior in Cary. As an independent project, I checked the public email-security records of every NC school district and municipality, 609 in total, using standard DNS lookups. Nothing was sent to or accessed on your systems; these records are public by design.

Here is what I found for Bethel:

Good news first: your email domain townofbethelnc.com is properly protected (DMARC quarantine). But bethelnc.org has no DMARC record at all.

What that means in practice: someone can still send mail that appears to come from an @bethelnc.org address, which most recipients won't distinguish from your real one. This is how business email compromise works, where a fake message from a director or manager asks a clerk to change a vendor's bank details. It is the most expensive category of cybercrime the FBI tracks, and local governments and school districts are frequent targets.

You are not alone: 68% of NC public bodies are in the same position.

The fix is free and takes about twenty minutes. The safe first step (monitoring mode) changes nothing about how your mail works today:

  Host:  _dmarc.bethelnc.org
  Type:  TXT
  Value: v=DMARC1; p=none; rua=mailto:dmarc-reports@bethelnc.org; fo=1

After a few weeks of reports, the policy can move to p=quarantine and then p=reject, which is what CISA recommends for government domains. Full step-by-step instructions: [GITHUB LINK]

If it would help, I'm glad to answer questions. I'll be re-checking all 609 domains in about thirty days to see how many have been secured, and I'd be glad to count yours.

Thank you,
Siddharth Santhosh
siddharthsann@gmail.com · 919-454-0875"
Bladenboro,municipality,bladenboronc.org,NO_DMARC,bladenboronc.org,NO_DMARC,same,pbowen@bladenboronc.org,Town Clerk,,Bladenboro: your email domain can currently be spoofed (free 20-minute fix inside),"Hello,

I'm a high school senior in Cary. As an independent project, I checked the public email-security records of every NC school district and municipality, 609 in total, using standard DNS lookups. Nothing was sent to or accessed on your systems; these records are public by design.

Here is what I found for Bladenboro:

bladenboronc.org has no DMARC record at all.

What that means in practice: an email forged to look like it came from an @bladenboronc.org address would not be rejected by the recipient's mail server. This is how business email compromise works, where a fake message from a director or manager asks a clerk to change a vendor's bank details. It is the most expensive category of cybercrime the FBI tracks, and local governments and school districts are frequent targets.

You are not alone: 68% of NC public bodies are in the same position.

The fix is free and takes about twenty minutes. The safe first step (monitoring mode) changes nothing about how your mail works today:

  Host:  _dmarc.bladenboronc.org
  Type:  TXT
  Value: v=DMARC1; p=none; rua=mailto:dmarc-reports@bladenboronc.org; fo=1

After a few weeks of reports, the policy can move to p=quarantine and then p=reject, which is what CISA recommends for government domains. Full step-by-step instructions: [GITHUB LINK]

If it would help, I'm glad to answer questions. I'll be re-checking all 609 domains in about thirty days to see how many have been secured, and I'd be glad to count yours.

Thank you,
Siddharth Santhosh
siddharthsann@gmail.com · 919-454-0875"
Bogue,municipality,bogue-nc.org,NO_DMARC,outlook.com,n/a (consumer provider),consumer,boguetown@outlook.com,Town Clerk,,Bogue: your email domain can currently be spoofed (free 20-minute fix inside),"Hello,

I'm a high school senior in Cary. As an independent project, I checked the public email-security records of every NC school district and municipality, 609 in total, using standard DNS lookups. Nothing was sent to or accessed on your systems; these records are public by design.

Here is what I found for Bogue:

bogue-nc.org has no DMARC record at all. (Your staff mail runs on outlook.com, which is fine; this is about the town's own domain.)

What that means in practice: anyone can send an email that appears to come from an @bogue-nc.org address, and nothing tells the recipient it's fake. Attackers use unused domains exactly this way. This is how business email compromise works, where a fake message from a director or manager asks a clerk to change a vendor's bank details. It is the most expensive category of cybercrime the FBI tracks, and local governments and school districts are frequent targets.

You are not alone: 68% of NC public bodies are in the same position.

The fix is free and takes about twenty minutes. The safe first step (monitoring mode) changes nothing about how your mail works today:

  Host:  _dmarc.bogue-nc.org
  Type:  TXT
  Value: v=DMARC1; p=none; rua=mailto:dmarc-reports@bogue-nc.org; fo=1

After a few weeks of reports, the policy can move to p=quarantine and then p=reject, which is what CISA recommends for government domains. Full step-by-step instructions: [GITHUB LINK]

If it would help, I'm glad to answer questions. I'll be re-checking all 609 domains in about thirty days to see how many have been secured, and I'd be glad to count yours.

Thank you,
Siddharth Santhosh
siddharthsann@gmail.com · 919-454-0875"
Boiling Springs,municipality,boilingspringsnc.gov,MONITOR_ONLY,boilingspringsnc.gov,MONITOR_ONLY,same,tracy.holland@boilingspringsnc.gov,Town Clerk,,Boiling Springs: your email domain can currently be spoofed (free 20-minute fix inside),"Hello,

I'm a high school senior in Cary. As an independent project, I checked the public email-security records of every NC school district and municipality, 609 in total, using standard DNS lookups. Nothing was sent to or accessed on your systems; these records are public by design.

Here is what I found for Boiling Springs:

boilingspringsnc.gov has a DMARC record set to p=none, which reports forged mail but does not block it.

What that means in practice: an email forged to look like it came from an @boilingspringsnc.gov address would not be rejected by the recipient's mail server. This is how business email compromise works, where a fake message from a director or manager asks a clerk to change a vendor's bank details. It is the most expensive category of cybercrime the FBI tracks, and local governments and school districts are frequent targets.

You are not alone: 68% of NC public bodies are in the same position.

The fix is free and takes about twenty minutes. The safe first step (monitoring mode) changes nothing about how your mail works today:

  Host:  _dmarc.boilingspringsnc.gov
  Type:  TXT
  Value: v=DMARC1; p=none; rua=mailto:dmarc-reports@boilingspringsnc.gov; fo=1

After a few weeks of reports, the policy can move to p=quarantine and then p=reject, which is what CISA recommends for government domains. Full step-by-step instructions: [GITHUB LINK]

If it would help, I'm glad to answer questions. I'll be re-checking all 609 domains in about thirty days to see how many have been secured, and I'd be glad to count yours.

Thank you,
Siddharth Santhosh
siddharthsann@gmail.com · 919-454-0875"
Bolivia,municipality,townofbolivia.org,NO_DMARC,atmc.net,n/a (consumer provider),consumer,townhall.bolivia@atmc.net,General contact,,Bolivia: your email domain can currently be spoofed (free 20-minute fix inside),"Hello,

I'm a high school senior in Cary. As an independent project, I checked the public email-security records of every NC school district and municipality, 609 in total, using standard DNS lookups. Nothing was sent to or accessed on your systems; these records are public by design.

Here is what I found for Bolivia:

townofbolivia.org has no DMARC record at all. (Your staff mail runs on atmc.net, which is fine; this is about the town's own domain.)

What that means in practice: anyone can send an email that appears to come from an @townofbolivia.org address, and nothing tells the recipient it's fake. Attackers use unused domains exactly this way. This is how business email compromise works, where a fake message from a director or manager asks a clerk to change a vendor's bank details. It is the most expensive category of cybercrime the FBI tracks, and local governments and school districts are frequent targets.

You are not alone: 68% of NC public bodies are in the same position.

The fix is free and takes about twenty minutes. The safe first step (monitoring mode) changes nothing about how your mail works today:

  Host:  _dmarc.townofbolivia.org
  Type:  TXT
  Value: v=DMARC1; p=none; rua=mailto:dmarc-reports@townofbolivia.org; fo=1

After a few weeks of reports, the policy can move to p=quarantine and then p=reject, which is what CISA recommends for government domains. Full step-by-step instructions: [GITHUB LINK]

If it would help, I'm glad to answer questions. I'll be re-checking all 609 domains in about thirty days to see how many have been secured, and I'd be glad to count yours.

Thank you,
Siddharth Santhosh
siddharthsann@gmail.com · 919-454-0875"
Bolton,municipality,townofboltonnc.com,NO_DMARC,gmail.com,n/a (consumer provider),consumer,aa.youngdaniels@gmail.com,Town Clerk,,Bolton: your email domain can currently be spoofed (free 20-minute fix inside),"Hello,

I'm a high school senior in Cary. As an independent project, I checked the public email-security records of every NC school district and municipality, 609 in total, using standard DNS lookups. Nothing was sent to or accessed on your systems; these records are public by design.

Here is what I found for Bolton:

townofboltonnc.com has no DMARC record at all. (Your staff mail runs on gmail.com, which is fine; this is about the town's own domain.)

What that means in practice: anyone can send an email that appears to come from an @townofboltonnc.com address, and nothing tells the recipient it's fake. Attackers use unused domains exactly this way. This is how business email compromise works, where a fake message from a director or manager asks a clerk to change a vendor's bank details. It is the most expensive category of cybercrime the FBI tracks, and local governments and school districts are frequent targets.

You are not alone: 68% of NC public bodies are in the same position.

The fix is free and takes about twenty minutes. The safe first step (monitoring mode) changes nothing about how your mail works today:

  Host:  _dmarc.townofboltonnc.com
  Type:  TXT
  Value: v=DMARC1; p=none; rua=mailto:dmarc-reports@townofboltonnc.com; fo=1

After a few weeks of reports, the policy can move to p=quarantine and then p=reject, which is what CISA recommends for government domains. Full step-by-step instructions: [GITHUB LINK]

If it would help, I'm glad to answer questions. I'll be re-checking all 609 domains in about thirty days to see how many have been secured, and I'd be glad to count yours.

Thank you,
Siddharth Santhosh
siddharthsann@gmail.com · 919-454-0875"
Boonville,municipality,boonvillenc.com,MONITOR_ONLY,boonvillenc.com,MONITOR_ONLY,same,kim.wells@boonvillenc.com,Town Clerk,,Boonville: your email domain can currently be spoofed (free 20-minute fix inside),"Hello,

I'm a high school senior in Cary. As an independent project, I checked the public email-security records of every NC school district and municipality, 609 in total, using standard DNS lookups. Nothing was sent to or accessed on your systems; these records are public by design.

Here is what I found for Boonville:

boonvillenc.com has a DMARC record set to p=none, which reports forged mail but does not block it.

What that means in practice: an email forged to look like it came from an @boonvillenc.com address would not be rejected by the recipient's mail server. This is how business email compromise works, where a fake message from a director or manager asks a clerk to change a vendor's bank details. It is the most expensive category of cybercrime the FBI tracks, and local governments and school districts are frequent targets.

You are not alone: 68% of NC public bodies are in the same position.

The fix is free and takes about twenty minutes. The safe first step (monitoring mode) changes nothing about how your mail works today:

  Host:  _dmarc.boonvillenc.com
  Type:  TXT
  Value: v=DMARC1; p=none; rua=mailto:dmarc-reports@boonvillenc.com; fo=1

After a few weeks of reports, the policy can move to p=quarantine and then p=reject, which is what CISA recommends for government domains. Full step-by-step instructions: [GITHUB LINK]

If it would help, I'm glad to answer questions. I'll be re-checking all 609 domains in about thirty days to see how many have been secured, and I'd be glad to count yours.

Thank you,
Siddharth Santhosh
siddharthsann@gmail.com · 919-454-0875"
Bridgeton,municipality,townofbridgetonnc.gov,NO_DMARC,townofbridgeton.org,ENFORCED_QUARANTINE,mail_ok,clerk@townofbridgeton.org,Town Clerk,,Bridgeton: your email domain can currently be spoofed (free 20-minute fix inside),"Hello,

I'm a high school senior in Cary. As an independent project, I checked the public email-security records of every NC school district and municipality, 609 in total, using standard DNS lookups. Nothing was sent to or accessed on your systems; these records are public by design.

Here is what I found for Bridgeton:

Good news first: your email domain townofbridgeton.org is properly protected (DMARC quarantine). But townofbridgetonnc.gov has no DMARC record at all.

What that means in practice: someone can still send mail that appears to come from an @townofbridgetonnc.gov address, which most recipients won't distinguish from your real one. This is how business email compromise works, where a fake message from a director or manager asks a clerk to change a vendor's bank details. It is the most expensive category of cybercrime the FBI tracks, and local governments and school districts are frequent targets.

You are not alone: 68% of NC public bodies are in the same position.

The fix is free and takes about twenty minutes. The safe first step (monitoring mode) changes nothing about how your mail works today:

  Host:  _dmarc.townofbridgetonnc.gov
  Type:  TXT
  Value: v=DMARC1; p=none; rua=mailto:dmarc-reports@townofbridgetonnc.gov; fo=1

After a few weeks of reports, the policy can move to p=quarantine and then p=reject, which is what CISA recommends for government domains. Full step-by-step instructions: [GITHUB LINK]

If it would help, I'm glad to answer questions. I'll be re-checking all 609 domains in about thirty days to see how many have been secured, and I'd be glad to count yours.

Thank you,
Siddharth Santhosh
siddharthsann@gmail.com · 919-454-0875"
Bunn,municipality,townofbunn.org,NO_DMARC,townofbunn.org,NO_DMARC,same,townofbunn@townofbunn.org,General contact,,Bunn: your email domain can currently be spoofed (free 20-minute fix inside),"Hello,

I'm a high school senior in Cary. As an independent project, I checked the public email-security records of every NC school district and municipality, 609 in total, using standard DNS lookups. Nothing was sent to or accessed on your systems; these records are public by design.

Here is what I found for Bunn:

townofbunn.org has no DMARC record at all.

What that means in practice: an email forged to look like it came from an @townofbunn.org address would not be rejected by the recipient's mail server. This is how business email compromise works, where a fake message from a director or manager asks a clerk to change a vendor's bank details. It is the most expensive category of cybercrime the FBI tracks, and local governments and school districts are frequent targets.

You are not alone: 68% of NC public bodies are in the same position.

The fix is free and takes about twenty minutes. The safe first step (monitoring mode) changes nothing about how your mail works today:

  Host:  _dmarc.townofbunn.org
  Type:  TXT
  Value: v=DMARC1; p=none; rua=mailto:dmarc-reports@townofbunn.org; fo=1

After a few weeks of reports, the policy can move to p=quarantine and then p=reject, which is what CISA recommends for government domains. Full step-by-step instructions: [GITHUB LINK]

If it would help, I'm glad to answer questions. I'll be re-checking all 609 domains in about thirty days to see how many have been secured, and I'd be glad to count yours.

Thank you,
Siddharth Santhosh
siddharthsann@gmail.com · 919-454-0875"
Burgaw,municipality,burgawnc.gov,NO_DMARC,burgawnc.gov,NO_DMARC,same,dmccullen@burgawnc.gov,IT Department,,Burgaw: your email domain can currently be spoofed (free 20-minute fix inside),"Hello,

I'm a high school senior in Cary. As an independent project, I checked the public email-security records of every NC school district and municipality, 609 in total, using standard DNS lookups. Nothing was sent to or accessed on your systems; these records are public by design.

Here is what I found for Burgaw:

burgawnc.gov has no DMARC record at all.

What that means in practice: an email forged to look like it came from an @burgawnc.gov address would not be rejected by the recipient's mail server. This is how business email compromise works, where a fake message from a director or manager asks a clerk to change a vendor's bank details. It is the most expensive category of cybercrime the FBI tracks, and local governments and school districts are frequent targets.

You are not alone: 68% of NC public bodies are in the same position.

The fix is free and takes about twenty minutes. The safe first step (monitoring mode) changes nothing about how your mail works today:

  Host:  _dmarc.burgawnc.gov
  Type:  TXT
  Value: v=DMARC1; p=none; rua=mailto:dmarc-reports@burgawnc.gov; fo=1

After a few weeks of reports, the policy can move to p=quarantine and then p=reject, which is what CISA recommends for government domains. Full step-by-step instructions: [GITHUB LINK]

If it would help, I'm glad to answer questions. I'll be re-checking all 609 domains in about thirty days to see how many have been secured, and I'd be glad to count yours.

Thank you,
Siddharth Santhosh
siddharthsann@gmail.com · 919-454-0875"
Burlington,municipality,burlingtonnc.gov,MONITOR_ONLY,burlingtonnc.gov,MONITOR_ONLY,same,bsmith@burlingtonnc.gov,City Clerk,,Burlington: your email domain can currently be spoofed (free 20-minute fix inside),"Hello,

I'm a high school senior in Cary. As an independent project, I checked the public email-security records of every NC school district and municipality, 609 in total, using standard DNS lookups. Nothing was sent to or accessed on your systems; these records are public by design.

Here is what I found for Burlington:

burlingtonnc.gov has a DMARC record set to p=none, which reports forged mail but does not block it.

What that means in practice: an email forged to look like it came from an @burlingtonnc.gov address would not be rejected by the recipient's mail server. This is how business email compromise works, where a fake message from a director or manager asks a clerk to change a vendor's bank details. It is the most expensive category of cybercrime the FBI tracks, and local governments and school districts are frequent targets.

You are not alone: 68% of NC public bodies are in the same position.

The fix is free and takes about twenty minutes. The safe first step (monitoring mode) changes nothing about how your mail works today:

  Host:  _dmarc.burlingtonnc.gov
  Type:  TXT
  Value: v=DMARC1; p=none; rua=mailto:dmarc-reports@burlingtonnc.gov; fo=1

After a few weeks of reports, the policy can move to p=quarantine and then p=reject, which is what CISA recommends for government domains. Full step-by-step instructions: [GITHUB LINK]

If it would help, I'm glad to answer questions. I'll be re-checking all 609 domains in about thirty days to see how many have been secured, and I'd be glad to count yours.

Thank you,
Siddharth Santhosh
siddharthsann@gmail.com · 919-454-0875"
Burnsville,municipality,townofburnsville.org,MONITOR_ONLY,townofburnsville.org,MONITOR_ONLY,same,clerk@townofburnsville.org,Town Clerk,,Burnsville: your email domain can currently be spoofed (free 20-minute fix inside),"Hello,

I'm a high school senior in Cary. As an independent project, I checked the public email-security records of every NC school district and municipality, 609 in total, using standard DNS lookups. Nothing was sent to or accessed on your systems; these records are public by design.

Here is what I found for Burnsville:

townofburnsville.org has a DMARC record set to p=none, which reports forged mail but does not block it.

What that means in practice: an email forged to look like it came from an @townofburnsville.org address would not be rejected by the recipient's mail server. This is how business email compromise works, where a fake message from a director or manager asks a clerk to change a vendor's bank details. It is the most expensive category of cybercrime the FBI tracks, and local governments and school districts are frequent targets.

You are not alone: 68% of NC public bodies are in the same position.

The fix is free and takes about twenty minutes. The safe first step (monitoring mode) changes nothing about how your mail works today:

  Host:  _dmarc.townofburnsville.org
  Type:  TXT
  Value: v=DMARC1; p=none; rua=mailto:dmarc-reports@townofburnsville.org; fo=1

After a few weeks of reports, the policy can move to p=quarantine and then p=reject, which is what CISA recommends for government domains. Full step-by-step instructions: [GITHUB LINK]

If it would help, I'm glad to answer questions. I'll be re-checking all 609 domains in about thirty days to see how many have been secured, and I'd be glad to count yours.

Thank you,
Siddharth Santhosh
siddharthsann@gmail.com · 919-454-0875"
Butner,municipality,butnernc.org,PARTIAL,butnernc.org,PARTIAL,same,brote@butnernc.org,Town Clerk,,Butner: your email domain can currently be spoofed (free 20-minute fix inside),"Hello,

I'm a high school senior in Cary. As an independent project, I checked the public email-security records of every NC school district and municipality, 609 in total, using standard DNS lookups. Nothing was sent to or accessed on your systems; these records are public by design.

Here is what I found for Butner:

butnernc.org applies its DMARC policy to only 90% of mail, so forged messages in the remainder are not blocked.

What that means in practice: an email forged to look like it came from an @butnernc.org address would not be rejected by the recipient's mail server. This is how business email compromise works, where a fake message from a director or manager asks a clerk to change a vendor's bank details. It is the most expensive category of cybercrime the FBI tracks, and local governments and school districts are frequent targets.

You are not alone: 68% of NC public bodies are in the same position.

The fix is free and takes about twenty minutes. The safe first step (monitoring mode) changes nothing about how your mail works today:

  Host:  _dmarc.butnernc.org
  Type:  TXT
  Value: v=DMARC1; p=none; rua=mailto:dmarc-reports@butnernc.org; fo=1

After a few weeks of reports, the policy can move to p=quarantine and then p=reject, which is what CISA recommends for government domains. Full step-by-step instructions: [GITHUB LINK]

If it would help, I'm glad to answer questions. I'll be re-checking all 609 domains in about thirty days to see how many have been secured, and I'd be glad to count yours.

Thank you,
Siddharth Santhosh
siddharthsann@gmail.com · 919-454-0875"
Cajah's Mountain,municipality,cajahsmtn.com,NO_DMARC,cajahsmtn.com,NO_DMARC,same,manager@cajahsmtn.com,Town Manager / Town Clerk,,Cajah's Mountain: your email domain can currently be spoofed (free 20-minute fix inside),"Hello,

I'm a high school senior in Cary. As an independent project, I checked the public email-security records of every NC school district and municipality, 609 in total, using standard DNS lookups. Nothing was sent to or accessed on your systems; these records are public by design.

Here is what I found for Cajah's Mountain:

cajahsmtn.com has no DMARC record at all.

What that means in practice: an email forged to look like it came from an @cajahsmtn.com address would not be rejected by the recipient's mail server. This is how business email compromise works, where a fake message from a director or manager asks a clerk to change a vendor's bank details. It is the most expensive category of cybercrime the FBI tracks, and local governments and school districts are frequent targets.

You are not alone: 68% of NC public bodies are in the same position.

The fix is free and takes about twenty minutes. The safe first step (monitoring mode) changes nothing about how your mail works today:

  Host:  _dmarc.cajahsmtn.com
  Type:  TXT
  Value: v=DMARC1; p=none; rua=mailto:dmarc-reports@cajahsmtn.com; fo=1

After a few weeks of reports, the policy can move to p=quarantine and then p=reject, which is what CISA recommends for government domains. Full step-by-step instructions: [GITHUB LINK]

If it would help, I'm glad to answer questions. I'll be re-checking all 609 domains in about thirty days to see how many have been secured, and I'd be glad to count yours.

Thank you,
Siddharth Santhosh
siddharthsann@gmail.com · 919-454-0875"
Calabash,municipality,townofcalabash.net,NO_DMARC,townofcalabash.net,NO_DMARC,same,sstuhr@townofcalabash.net,Town Clerk,,Calabash: your email domain can currently be spoofed (free 20-minute fix inside),"Hello,

I'm a high school senior in Cary. As an independent project, I checked the public email-security records of every NC school district and municipality, 609 in total, using standard DNS lookups. Nothing was sent to or accessed on your systems; these records are public by design.

Here is what I found for Calabash:

townofcalabash.net has no DMARC record at all.

What that means in practice: an email forged to look like it came from an @townofcalabash.net address would not be rejected by the recipient's mail server. This is how business email compromise works, where a fake message from a director or manager asks a clerk to change a vendor's bank details. It is the most expensive category of cybercrime the FBI tracks, and local governments and school districts are frequent targets.

You are not alone: 68% of NC public bodies are in the same position.

The fix is free and takes about twenty minutes. The safe first step (monitoring mode) changes nothing about how your mail works today:

  Host:  _dmarc.townofcalabash.net
  Type:  TXT
  Value: v=DMARC1; p=none; rua=mailto:dmarc-reports@townofcalabash.net; fo=1

After a few weeks of reports, the policy can move to p=quarantine and then p=reject, which is what CISA recommends for government domains. Full step-by-step instructions: [GITHUB LINK]

If it would help, I'm glad to answer questions. I'll be re-checking all 609 domains in about thirty days to see how many have been secured, and I'd be glad to count yours.

Thank you,
Siddharth Santhosh
siddharthsann@gmail.com · 919-454-0875"
Calypso,municipality,townofcalypsonc.org,NO_DMARC,bellsouth.net,n/a (consumer provider),consumer,calypsocityof@bellsouth.net,General contact,,Calypso: your email domain can currently be spoofed (free 20-minute fix inside),"Hello,

I'm a high school senior in Cary. As an independent project, I checked the public email-security records of every NC school district and municipality, 609 in total, using standard DNS lookups. Nothing was sent to or accessed on your systems; these records are public by design.

Here is what I found for Calypso:

townofcalypsonc.org has no DMARC record at all. (Your staff mail runs on bellsouth.net, which is fine; this is about the town's own domain.)

What that means in practice: anyone can send an email that appears to come from an @townofcalypsonc.org address, and nothing tells the recipient it's fake. Attackers use unused domains exactly this way. This is how business email compromise works, where a fake message from a director or manager asks a clerk to change a vendor's bank details. It is the most expensive category of cybercrime the FBI tracks, and local governments and school districts are frequent targets.

You are not alone: 68% of NC public bodies are in the same position.

The fix is free and takes about twenty minutes. The safe first step (monitoring mode) changes nothing about how your mail works today:

  Host:  _dmarc.townofcalypsonc.org
  Type:  TXT
  Value: v=DMARC1; p=none; rua=mailto:dmarc-reports@townofcalypsonc.org; fo=1

After a few weeks of reports, the policy can move to p=quarantine and then p=reject, which is what CISA recommends for government domains. Full step-by-step instructions: [GITHUB LINK]

If it would help, I'm glad to answer questions. I'll be re-checking all 609 domains in about thirty days to see how many have been secured, and I'd be glad to count yours.

Thank you,
Siddharth Santhosh
siddharthsann@gmail.com · 919-454-0875"
Cameron,municipality,townofcameron.com,NO_DMARC,townofcameron.com,NO_DMARC,same,cameronnc@townofcameron.com,Town Clerk,,Cameron: your email domain can currently be spoofed (free 20-minute fix inside),"Hello,

I'm a high school senior in Cary. As an independent project, I checked the public email-security records of every NC school district and municipality, 609 in total, using standard DNS lookups. Nothing was sent to or accessed on your systems; these records are public by design.

Here is what I found for Cameron:

townofcameron.com has no DMARC record at all.

What that means in practice: an email forged to look like it came from an @townofcameron.com address would not be rejected by the recipient's mail server. This is how business email compromise works, where a fake message from a director or manager asks a clerk to change a vendor's bank details. It is the most expensive category of cybercrime the FBI tracks, and local governments and school districts are frequent targets.

You are not alone: 68% of NC public bodies are in the same position.

The fix is free and takes about twenty minutes. The safe first step (monitoring mode) changes nothing about how your mail works today:

  Host:  _dmarc.townofcameron.com
  Type:  TXT
  Value: v=DMARC1; p=none; rua=mailto:dmarc-reports@townofcameron.com; fo=1

After a few weeks of reports, the policy can move to p=quarantine and then p=reject, which is what CISA recommends for government domains. Full step-by-step instructions: [GITHUB LINK]

If it would help, I'm glad to answer questions. I'll be re-checking all 609 domains in about thirty days to see how many have been secured, and I'd be glad to count yours.

Thank you,
Siddharth Santhosh
siddharthsann@gmail.com · 919-454-0875"
Candor,municipality,townofcandornc.com,NO_DMARC,townofcandornc.com,NO_DMARC,same,TownClerk@TownofCandorNC.com,Town Clerk,,Candor: your email domain can currently be spoofed (free 20-minute fix inside),"Hello,

I'm a high school senior in Cary. As an independent project, I checked the public email-security records of every NC school district and municipality, 609 in total, using standard DNS lookups. Nothing was sent to or accessed on your systems; these records are public by design.

Here is what I found for Candor:

townofcandornc.com has no DMARC record at all.

What that means in practice: an email forged to look like it came from an @townofcandornc.com address would not be rejected by the recipient's mail server. This is how business email compromise works, where a fake message from a director or manager asks a clerk to change a vendor's bank details. It is the most expensive category of cybercrime the FBI tracks, and local governments and school districts are frequent targets.

You are not alone: 68% of NC public bodies are in the same position.

The fix is free and takes about twenty minutes. The safe first step (monitoring mode) changes nothing about how your mail works today:

  Host:  _dmarc.townofcandornc.com
  Type:  TXT
  Value: v=DMARC1; p=none; rua=mailto:dmarc-reports@townofcandornc.com; fo=1

After a few weeks of reports, the policy can move to p=quarantine and then p=reject, which is what CISA recommends for government domains. Full step-by-step instructions: [GITHUB LINK]

If it would help, I'm glad to answer questions. I'll be re-checking all 609 domains in about thirty days to see how many have been secured, and I'd be glad to count yours.

Thank you,
Siddharth Santhosh
siddharthsann@gmail.com · 919-454-0875"
Canton,municipality,cantonnc.com,NO_DMARC,cantonnc.com,NO_DMARC,same,sdunbar@cantonnc.com,Town Clerk,,Canton: your email domain can currently be spoofed (free 20-minute fix inside),"Hello,

I'm a high school senior in Cary. As an independent project, I checked the public email-security records of every NC school district and municipality, 609 in total, using standard DNS lookups. Nothing was sent to or accessed on your systems; these records are public by design.

Here is what I found for Canton:

cantonnc.com has no DMARC record at all.

What that means in practice: an email forged to look like it came from an @cantonnc.com address would not be rejected by the recipient's mail server. This is how business email compromise works, where a fake message from a director or manager asks a clerk to change a vendor's bank details. It is the most expensive category of cybercrime the FBI tracks, and local governments and school districts are frequent targets.

You are not alone: 68% of NC public bodies are in the same position.

The fix is free and takes about twenty minutes. The safe first step (monitoring mode) changes nothing about how your mail works today:

  Host:  _dmarc.cantonnc.com
  Type:  TXT
  Value: v=DMARC1; p=none; rua=mailto:dmarc-reports@cantonnc.com; fo=1

After a few weeks of reports, the policy can move to p=quarantine and then p=reject, which is what CISA recommends for government domains. Full step-by-step instructions: [GITHUB LINK]

If it would help, I'm glad to answer questions. I'll be re-checking all 609 domains in about thirty days to see how many have been secured, and I'd be glad to count yours.

Thank you,
Siddharth Santhosh
siddharthsann@gmail.com · 919-454-0875"
Carolina Beach,municipality,carolinabeach.gov,MONITOR_ONLY,carolinabeach.gov,MONITOR_ONLY,same,kim.ward@carolinabeach.gov,Town Clerk,,Carolina Beach: your email domain can currently be spoofed (free 20-minute fix inside),"Hello,

I'm a high school senior in Cary. As an independent project, I checked the public email-security records of every NC school district and municipality, 609 in total, using standard DNS lookups. Nothing was sent to or accessed on your systems; these records are public by design.

Here is what I found for Carolina Beach:

carolinabeach.gov has a DMARC record set to p=none, which reports forged mail but does not block it.

What that means in practice: an email forged to look like it came from an @carolinabeach.gov address would not be rejected by the recipient's mail server. This is how business email compromise works, where a fake message from a director or manager asks a clerk to change a vendor's bank details. It is the most expensive category of cybercrime the FBI tracks, and local governments and school districts are frequent targets.

You are not alone: 68% of NC public bodies are in the same position.

The fix is free and takes about twenty minutes. The safe first step (monitoring mode) changes nothing about how your mail works today:

  Host:  _dmarc.carolinabeach.gov
  Type:  TXT
  Value: v=DMARC1; p=none; rua=mailto:dmarc-reports@carolinabeach.gov; fo=1

After a few weeks of reports, the policy can move to p=quarantine and then p=reject, which is what CISA recommends for government domains. Full step-by-step instructions: [GITHUB LINK]

If it would help, I'm glad to answer questions. I'll be re-checking all 609 domains in about thirty days to see how many have been secured, and I'd be glad to count yours.

Thank you,
Siddharth Santhosh
siddharthsann@gmail.com · 919-454-0875"
Carthage,municipality,townofcarthage.org,NO_DMARC,townofcarthage.org,NO_DMARC,same,townclerk@townofcarthage.org,Town Clerk,,Carthage: your email domain can currently be spoofed (free 20-minute fix inside),"Hello,

I'm a high school senior in Cary. As an independent project, I checked the public email-security records of every NC school district and municipality, 609 in total, using standard DNS lookups. Nothing was sent to or accessed on your systems; these records are public by design.

Here is what I found for Carthage:

townofcarthage.org has no DMARC record at all.

What that means in practice: an email forged to look like it came from an @townofcarthage.org address would not be rejected by the recipient's mail server. This is how business email compromise works, where a fake message from a director or manager asks a clerk to change a vendor's bank details. It is the most expensive category of cybercrime the FBI tracks, and local governments and school districts are frequent targets.

You are not alone: 68% of NC public bodies are in the same position.

The fix is free and takes about twenty minutes. The safe first step (monitoring mode) changes nothing about how your mail works today:

  Host:  _dmarc.townofcarthage.org
  Type:  TXT
  Value: v=DMARC1; p=none; rua=mailto:dmarc-reports@townofcarthage.org; fo=1

After a few weeks of reports, the policy can move to p=quarantine and then p=reject, which is what CISA recommends for government domains. Full step-by-step instructions: [GITHUB LINK]

If it would help, I'm glad to answer questions. I'll be re-checking all 609 domains in about thirty days to see how many have been secured, and I'd be glad to count yours.

Thank you,
Siddharth Santhosh
siddharthsann@gmail.com · 919-454-0875"
Cary,municipality,carync.gov,MONITOR_ONLY,carync.gov,MONITOR_ONLY,same,mike.cooper@carync.gov,IT Department,,Cary: your email domain can currently be spoofed (free 20-minute fix inside),"Hello,

I'm a high school senior in Cary. As an independent project, I checked the public email-security records of every NC school district and municipality, 609 in total, using standard DNS lookups. Nothing was sent to or accessed on your systems; these records are public by design.

Here is what I found for Cary:

carync.gov has a DMARC record set to p=none, which reports forged mail but does not block it.

What that means in practice: an email forged to look like it came from an @carync.gov address would not be rejected by the recipient's mail server. This is how business email compromise works, where a fake message from a director or manager asks a clerk to change a vendor's bank details. It is the most expensive category of cybercrime the FBI tracks, and local governments and school districts are frequent targets.

You are not alone: 68% of NC public bodies are in the same position.

The fix is free and takes about twenty minutes. The safe first step (monitoring mode) changes nothing about how your mail works today:

  Host:  _dmarc.carync.gov
  Type:  TXT
  Value: v=DMARC1; p=none; rua=mailto:dmarc-reports@carync.gov; fo=1

After a few weeks of reports, the policy can move to p=quarantine and then p=reject, which is what CISA recommends for government domains. Full step-by-step instructions: [GITHUB LINK]

If it would help, I'm glad to answer questions. I'll be re-checking all 609 domains in about thirty days to see how many have been secured, and I'd be glad to count yours.

Thank you,
Siddharth Santhosh
siddharthsann@gmail.com · 919-454-0875"
Cedar Rock,municipality,villageofcedarrock.org,NO_DMARC,wpcog.org,ENFORCED_QUARANTINE,mail_ok,daniel.odom@wpcog.org,Village Administrator,,Cedar Rock: your email domain can currently be spoofed (free 20-minute fix inside),"Hello,

I'm a high school senior in Cary. As an independent project, I checked the public email-security records of every NC school district and municipality, 609 in total, using standard DNS lookups. Nothing was sent to or accessed on your systems; these records are public by design.

Here is what I found for Cedar Rock:

Good news first: your email domain wpcog.org is properly protected (DMARC quarantine). But villageofcedarrock.org has no DMARC record at all.

What that means in practice: someone can still send mail that appears to come from an @villageofcedarrock.org address, which most recipients won't distinguish from your real one. This is how business email compromise works, where a fake message from a director or manager asks a clerk to change a vendor's bank details. It is the most expensive category of cybercrime the FBI tracks, and local governments and school districts are frequent targets.

You are not alone: 68% of NC public bodies are in the same position.

The fix is free and takes about twenty minutes. The safe first step (monitoring mode) changes nothing about how your mail works today:

  Host:  _dmarc.villageofcedarrock.org
  Type:  TXT
  Value: v=DMARC1; p=none; rua=mailto:dmarc-reports@villageofcedarrock.org; fo=1

After a few weeks of reports, the policy can move to p=quarantine and then p=reject, which is what CISA recommends for government domains. Full step-by-step instructions: [GITHUB LINK]

If it would help, I'm glad to answer questions. I'll be re-checking all 609 domains in about thirty days to see how many have been secured, and I'd be glad to count yours.

Thank you,
Siddharth Santhosh
siddharthsann@gmail.com · 919-454-0875"
Chapel Hill,municipality,chapelhillnc.gov,MONITOR_ONLY,chapelhillnc.gov,MONITOR_ONLY,same,itsupport@chapelhillnc.gov,IT Department,,Chapel Hill: your email domain can currently be spoofed (free 20-minute fix inside),"Hello,

I'm a high school senior in Cary. As an independent project, I checked the public email-security records of every NC school district and municipality, 609 in total, using standard DNS lookups. Nothing was sent to or accessed on your systems; these records are public by design.

Here is what I found for Chapel Hill:

chapelhillnc.gov has a DMARC record set to p=none, which reports forged mail but does not block it.

What that means in practice: an email forged to look like it came from an @chapelhillnc.gov address would not be rejected by the recipient's mail server. This is how business email compromise works, where a fake message from a director or manager asks a clerk to change a vendor's bank details. It is the most expensive category of cybercrime the FBI tracks, and local governments and school districts are frequent targets.

You are not alone: 68% of NC public bodies are in the same position.

The fix is free and takes about twenty minutes. The safe first step (monitoring mode) changes nothing about how your mail works today:

  Host:  _dmarc.chapelhillnc.gov
  Type:  TXT
  Value: v=DMARC1; p=none; rua=mailto:dmarc-reports@chapelhillnc.gov; fo=1

After a few weeks of reports, the policy can move to p=quarantine and then p=reject, which is what CISA recommends for government domains. Full step-by-step instructions: [GITHUB LINK]

If it would help, I'm glad to answer questions. I'll be re-checking all 609 domains in about thirty days to see how many have been secured, and I'd be glad to count yours.

Thank you,
Siddharth Santhosh
siddharthsann@gmail.com · 919-454-0875"
Cherryville,municipality,cityofcherryville.com,MONITOR_ONLY,cityofcherryville.com,MONITOR_ONLY,same,mbtackett@cityofcherryville.com,City Clerk,,Cherryville: your email domain can currently be spoofed (free 20-minute fix inside),"Hello,

I'm a high school senior in Cary. As an independent project, I checked the public email-security records of every NC school district and municipality, 609 in total, using standard DNS lookups. Nothing was sent to or accessed on your systems; these records are public by design.

Here is what I found for Cherryville:

cityofcherryville.com has a DMARC record set to p=none, which reports forged mail but does not block it.

What that means in practice: an email forged to look like it came from an @cityofcherryville.com address would not be rejected by the recipient's mail server. This is how business email compromise works, where a fake message from a director or manager asks a clerk to change a vendor's bank details. It is the most expensive category of cybercrime the FBI tracks, and local governments and school districts are frequent targets.

You are not alone: 68% of NC public bodies are in the same position.

The fix is free and takes about twenty minutes. The safe first step (monitoring mode) changes nothing about how your mail works today:

  Host:  _dmarc.cityofcherryville.com
  Type:  TXT
  Value: v=DMARC1; p=none; rua=mailto:dmarc-reports@cityofcherryville.com; fo=1

After a few weeks of reports, the policy can move to p=quarantine and then p=reject, which is what CISA recommends for government domains. Full step-by-step instructions: [GITHUB LINK]

If it would help, I'm glad to answer questions. I'll be re-checking all 609 domains in about thirty days to see how many have been secured, and I'd be glad to count yours.

Thank you,
Siddharth Santhosh
siddharthsann@gmail.com · 919-454-0875"
Chimney Rock,municipality,chimneyrockvillagenc.gov,NO_DMARC,aol.com,n/a (consumer provider),consumer,tevierides@aol.com,Village Administrator,,Chimney Rock: your email domain can currently be spoofed (free 20-minute fix inside),"Hello,

I'm a high school senior in Cary. As an independent project, I checked the public email-security records of every NC school district and municipality, 609 in total, using standard DNS lookups. Nothing was sent to or accessed on your systems; these records are public by design.

Here is what I found for Chimney Rock:

chimneyrockvillagenc.gov has no DMARC record at all. (Your staff mail runs on aol.com, which is fine; this is about the town's own domain.)

What that means in practice: anyone can send an email that appears to come from an @chimneyrockvillagenc.gov address, and nothing tells the recipient it's fake. Attackers use unused domains exactly this way. This is how business email compromise works, where a fake message from a director or manager asks a clerk to change a vendor's bank details. It is the most expensive category of cybercrime the FBI tracks, and local governments and school districts are frequent targets.

You are not alone: 68% of NC public bodies are in the same position.

The fix is free and takes about twenty minutes. The safe first step (monitoring mode) changes nothing about how your mail works today:

  Host:  _dmarc.chimneyrockvillagenc.gov
  Type:  TXT
  Value: v=DMARC1; p=none; rua=mailto:dmarc-reports@chimneyrockvillagenc.gov; fo=1

After a few weeks of reports, the policy can move to p=quarantine and then p=reject, which is what CISA recommends for government domains. Full step-by-step instructions: [GITHUB LINK]

If it would help, I'm glad to answer questions. I'll be re-checking all 609 domains in about thirty days to see how many have been secured, and I'd be glad to count yours.

Thank you,
Siddharth Santhosh
siddharthsann@gmail.com · 919-454-0875"
China Grove,municipality,chinagrovenc.gov,NO_DMARC,chinagrovenc.gov,NO_DMARC,same,pmills@chinagrovenc.gov,Town Clerk,,China Grove: your email domain can currently be spoofed (free 20-minute fix inside),"Hello,

I'm a high school senior in Cary. As an independent project, I checked the public email-security records of every NC school district and municipality, 609 in total, using standard DNS lookups. Nothing was sent to or accessed on your systems; these records are public by design.

Here is what I found for China Grove:

chinagrovenc.gov has no DMARC record at all.

What that means in practice: an email forged to look like it came from an @chinagrovenc.gov address would not be rejected by the recipient's mail server. This is how business email compromise works, where a fake message from a director or manager asks a clerk to change a vendor's bank details. It is the most expensive category of cybercrime the FBI tracks, and local governments and school districts are frequent targets.

You are not alone: 68% of NC public bodies are in the same position.

The fix is free and takes about twenty minutes. The safe first step (monitoring mode) changes nothing about how your mail works today:

  Host:  _dmarc.chinagrovenc.gov
  Type:  TXT
  Value: v=DMARC1; p=none; rua=mailto:dmarc-reports@chinagrovenc.gov; fo=1

After a few weeks of reports, the policy can move to p=quarantine and then p=reject, which is what CISA recommends for government domains. Full step-by-step instructions: [GITHUB LINK]

If it would help, I'm glad to answer questions. I'll be re-checking all 609 domains in about thirty days to see how many have been secured, and I'd be glad to count yours.

Thank you,
Siddharth Santhosh
siddharthsann@gmail.com · 919-454-0875"
Claremont,municipality,cityofclaremont.org,NO_DMARC,cityofclaremont.org,NO_DMARC,same,whelms@cityofclaremont.org,City Clerk,,Claremont: your email domain can currently be spoofed (free 20-minute fix inside),"Hello,

I'm a high school senior in Cary. As an independent project, I checked the public email-security records of every NC school district and municipality, 609 in total, using standard DNS lookups. Nothing was sent to or accessed on your systems; these records are public by design.

Here is what I found for Claremont:

cityofclaremont.org has no DMARC record at all.

What that means in practice: an email forged to look like it came from an @cityofclaremont.org address would not be rejected by the recipient's mail server. This is how business email compromise works, where a fake message from a director or manager asks a clerk to change a vendor's bank details. It is the most expensive category of cybercrime the FBI tracks, and local governments and school districts are frequent targets.

You are not alone: 68% of NC public bodies are in the same position.

The fix is free and takes about twenty minutes. The safe first step (monitoring mode) changes nothing about how your mail works today:

  Host:  _dmarc.cityofclaremont.org
  Type:  TXT
  Value: v=DMARC1; p=none; rua=mailto:dmarc-reports@cityofclaremont.org; fo=1

After a few weeks of reports, the policy can move to p=quarantine and then p=reject, which is what CISA recommends for government domains. Full step-by-step instructions: [GITHUB LINK]

If it would help, I'm glad to answer questions. I'll be re-checking all 609 domains in about thirty days to see how many have been secured, and I'd be glad to count yours.

Thank you,
Siddharth Santhosh
siddharthsann@gmail.com · 919-454-0875"
Clarkton,municipality,townofclarkton.com,NO_DMARC,townofclarktonnc.com,NO_DMARC,both_bad,kwoods@townofclarktonnc.com,Town Clerk,,Clarkton: your email domain can currently be spoofed (free 20-minute fix inside),"Hello,

I'm a high school senior in Cary. As an independent project, I checked the public email-security records of every NC school district and municipality, 609 in total, using standard DNS lookups. Nothing was sent to or accessed on your systems; these records are public by design.

Here is what I found for Clarkton:

Both of your domains are affected. townofclarkton.com has no DMARC record at all. And your email domain: townofclarktonnc.com has no DMARC record at all.

What that means in practice: an email forged to look like it came from an @townofclarktonnc.com or @townofclarkton.com address would not be rejected by the recipient's mail server. This is how business email compromise works, where a fake message from a director or manager asks a clerk to change a vendor's bank details. It is the most expensive category of cybercrime the FBI tracks, and local governments and school districts are frequent targets.

You are not alone: 68% of NC public bodies are in the same position.

The fix is free and takes about twenty minutes. The safe first step (monitoring mode) changes nothing about how your mail works today:

  Host:  _dmarc.townofclarktonnc.com
  Type:  TXT
  Value: v=DMARC1; p=none; rua=mailto:dmarc-reports@townofclarktonnc.com; fo=1

and the same record for townofclarkton.com:
  Host:  _dmarc.townofclarkton.com
  Type:  TXT
  Value: v=DMARC1; p=none; rua=mailto:dmarc-reports@townofclarkton.com; fo=1

After a few weeks of reports, the policy can move to p=quarantine and then p=reject, which is what CISA recommends for government domains. Full step-by-step instructions: [GITHUB LINK]

If it would help, I'm glad to answer questions. I'll be re-checking all 609 domains in about thirty days to see how many have been secured, and I'd be glad to count yours.

Thank you,
Siddharth Santhosh
siddharthsann@gmail.com · 919-454-0875"
Clayton,municipality,claytonnc.gov,NO_DMARC,townofclaytonnc.org,MONITOR_ONLY,both_bad,townclerk@townofclaytonnc.org,Town Clerk's Office,,Clayton: your email domain can currently be spoofed (free 20-minute fix inside),"Hello,

I'm a high school senior in Cary. As an independent project, I checked the public email-security records of every NC school district and municipality, 609 in total, using standard DNS lookups. Nothing was sent to or accessed on your systems; these records are public by design.

Here is what I found for Clayton:

Both of your domains are affected. claytonnc.gov has no DMARC record at all. And your email domain: townofclaytonnc.org has a DMARC record set to p=none, which reports forged mail but does not block it.

What that means in practice: an email forged to look like it came from an @townofclaytonnc.org or @claytonnc.gov address would not be rejected by the recipient's mail server. This is how business email compromise works, where a fake message from a director or manager asks a clerk to change a vendor's bank details. It is the most expensive category of cybercrime the FBI tracks, and local governments and school districts are frequent targets.

You are not alone: 68% of NC public bodies are in the same position.

The fix is free and takes about twenty minutes. The safe first step (monitoring mode) changes nothing about how your mail works today:

  Host:  _dmarc.townofclaytonnc.org
  Type:  TXT
  Value: v=DMARC1; p=none; rua=mailto:dmarc-reports@townofclaytonnc.org; fo=1

and the same record for claytonnc.gov:
  Host:  _dmarc.claytonnc.gov
  Type:  TXT
  Value: v=DMARC1; p=none; rua=mailto:dmarc-reports@claytonnc.gov; fo=1

After a few weeks of reports, the policy can move to p=quarantine and then p=reject, which is what CISA recommends for government domains. Full step-by-step instructions: [GITHUB LINK]

If it would help, I'm glad to answer questions. I'll be re-checking all 609 domains in about thirty days to see how many have been secured, and I'd be glad to count yours.

Thank you,
Siddharth Santhosh
siddharthsann@gmail.com · 919-454-0875"
Clemmons,municipality,clemmons.org,NO_DMARC,clemmons.org,NO_DMARC,same,lshortt@clemmons.org,Village Clerk / Personnel Officer,,Clemmons: your email domain can currently be spoofed (free 20-minute fix inside),"Hello,

I'm a high school senior in Cary. As an independent project, I checked the public email-security records of every NC school district and municipality, 609 in total, using standard DNS lookups. Nothing was sent to or accessed on your systems; these records are public by design.

Here is what I found for Clemmons:

clemmons.org has no DMARC record at all.

What that means in practice: an email forged to look like it came from an @clemmons.org address would not be rejected by the recipient's mail server. This is how business email compromise works, where a fake message from a director or manager asks a clerk to change a vendor's bank details. It is the most expensive category of cybercrime the FBI tracks, and local governments and school districts are frequent targets.

You are not alone: 68% of NC public bodies are in the same position.

The fix is free and takes about twenty minutes. The safe first step (monitoring mode) changes nothing about how your mail works today:

  Host:  _dmarc.clemmons.org
  Type:  TXT
  Value: v=DMARC1; p=none; rua=mailto:dmarc-reports@clemmons.org; fo=1

After a few weeks of reports, the policy can move to p=quarantine and then p=reject, which is what CISA recommends for government domains. Full step-by-step instructions: [GITHUB LINK]

If it would help, I'm glad to answer questions. I'll be re-checking all 609 domains in about thirty days to see how many have been secured, and I'd be glad to count yours.

Thank you,
Siddharth Santhosh
siddharthsann@gmail.com · 919-454-0875"
Cleveland,municipality,townofclevelandnc.gov,NO_DMARC,clevelandnc.org,NO_DMARC,both_bad,info@clevelandnc.org,General contact,,Cleveland: your email domain can currently be spoofed (free 20-minute fix inside),"Hello,

I'm a high school senior in Cary. As an independent project, I checked the public email-security records of every NC school district and municipality, 609 in total, using standard DNS lookups. Nothing was sent to or accessed on your systems; these records are public by design.

Here is what I found for Cleveland:

Both of your domains are affected. townofclevelandnc.gov has no DMARC record at all. And your email domain: clevelandnc.org has no DMARC record at all.

What that means in practice: an email forged to look like it came from an @clevelandnc.org or @townofclevelandnc.gov address would not be rejected by the recipient's mail server. This is how business email compromise works, where a fake message from a director or manager asks a clerk to change a vendor's bank details. It is the most expensive category of cybercrime the FBI tracks, and local governments and school districts are frequent targets.

You are not alone: 68% of NC public bodies are in the same position.

The fix is free and takes about twenty minutes. The safe first step (monitoring mode) changes nothing about how your mail works today:

  Host:  _dmarc.clevelandnc.org
  Type:  TXT
  Value: v=DMARC1; p=none; rua=mailto:dmarc-reports@clevelandnc.org; fo=1

and the same record for townofclevelandnc.gov:
  Host:  _dmarc.townofclevelandnc.gov
  Type:  TXT
  Value: v=DMARC1; p=none; rua=mailto:dmarc-reports@townofclevelandnc.gov; fo=1

After a few weeks of reports, the policy can move to p=quarantine and then p=reject, which is what CISA recommends for government domains. Full step-by-step instructions: [GITHUB LINK]

If it would help, I'm glad to answer questions. I'll be re-checking all 609 domains in about thirty days to see how many have been secured, and I'd be glad to count yours.

Thank you,
Siddharth Santhosh
siddharthsann@gmail.com · 919-454-0875"
Clyde,municipality,clydenc.us,NO_DMARC,townofclyde.com,NO_DMARC,both_bad,kimberly.castaneda@townofclyde.com,Town Clerk,,Clyde: your email domain can currently be spoofed (free 20-minute fix inside),"Hello,

I'm a high school senior in Cary. As an independent project, I checked the public email-security records of every NC school district and municipality, 609 in total, using standard DNS lookups. Nothing was sent to or accessed on your systems; these records are public by design.

Here is what I found for Clyde:

Both of your domains are affected. clydenc.us has no DMARC record at all. And your email domain: townofclyde.com has no DMARC record at all.

What that means in practice: an email forged to look like it came from an @townofclyde.com or @clydenc.us address would not be rejected by the recipient's mail server. This is how business email compromise works, where a fake message from a director or manager asks a clerk to change a vendor's bank details. It is the most expensive category of cybercrime the FBI tracks, and local governments and school districts are frequent targets.

You are not alone: 68% of NC public bodies are in the same position.

The fix is free and takes about twenty minutes. The safe first step (monitoring mode) changes nothing about how your mail works today:

  Host:  _dmarc.townofclyde.com
  Type:  TXT
  Value: v=DMARC1; p=none; rua=mailto:dmarc-reports@townofclyde.com; fo=1

and the same record for clydenc.us:
  Host:  _dmarc.clydenc.us
  Type:  TXT
  Value: v=DMARC1; p=none; rua=mailto:dmarc-reports@clydenc.us; fo=1

After a few weeks of reports, the policy can move to p=quarantine and then p=reject, which is what CISA recommends for government domains. Full step-by-step instructions: [GITHUB LINK]

If it would help, I'm glad to answer questions. I'll be re-checking all 609 domains in about thirty days to see how many have been secured, and I'd be glad to count yours.

Thank you,
Siddharth Santhosh
siddharthsann@gmail.com · 919-454-0875"
Cofield,municipality,cofieldnc.gov,NO_DMARC,gmail.com,n/a (consumer provider),consumer,townofcofield00@gmail.com,General contact,,Cofield: your email domain can currently be spoofed (free 20-minute fix inside),"Hello,

I'm a high school senior in Cary. As an independent project, I checked the public email-security records of every NC school district and municipality, 609 in total, using standard DNS lookups. Nothing was sent to or accessed on your systems; these records are public by design.

Here is what I found for Cofield:

cofieldnc.gov has no DMARC record at all. (Your staff mail runs on gmail.com, which is fine; this is about the town's own domain.)

What that means in practice: anyone can send an email that appears to come from an @cofieldnc.gov address, and nothing tells the recipient it's fake. Attackers use unused domains exactly this way. This is how business email compromise works, where a fake message from a director or manager asks a clerk to change a vendor's bank details. It is the most expensive category of cybercrime the FBI tracks, and local governments and school districts are frequent targets.

You are not alone: 68% of NC public bodies are in the same position.

The fix is free and takes about twenty minutes. The safe first step (monitoring mode) changes nothing about how your mail works today:

  Host:  _dmarc.cofieldnc.gov
  Type:  TXT
  Value: v=DMARC1; p=none; rua=mailto:dmarc-reports@cofieldnc.gov; fo=1

After a few weeks of reports, the policy can move to p=quarantine and then p=reject, which is what CISA recommends for government domains. Full step-by-step instructions: [GITHUB LINK]

If it would help, I'm glad to answer questions. I'll be re-checking all 609 domains in about thirty days to see how many have been secured, and I'd be glad to count yours.

Thank you,
Siddharth Santhosh
siddharthsann@gmail.com · 919-454-0875"
Conetoe,municipality,conetoe-nc.com,NO_DMARC,gmail.com,n/a (consumer provider),consumer,townofconetoenc@gmail.com,Town Clerk,,Conetoe: your email domain can currently be spoofed (free 20-minute fix inside),"Hello,

I'm a high school senior in Cary. As an independent project, I checked the public email-security records of every NC school district and municipality, 609 in total, using standard DNS lookups. Nothing was sent to or accessed on your systems; these records are public by design.

Here is what I found for Conetoe:

conetoe-nc.com has no DMARC record at all. (Your staff mail runs on gmail.com, which is fine; this is about the town's own domain.)

What that means in practice: anyone can send an email that appears to come from an @conetoe-nc.com address, and nothing tells the recipient it's fake. Attackers use unused domains exactly this way. This is how business email compromise works, where a fake message from a director or manager asks a clerk to change a vendor's bank details. It is the most expensive category of cybercrime the FBI tracks, and local governments and school districts are frequent targets.

You are not alone: 68% of NC public bodies are in the same position.

The fix is free and takes about twenty minutes. The safe first step (monitoring mode) changes nothing about how your mail works today:

  Host:  _dmarc.conetoe-nc.com
  Type:  TXT
  Value: v=DMARC1; p=none; rua=mailto:dmarc-reports@conetoe-nc.com; fo=1

After a few weeks of reports, the policy can move to p=quarantine and then p=reject, which is what CISA recommends for government domains. Full step-by-step instructions: [GITHUB LINK]

If it would help, I'm glad to answer questions. I'll be re-checking all 609 domains in about thirty days to see how many have been secured, and I'd be glad to count yours.

Thank you,
Siddharth Santhosh
siddharthsann@gmail.com · 919-454-0875"
Conover,municipality,conovernc.gov,MONITOR_ONLY,conovernc.gov,MONITOR_ONLY,same,chris.niver@conovernc.gov,IT Department,,Conover: your email domain can currently be spoofed (free 20-minute fix inside),"Hello,

I'm a high school senior in Cary. As an independent project, I checked the public email-security records of every NC school district and municipality, 609 in total, using standard DNS lookups. Nothing was sent to or accessed on your systems; these records are public by design.

Here is what I found for Conover:

conovernc.gov has a DMARC record set to p=none, which reports forged mail but does not block it.

What that means in practice: an email forged to look like it came from an @conovernc.gov address would not be rejected by the recipient's mail server. This is how business email compromise works, where a fake message from a director or manager asks a clerk to change a vendor's bank details. It is the most expensive category of cybercrime the FBI tracks, and local governments and school districts are frequent targets.

You are not alone: 68% of NC public bodies are in the same position.

The fix is free and takes about twenty minutes. The safe first step (monitoring mode) changes nothing about how your mail works today:

  Host:  _dmarc.conovernc.gov
  Type:  TXT
  Value: v=DMARC1; p=none; rua=mailto:dmarc-reports@conovernc.gov; fo=1

After a few weeks of reports, the policy can move to p=quarantine and then p=reject, which is what CISA recommends for government domains. Full step-by-step instructions: [GITHUB LINK]

If it would help, I'm glad to answer questions. I'll be re-checking all 609 domains in about thirty days to see how many have been secured, and I'd be glad to count yours.

Thank you,
Siddharth Santhosh
siddharthsann@gmail.com · 919-454-0875"
Cornelius,municipality,cornelius.org,MONITOR_ONLY,cornelius.org,MONITOR_ONLY,same,mtaylor@cornelius.org,IT Director (Technology Operations),,Cornelius: your email domain can currently be spoofed (free 20-minute fix inside),"Hello,

I'm a high school senior in Cary. As an independent project, I checked the public email-security records of every NC school district and municipality, 609 in total, using standard DNS lookups. Nothing was sent to or accessed on your systems; these records are public by design.

Here is what I found for Cornelius:

cornelius.org has a DMARC record set to p=none, which reports forged mail but does not block it.

What that means in practice: an email forged to look like it came from an @cornelius.org address would not be rejected by the recipient's mail server. This is how business email compromise works, where a fake message from a director or manager asks a clerk to change a vendor's bank details. It is the most expensive category of cybercrime the FBI tracks, and local governments and school districts are frequent targets.

You are not alone: 68% of NC public bodies are in the same position.

The fix is free and takes about twenty minutes. The safe first step (monitoring mode) changes nothing about how your mail works today:

  Host:  _dmarc.cornelius.org
  Type:  TXT
  Value: v=DMARC1; p=none; rua=mailto:dmarc-reports@cornelius.org; fo=1

After a few weeks of reports, the policy can move to p=quarantine and then p=reject, which is what CISA recommends for government domains. Full step-by-step instructions: [GITHUB LINK]

If it would help, I'm glad to answer questions. I'll be re-checking all 609 domains in about thirty days to see how many have been secured, and I'd be glad to count yours.

Thank you,
Siddharth Santhosh
siddharthsann@gmail.com · 919-454-0875"
Creedmoor,municipality,cityofcreedmoor.org,MONITOR_ONLY,cityofcreedmoor.org,MONITOR_ONLY,same,customerservice@cityofcreedmoor.org,General contact,,Creedmoor: your email domain can currently be spoofed (free 20-minute fix inside),"Hello,

I'm a high school senior in Cary. As an independent project, I checked the public email-security records of every NC school district and municipality, 609 in total, using standard DNS lookups. Nothing was sent to or accessed on your systems; these records are public by design.

Here is what I found for Creedmoor:

cityofcreedmoor.org has a DMARC record set to p=none, which reports forged mail but does not block it.

What that means in practice: an email forged to look like it came from an @cityofcreedmoor.org address would not be rejected by the recipient's mail server. This is how business email compromise works, where a fake message from a director or manager asks a clerk to change a vendor's bank details. It is the most expensive category of cybercrime the FBI tracks, and local governments and school districts are frequent targets.

You are not alone: 68% of NC public bodies are in the same position.

The fix is free and takes about twenty minutes. The safe first step (monitoring mode) changes nothing about how your mail works today:

  Host:  _dmarc.cityofcreedmoor.org
  Type:  TXT
  Value: v=DMARC1; p=none; rua=mailto:dmarc-reports@cityofcreedmoor.org; fo=1

After a few weeks of reports, the policy can move to p=quarantine and then p=reject, which is what CISA recommends for government domains. Full step-by-step instructions: [GITHUB LINK]

If it would help, I'm glad to answer questions. I'll be re-checking all 609 domains in about thirty days to see how many have been secured, and I'd be glad to count yours.

Thank you,
Siddharth Santhosh
siddharthsann@gmail.com · 919-454-0875"
Creswell,municipality,townofcreswell.com,NO_DMARC,centurylink.net,n/a (consumer provider),consumer,creswellnc@centurylink.net,Town Clerk/Finance Officer,,Creswell: your email domain can currently be spoofed (free 20-minute fix inside),"Hello,

I'm a high school senior in Cary. As an independent project, I checked the public email-security records of every NC school district and municipality, 609 in total, using standard DNS lookups. Nothing was sent to or accessed on your systems; these records are public by design.

Here is what I found for Creswell:

townofcreswell.com has no DMARC record at all. (Your staff mail runs on centurylink.net, which is fine; this is about the town's own domain.)

What that means in practice: anyone can send an email that appears to come from an @townofcreswell.com address, and nothing tells the recipient it's fake. Attackers use unused domains exactly this way. This is how business email compromise works, where a fake message from a director or manager asks a clerk to change a vendor's bank details. It is the most expensive category of cybercrime the FBI tracks, and local governments and school districts are frequent targets.

You are not alone: 68% of NC public bodies are in the same position.

The fix is free and takes about twenty minutes. The safe first step (monitoring mode) changes nothing about how your mail works today:

  Host:  _dmarc.townofcreswell.com
  Type:  TXT
  Value: v=DMARC1; p=none; rua=mailto:dmarc-reports@townofcreswell.com; fo=1

After a few weeks of reports, the policy can move to p=quarantine and then p=reject, which is what CISA recommends for government domains. Full step-by-step instructions: [GITHUB LINK]

If it would help, I'm glad to answer questions. I'll be re-checking all 609 domains in about thirty days to see how many have been secured, and I'd be glad to count yours.

Thank you,
Siddharth Santhosh
siddharthsann@gmail.com · 919-454-0875"
Danbury,municipality,townofdanbury.org,NO_DMARC,townofdanbury1957.org,NO_DMARC,both_bad,clerk@townofdanbury1957.org,Town Clerk,,Danbury: your email domain can currently be spoofed (free 20-minute fix inside),"Hello,

I'm a high school senior in Cary. As an independent project, I checked the public email-security records of every NC school district and municipality, 609 in total, using standard DNS lookups. Nothing was sent to or accessed on your systems; these records are public by design.

Here is what I found for Danbury:

Both of your domains are affected. townofdanbury.org has no DMARC record at all. And your email domain: townofdanbury1957.org has no DMARC record at all.

What that means in practice: an email forged to look like it came from an @townofdanbury1957.org or @townofdanbury.org address would not be rejected by the recipient's mail server. This is how business email compromise works, where a fake message from a director or manager asks a clerk to change a vendor's bank details. It is the most expensive category of cybercrime the FBI tracks, and local governments and school districts are frequent targets.

You are not alone: 68% of NC public bodies are in the same position.

The fix is free and takes about twenty minutes. The safe first step (monitoring mode) changes nothing about how your mail works today:

  Host:  _dmarc.townofdanbury1957.org
  Type:  TXT
  Value: v=DMARC1; p=none; rua=mailto:dmarc-reports@townofdanbury1957.org; fo=1

and the same record for townofdanbury.org:
  Host:  _dmarc.townofdanbury.org
  Type:  TXT
  Value: v=DMARC1; p=none; rua=mailto:dmarc-reports@townofdanbury.org; fo=1

After a few weeks of reports, the policy can move to p=quarantine and then p=reject, which is what CISA recommends for government domains. Full step-by-step instructions: [GITHUB LINK]

If it would help, I'm glad to answer questions. I'll be re-checking all 609 domains in about thirty days to see how many have been secured, and I'd be glad to count yours.

Thank you,
Siddharth Santhosh
siddharthsann@gmail.com · 919-454-0875"
East Bend,municipality,eastbendnc.com,NO_DMARC,yadtel.net,n/a (consumer provider),consumer,eastbend@yadtel.net,General contact (Town Hall),,East Bend: your email domain can currently be spoofed (free 20-minute fix inside),"Hello,

I'm a high school senior in Cary. As an independent project, I checked the public email-security records of every NC school district and municipality, 609 in total, using standard DNS lookups. Nothing was sent to or accessed on your systems; these records are public by design.

Here is what I found for East Bend:

eastbendnc.com has no DMARC record at all. (Your staff mail runs on yadtel.net, which is fine; this is about the town's own domain.)

What that means in practice: anyone can send an email that appears to come from an @eastbendnc.com address, and nothing tells the recipient it's fake. Attackers use unused domains exactly this way. This is how business email compromise works, where a fake message from a director or manager asks a clerk to change a vendor's bank details. It is the most expensive category of cybercrime the FBI tracks, and local governments and school districts are frequent targets.

You are not alone: 68% of NC public bodies are in the same position.

The fix is free and takes about twenty minutes. The safe first step (monitoring mode) changes nothing about how your mail works today:

  Host:  _dmarc.eastbendnc.com
  Type:  TXT
  Value: v=DMARC1; p=none; rua=mailto:dmarc-reports@eastbendnc.com; fo=1

After a few weeks of reports, the policy can move to p=quarantine and then p=reject, which is what CISA recommends for government domains. Full step-by-step instructions: [GITHUB LINK]

If it would help, I'm glad to answer questions. I'll be re-checking all 609 domains in about thirty days to see how many have been secured, and I'd be glad to count yours.

Thank you,
Siddharth Santhosh
siddharthsann@gmail.com · 919-454-0875"
Eastover,municipality,eastovernc.com,NO_DMARC,eastovernc.com,NO_DMARC,same,TownClerk@EastoverNC.com,Town Clerk,,Eastover: your email domain can currently be spoofed (free 20-minute fix inside),"Hello,

I'm a high school senior in Cary. As an independent project, I checked the public email-security records of every NC school district and municipality, 609 in total, using standard DNS lookups. Nothing was sent to or accessed on your systems; these records are public by design.

Here is what I found for Eastover:

eastovernc.com has no DMARC record at all.

What that means in practice: an email forged to look like it came from an @eastovernc.com address would not be rejected by the recipient's mail server. This is how business email compromise works, where a fake message from a director or manager asks a clerk to change a vendor's bank details. It is the most expensive category of cybercrime the FBI tracks, and local governments and school districts are frequent targets.

You are not alone: 68% of NC public bodies are in the same position.

The fix is free and takes about twenty minutes. The safe first step (monitoring mode) changes nothing about how your mail works today:

  Host:  _dmarc.eastovernc.com
  Type:  TXT
  Value: v=DMARC1; p=none; rua=mailto:dmarc-reports@eastovernc.com; fo=1

After a few weeks of reports, the policy can move to p=quarantine and then p=reject, which is what CISA recommends for government domains. Full step-by-step instructions: [GITHUB LINK]

If it would help, I'm glad to answer questions. I'll be re-checking all 609 domains in about thirty days to see how many have been secured, and I'd be glad to count yours.

Thank you,
Siddharth Santhosh
siddharthsann@gmail.com · 919-454-0875"
Elizabethtown,municipality,elizabethtownnc.org,NO_DMARC,elizabethtownnc.org,NO_DMARC,same,jhester@elizabethtownnc.org,Town Clerk,,Elizabethtown: your email domain can currently be spoofed (free 20-minute fix inside),"Hello,

I'm a high school senior in Cary. As an independent project, I checked the public email-security records of every NC school district and municipality, 609 in total, using standard DNS lookups. Nothing was sent to or accessed on your systems; these records are public by design.

Here is what I found for Elizabethtown:

elizabethtownnc.org has no DMARC record at all.

What that means in practice: an email forged to look like it came from an @elizabethtownnc.org address would not be rejected by the recipient's mail server. This is how business email compromise works, where a fake message from a director or manager asks a clerk to change a vendor's bank details. It is the most expensive category of cybercrime the FBI tracks, and local governments and school districts are frequent targets.

You are not alone: 68% of NC public bodies are in the same position.

The fix is free and takes about twenty minutes. The safe first step (monitoring mode) changes nothing about how your mail works today:

  Host:  _dmarc.elizabethtownnc.org
  Type:  TXT
  Value: v=DMARC1; p=none; rua=mailto:dmarc-reports@elizabethtownnc.org; fo=1

After a few weeks of reports, the policy can move to p=quarantine and then p=reject, which is what CISA recommends for government domains. Full step-by-step instructions: [GITHUB LINK]

If it would help, I'm glad to answer questions. I'll be re-checking all 609 domains in about thirty days to see how many have been secured, and I'd be glad to count yours.

Thank you,
Siddharth Santhosh
siddharthsann@gmail.com · 919-454-0875"
Elk Park,municipality,townofelkpark.com,NO_DMARC,townofelkpark.org,NO_DMARC,both_bad,clerk@townofelkpark.org,Town Clerk,,Elk Park: your email domain can currently be spoofed (free 20-minute fix inside),"Hello,

I'm a high school senior in Cary. As an independent project, I checked the public email-security records of every NC school district and municipality, 609 in total, using standard DNS lookups. Nothing was sent to or accessed on your systems; these records are public by design.

Here is what I found for Elk Park:

Both of your domains are affected. townofelkpark.com has no DMARC record at all. And your email domain: townofelkpark.org has no DMARC record at all.

What that means in practice: an email forged to look like it came from an @townofelkpark.org or @townofelkpark.com address would not be rejected by the recipient's mail server. This is how business email compromise works, where a fake message from a director or manager asks a clerk to change a vendor's bank details. It is the most expensive category of cybercrime the FBI tracks, and local governments and school districts are frequent targets.

You are not alone: 68% of NC public bodies are in the same position.

The fix is free and takes about twenty minutes. The safe first step (monitoring mode) changes nothing about how your mail works today:

  Host:  _dmarc.townofelkpark.org
  Type:  TXT
  Value: v=DMARC1; p=none; rua=mailto:dmarc-reports@townofelkpark.org; fo=1

and the same record for townofelkpark.com:
  Host:  _dmarc.townofelkpark.com
  Type:  TXT
  Value: v=DMARC1; p=none; rua=mailto:dmarc-reports@townofelkpark.com; fo=1

After a few weeks of reports, the policy can move to p=quarantine and then p=reject, which is what CISA recommends for government domains. Full step-by-step instructions: [GITHUB LINK]

If it would help, I'm glad to answer questions. I'll be re-checking all 609 domains in about thirty days to see how many have been secured, and I'd be glad to count yours.

Thank you,
Siddharth Santhosh
siddharthsann@gmail.com · 919-454-0875"
Elkin,municipality,elkinnc.org,NO_DMARC,elkinnc.org,NO_DMARC,same,dparker@elkinnc.org,Town Clerk,,Elkin: your email domain can currently be spoofed (free 20-minute fix inside),"Hello,

I'm a high school senior in Cary. As an independent project, I checked the public email-security records of every NC school district and municipality, 609 in total, using standard DNS lookups. Nothing was sent to or accessed on your systems; these records are public by design.

Here is what I found for Elkin:

elkinnc.org has no DMARC record at all.

What that means in practice: an email forged to look like it came from an @elkinnc.org address would not be rejected by the recipient's mail server. This is how business email compromise works, where a fake message from a director or manager asks a clerk to change a vendor's bank details. It is the most expensive category of cybercrime the FBI tracks, and local governments and school districts are frequent targets.

You are not alone: 68% of NC public bodies are in the same position.

The fix is free and takes about twenty minutes. The safe first step (monitoring mode) changes nothing about how your mail works today:

  Host:  _dmarc.elkinnc.org
  Type:  TXT
  Value: v=DMARC1; p=none; rua=mailto:dmarc-reports@elkinnc.org; fo=1

After a few weeks of reports, the policy can move to p=quarantine and then p=reject, which is what CISA recommends for government domains. Full step-by-step instructions: [GITHUB LINK]

If it would help, I'm glad to answer questions. I'll be re-checking all 609 domains in about thirty days to see how many have been secured, and I'd be glad to count yours.

Thank you,
Siddharth Santhosh
siddharthsann@gmail.com · 919-454-0875"
Ellenboro,municipality,ellenboronc.info,NO_DMARC,outlook.com,n/a (consumer provider),consumer,ellenboronc.clerk@outlook.com,Town Clerk,,Ellenboro: your email domain can currently be spoofed (free 20-minute fix inside),"Hello,

I'm a high school senior in Cary. As an independent project, I checked the public email-security records of every NC school district and municipality, 609 in total, using standard DNS lookups. Nothing was sent to or accessed on your systems; these records are public by design.

Here is what I found for Ellenboro:

ellenboronc.info has no DMARC record at all. (Your staff mail runs on outlook.com, which is fine; this is about the town's own domain.)

What that means in practice: anyone can send an email that appears to come from an @ellenboronc.info address, and nothing tells the recipient it's fake. Attackers use unused domains exactly this way. This is how business email compromise works, where a fake message from a director or manager asks a clerk to change a vendor's bank details. It is the most expensive category of cybercrime the FBI tracks, and local governments and school districts are frequent targets.

You are not alone: 68% of NC public bodies are in the same position.

The fix is free and takes about twenty minutes. The safe first step (monitoring mode) changes nothing about how your mail works today:

  Host:  _dmarc.ellenboronc.info
  Type:  TXT
  Value: v=DMARC1; p=none; rua=mailto:dmarc-reports@ellenboronc.info; fo=1

After a few weeks of reports, the policy can move to p=quarantine and then p=reject, which is what CISA recommends for government domains. Full step-by-step instructions: [GITHUB LINK]

If it would help, I'm glad to answer questions. I'll be re-checking all 609 domains in about thirty days to see how many have been secured, and I'd be glad to count yours.

Thank you,
Siddharth Santhosh
siddharthsann@gmail.com · 919-454-0875"
Ellerbe,municipality,ellerbenc.com,NO_DMARC,renet.org,n/a (consumer provider),consumer,janecsmith@renet.org,Town Clerk,,Ellerbe: your email domain can currently be spoofed (free 20-minute fix inside),"Hello,

I'm a high school senior in Cary. As an independent project, I checked the public email-security records of every NC school district and municipality, 609 in total, using standard DNS lookups. Nothing was sent to or accessed on your systems; these records are public by design.

Here is what I found for Ellerbe:

ellerbenc.com has no DMARC record at all. (Your staff mail runs on renet.org, which is fine; this is about the town's own domain.)

What that means in practice: anyone can send an email that appears to come from an @ellerbenc.com address, and nothing tells the recipient it's fake. Attackers use unused domains exactly this way. This is how business email compromise works, where a fake message from a director or manager asks a clerk to change a vendor's bank details. It is the most expensive category of cybercrime the FBI tracks, and local governments and school districts are frequent targets.

You are not alone: 68% of NC public bodies are in the same position.

The fix is free and takes about twenty minutes. The safe first step (monitoring mode) changes nothing about how your mail works today:

  Host:  _dmarc.ellerbenc.com
  Type:  TXT
  Value: v=DMARC1; p=none; rua=mailto:dmarc-reports@ellerbenc.com; fo=1

After a few weeks of reports, the policy can move to p=quarantine and then p=reject, which is what CISA recommends for government domains. Full step-by-step instructions: [GITHUB LINK]

If it would help, I'm glad to answer questions. I'll be re-checking all 609 domains in about thirty days to see how many have been secured, and I'd be glad to count yours.

Thank you,
Siddharth Santhosh
siddharthsann@gmail.com · 919-454-0875"
Elon,municipality,townofelon.com,NO_DMARC,elon.gov,ENFORCED_QUARANTINE,mail_ok,kpatterson@elon.gov,Town Clerk,,Elon: your email domain can currently be spoofed (free 20-minute fix inside),"Hello,

I'm a high school senior in Cary. As an independent project, I checked the public email-security records of every NC school district and municipality, 609 in total, using standard DNS lookups. Nothing was sent to or accessed on your systems; these records are public by design.

Here is what I found for Elon:

Good news first: your email domain elon.gov is properly protected (DMARC quarantine). But townofelon.com has no DMARC record at all.

What that means in practice: someone can still send mail that appears to come from an @townofelon.com address, which most recipients won't distinguish from your real one. This is how business email compromise works, where a fake message from a director or manager asks a clerk to change a vendor's bank details. It is the most expensive category of cybercrime the FBI tracks, and local governments and school districts are frequent targets.

You are not alone: 68% of NC public bodies are in the same position.

The fix is free and takes about twenty minutes. The safe first step (monitoring mode) changes nothing about how your mail works today:

  Host:  _dmarc.townofelon.com
  Type:  TXT
  Value: v=DMARC1; p=none; rua=mailto:dmarc-reports@townofelon.com; fo=1

After a few weeks of reports, the policy can move to p=quarantine and then p=reject, which is what CISA recommends for government domains. Full step-by-step instructions: [GITHUB LINK]

If it would help, I'm glad to answer questions. I'll be re-checking all 609 domains in about thirty days to see how many have been secured, and I'd be glad to count yours.

Thank you,
Siddharth Santhosh
siddharthsann@gmail.com · 919-454-0875"
Erwin,municipality,erwin-nc.org,NO_DMARC,erwin-nc.org,NO_DMARC,same,levans@erwin-nc.org,Town Clerk,,Erwin: your email domain can currently be spoofed (free 20-minute fix inside),"Hello,

I'm a high school senior in Cary. As an independent project, I checked the public email-security records of every NC school district and municipality, 609 in total, using standard DNS lookups. Nothing was sent to or accessed on your systems; these records are public by design.

Here is what I found for Erwin:

erwin-nc.org has no DMARC record at all.

What that means in practice: an email forged to look like it came from an @erwin-nc.org address would not be rejected by the recipient's mail server. This is how business email compromise works, where a fake message from a director or manager asks a clerk to change a vendor's bank details. It is the most expensive category of cybercrime the FBI tracks, and local governments and school districts are frequent targets.

You are not alone: 68% of NC public bodies are in the same position.

The fix is free and takes about twenty minutes. The safe first step (monitoring mode) changes nothing about how your mail works today:

  Host:  _dmarc.erwin-nc.org
  Type:  TXT
  Value: v=DMARC1; p=none; rua=mailto:dmarc-reports@erwin-nc.org; fo=1

After a few weeks of reports, the policy can move to p=quarantine and then p=reject, which is what CISA recommends for government domains. Full step-by-step instructions: [GITHUB LINK]

If it would help, I'm glad to answer questions. I'll be re-checking all 609 domains in about thirty days to see how many have been secured, and I'd be glad to count yours.

Thank you,
Siddharth Santhosh
siddharthsann@gmail.com · 919-454-0875"
Fairview,municipality,fairviewnc.gov,NO_DMARC,fairviewnc.gov,NO_DMARC,same,s.thomas@fairviewnc.gov,Town Clerk,,Fairview: your email domain can currently be spoofed (free 20-minute fix inside),"Hello,

I'm a high school senior in Cary. As an independent project, I checked the public email-security records of every NC school district and municipality, 609 in total, using standard DNS lookups. Nothing was sent to or accessed on your systems; these records are public by design.

Here is what I found for Fairview:

fairviewnc.gov has no DMARC record at all.

What that means in practice: an email forged to look like it came from an @fairviewnc.gov address would not be rejected by the recipient's mail server. This is how business email compromise works, where a fake message from a director or manager asks a clerk to change a vendor's bank details. It is the most expensive category of cybercrime the FBI tracks, and local governments and school districts are frequent targets.

You are not alone: 68% of NC public bodies are in the same position.

The fix is free and takes about twenty minutes. The safe first step (monitoring mode) changes nothing about how your mail works today:

  Host:  _dmarc.fairviewnc.gov
  Type:  TXT
  Value: v=DMARC1; p=none; rua=mailto:dmarc-reports@fairviewnc.gov; fo=1

After a few weeks of reports, the policy can move to p=quarantine and then p=reject, which is what CISA recommends for government domains. Full step-by-step instructions: [GITHUB LINK]

If it would help, I'm glad to answer questions. I'll be re-checking all 609 domains in about thirty days to see how many have been secured, and I'd be glad to count yours.

Thank you,
Siddharth Santhosh
siddharthsann@gmail.com · 919-454-0875"
Falcon,municipality,town-of-falcon.com,NO_DMARC,gmail.com,n/a (consumer provider),consumer,falcontownhall@gmail.com,General contact,,Falcon: your email domain can currently be spoofed (free 20-minute fix inside),"Hello,

I'm a high school senior in Cary. As an independent project, I checked the public email-security records of every NC school district and municipality, 609 in total, using standard DNS lookups. Nothing was sent to or accessed on your systems; these records are public by design.

Here is what I found for Falcon:

town-of-falcon.com has no DMARC record at all. (Your staff mail runs on gmail.com, which is fine; this is about the town's own domain.)

What that means in practice: anyone can send an email that appears to come from an @town-of-falcon.com address, and nothing tells the recipient it's fake. Attackers use unused domains exactly this way. This is how business email compromise works, where a fake message from a director or manager asks a clerk to change a vendor's bank details. It is the most expensive category of cybercrime the FBI tracks, and local governments and school districts are frequent targets.

You are not alone: 68% of NC public bodies are in the same position.

The fix is free and takes about twenty minutes. The safe first step (monitoring mode) changes nothing about how your mail works today:

  Host:  _dmarc.town-of-falcon.com
  Type:  TXT
  Value: v=DMARC1; p=none; rua=mailto:dmarc-reports@town-of-falcon.com; fo=1

After a few weeks of reports, the policy can move to p=quarantine and then p=reject, which is what CISA recommends for government domains. Full step-by-step instructions: [GITHUB LINK]

If it would help, I'm glad to answer questions. I'll be re-checking all 609 domains in about thirty days to see how many have been secured, and I'd be glad to count yours.

Thank you,
Siddharth Santhosh
siddharthsann@gmail.com · 919-454-0875"
Farmville,municipality,farmvillenc.gov,NO_DMARC,farmvillenc.gov,NO_DMARC,same,ajohnson@farmvillenc.gov,Town Clerk,,Farmville: your email domain can currently be spoofed (free 20-minute fix inside),"Hello,

I'm a high school senior in Cary. As an independent project, I checked the public email-security records of every NC school district and municipality, 609 in total, using standard DNS lookups. Nothing was sent to or accessed on your systems; these records are public by design.

Here is what I found for Farmville:

farmvillenc.gov has no DMARC record at all.

What that means in practice: an email forged to look like it came from an @farmvillenc.gov address would not be rejected by the recipient's mail server. This is how business email compromise works, where a fake message from a director or manager asks a clerk to change a vendor's bank details. It is the most expensive category of cybercrime the FBI tracks, and local governments and school districts are frequent targets.

You are not alone: 68% of NC public bodies are in the same position.

The fix is free and takes about twenty minutes. The safe first step (monitoring mode) changes nothing about how your mail works today:

  Host:  _dmarc.farmvillenc.gov
  Type:  TXT
  Value: v=DMARC1; p=none; rua=mailto:dmarc-reports@farmvillenc.gov; fo=1

After a few weeks of reports, the policy can move to p=quarantine and then p=reject, which is what CISA recommends for government domains. Full step-by-step instructions: [GITHUB LINK]

If it would help, I'm glad to answer questions. I'll be re-checking all 609 domains in about thirty days to see how many have been secured, and I'd be glad to count yours.

Thank you,
Siddharth Santhosh
siddharthsann@gmail.com · 919-454-0875"
Fayetteville,municipality,fayettevillenc.gov,MONITOR_ONLY,fayettevillenc.gov,MONITOR_ONLY,same,CityClerk@FayettevilleNC.gov,City Clerk,,Fayetteville: your email domain can currently be spoofed (free 20-minute fix inside),"Hello,

I'm a high school senior in Cary. As an independent project, I checked the public email-security records of every NC school district and municipality, 609 in total, using standard DNS lookups. Nothing was sent to or accessed on your systems; these records are public by design.

Here is what I found for Fayetteville:

fayettevillenc.gov has a DMARC record set to p=none, which reports forged mail but does not block it.

What that means in practice: an email forged to look like it came from an @fayettevillenc.gov address would not be rejected by the recipient's mail server. This is how business email compromise works, where a fake message from a director or manager asks a clerk to change a vendor's bank details. It is the most expensive category of cybercrime the FBI tracks, and local governments and school districts are frequent targets.

You are not alone: 68% of NC public bodies are in the same position.

The fix is free and takes about twenty minutes. The safe first step (monitoring mode) changes nothing about how your mail works today:

  Host:  _dmarc.fayettevillenc.gov
  Type:  TXT
  Value: v=DMARC1; p=none; rua=mailto:dmarc-reports@fayettevillenc.gov; fo=1

After a few weeks of reports, the policy can move to p=quarantine and then p=reject, which is what CISA recommends for government domains. Full step-by-step instructions: [GITHUB LINK]

If it would help, I'm glad to answer questions. I'll be re-checking all 609 domains in about thirty days to see how many have been secured, and I'd be glad to count yours.

Thank you,
Siddharth Santhosh
siddharthsann@gmail.com · 919-454-0875"
Flat Rock,municipality,villageofflatrock.org,NO_DMARC,villageofflatrock.org,NO_DMARC,same,mparker@villageofflatrock.org,Village Clerk,,Flat Rock: your email domain can currently be spoofed (free 20-minute fix inside),"Hello,

I'm a high school senior in Cary. As an independent project, I checked the public email-security records of every NC school district and municipality, 609 in total, using standard DNS lookups. Nothing was sent to or accessed on your systems; these records are public by design.

Here is what I found for Flat Rock:

villageofflatrock.org has no DMARC record at all.

What that means in practice: an email forged to look like it came from an @villageofflatrock.org address would not be rejected by the recipient's mail server. This is how business email compromise works, where a fake message from a director or manager asks a clerk to change a vendor's bank details. It is the most expensive category of cybercrime the FBI tracks, and local governments and school districts are frequent targets.

You are not alone: 68% of NC public bodies are in the same position.

The fix is free and takes about twenty minutes. The safe first step (monitoring mode) changes nothing about how your mail works today:

  Host:  _dmarc.villageofflatrock.org
  Type:  TXT
  Value: v=DMARC1; p=none; rua=mailto:dmarc-reports@villageofflatrock.org; fo=1

After a few weeks of reports, the policy can move to p=quarantine and then p=reject, which is what CISA recommends for government domains. Full step-by-step instructions: [GITHUB LINK]

If it would help, I'm glad to answer questions. I'll be re-checking all 609 domains in about thirty days to see how many have been secured, and I'd be glad to count yours.

Thank you,
Siddharth Santhosh
siddharthsann@gmail.com · 919-454-0875"
Fletcher,municipality,fletchernc.org,MONITOR_ONLY,fletchernc.org,MONITOR_ONLY,same,c.thompson@fletchernc.org,Town Clerk,,Fletcher: your email domain can currently be spoofed (free 20-minute fix inside),"Hello,

I'm a high school senior in Cary. As an independent project, I checked the public email-security records of every NC school district and municipality, 609 in total, using standard DNS lookups. Nothing was sent to or accessed on your systems; these records are public by design.

Here is what I found for Fletcher:

fletchernc.org has a DMARC record set to p=none, which reports forged mail but does not block it.

What that means in practice: an email forged to look like it came from an @fletchernc.org address would not be rejected by the recipient's mail server. This is how business email compromise works, where a fake message from a director or manager asks a clerk to change a vendor's bank details. It is the most expensive category of cybercrime the FBI tracks, and local governments and school districts are frequent targets.

You are not alone: 68% of NC public bodies are in the same position.

The fix is free and takes about twenty minutes. The safe first step (monitoring mode) changes nothing about how your mail works today:

  Host:  _dmarc.fletchernc.org
  Type:  TXT
  Value: v=DMARC1; p=none; rua=mailto:dmarc-reports@fletchernc.org; fo=1

After a few weeks of reports, the policy can move to p=quarantine and then p=reject, which is what CISA recommends for government domains. Full step-by-step instructions: [GITHUB LINK]

If it would help, I'm glad to answer questions. I'll be re-checking all 609 domains in about thirty days to see how many have been secured, and I'd be glad to count yours.

Thank you,
Siddharth Santhosh
siddharthsann@gmail.com · 919-454-0875"
Forest City,municipality,townofforestcity.com,NO_DMARC,townofforestcity.com,NO_DMARC,same,emilysain@townofforestcity.com,City Clerk,,Forest City: your email domain can currently be spoofed (free 20-minute fix inside),"Hello,

I'm a high school senior in Cary. As an independent project, I checked the public email-security records of every NC school district and municipality, 609 in total, using standard DNS lookups. Nothing was sent to or accessed on your systems; these records are public by design.

Here is what I found for Forest City:

townofforestcity.com has no DMARC record at all.

What that means in practice: an email forged to look like it came from an @townofforestcity.com address would not be rejected by the recipient's mail server. This is how business email compromise works, where a fake message from a director or manager asks a clerk to change a vendor's bank details. It is the most expensive category of cybercrime the FBI tracks, and local governments and school districts are frequent targets.

You are not alone: 68% of NC public bodies are in the same position.

The fix is free and takes about twenty minutes. The safe first step (monitoring mode) changes nothing about how your mail works today:

  Host:  _dmarc.townofforestcity.com
  Type:  TXT
  Value: v=DMARC1; p=none; rua=mailto:dmarc-reports@townofforestcity.com; fo=1

After a few weeks of reports, the policy can move to p=quarantine and then p=reject, which is what CISA recommends for government domains. Full step-by-step instructions: [GITHUB LINK]

If it would help, I'm glad to answer questions. I'll be re-checking all 609 domains in about thirty days to see how many have been secured, and I'd be glad to count yours.

Thank you,
Siddharth Santhosh
siddharthsann@gmail.com · 919-454-0875"
Fountain,municipality,townoffountainnc.com,NO_DMARC,aol.com,n/a (consumer provider),consumer,TOFCLERK2001@aol.com,Town Clerk,,Fountain: your email domain can currently be spoofed (free 20-minute fix inside),"Hello,

I'm a high school senior in Cary. As an independent project, I checked the public email-security records of every NC school district and municipality, 609 in total, using standard DNS lookups. Nothing was sent to or accessed on your systems; these records are public by design.

Here is what I found for Fountain:

townoffountainnc.com has no DMARC record at all. (Your staff mail runs on aol.com, which is fine; this is about the town's own domain.)

What that means in practice: anyone can send an email that appears to come from an @townoffountainnc.com address, and nothing tells the recipient it's fake. Attackers use unused domains exactly this way. This is how business email compromise works, where a fake message from a director or manager asks a clerk to change a vendor's bank details. It is the most expensive category of cybercrime the FBI tracks, and local governments and school districts are frequent targets.

You are not alone: 68% of NC public bodies are in the same position.

The fix is free and takes about twenty minutes. The safe first step (monitoring mode) changes nothing about how your mail works today:

  Host:  _dmarc.townoffountainnc.com
  Type:  TXT
  Value: v=DMARC1; p=none; rua=mailto:dmarc-reports@townoffountainnc.com; fo=1

After a few weeks of reports, the policy can move to p=quarantine and then p=reject, which is what CISA recommends for government domains. Full step-by-step instructions: [GITHUB LINK]

If it would help, I'm glad to answer questions. I'll be re-checking all 609 domains in about thirty days to see how many have been secured, and I'd be glad to count yours.

Thank you,
Siddharth Santhosh
siddharthsann@gmail.com · 919-454-0875"
Four Oaks,municipality,fouroaks-nc.com,MONITOR_ONLY,fouroaks-nc.com,MONITOR_ONLY,same,townclerk@fouroaks-nc.com,Town Clerk,,Four Oaks: your email domain can currently be spoofed (free 20-minute fix inside),"Hello,

I'm a high school senior in Cary. As an independent project, I checked the public email-security records of every NC school district and municipality, 609 in total, using standard DNS lookups. Nothing was sent to or accessed on your systems; these records are public by design.

Here is what I found for Four Oaks:

fouroaks-nc.com has a DMARC record set to p=none, which reports forged mail but does not block it.

What that means in practice: an email forged to look like it came from an @fouroaks-nc.com address would not be rejected by the recipient's mail server. This is how business email compromise works, where a fake message from a director or manager asks a clerk to change a vendor's bank details. It is the most expensive category of cybercrime the FBI tracks, and local governments and school districts are frequent targets.

You are not alone: 68% of NC public bodies are in the same position.

The fix is free and takes about twenty minutes. The safe first step (monitoring mode) changes nothing about how your mail works today:

  Host:  _dmarc.fouroaks-nc.com
  Type:  TXT
  Value: v=DMARC1; p=none; rua=mailto:dmarc-reports@fouroaks-nc.com; fo=1

After a few weeks of reports, the policy can move to p=quarantine and then p=reject, which is what CISA recommends for government domains. Full step-by-step instructions: [GITHUB LINK]

If it would help, I'm glad to answer questions. I'll be re-checking all 609 domains in about thirty days to see how many have been secured, and I'd be glad to count yours.

Thank you,
Siddharth Santhosh
siddharthsann@gmail.com · 919-454-0875"
Foxfire,municipality,foxfirenc.com,NO_DMARC,foxfirenc.gov,MONITOR_ONLY,both_bad,lkivett@foxfirenc.gov,Village Administrator/Clerk,,Foxfire: your email domain can currently be spoofed (free 20-minute fix inside),"Hello,

I'm a high school senior in Cary. As an independent project, I checked the public email-security records of every NC school district and municipality, 609 in total, using standard DNS lookups. Nothing was sent to or accessed on your systems; these records are public by design.

Here is what I found for Foxfire:

Both of your domains are affected. foxfirenc.com has no DMARC record at all. And your email domain: foxfirenc.gov has a DMARC record set to p=none, which reports forged mail but does not block it.

What that means in practice: an email forged to look like it came from an @foxfirenc.gov or @foxfirenc.com address would not be rejected by the recipient's mail server. This is how business email compromise works, where a fake message from a director or manager asks a clerk to change a vendor's bank details. It is the most expensive category of cybercrime the FBI tracks, and local governments and school districts are frequent targets.

You are not alone: 68% of NC public bodies are in the same position.

The fix is free and takes about twenty minutes. The safe first step (monitoring mode) changes nothing about how your mail works today:

  Host:  _dmarc.foxfirenc.gov
  Type:  TXT
  Value: v=DMARC1; p=none; rua=mailto:dmarc-reports@foxfirenc.gov; fo=1

and the same record for foxfirenc.com:
  Host:  _dmarc.foxfirenc.com
  Type:  TXT
  Value: v=DMARC1; p=none; rua=mailto:dmarc-reports@foxfirenc.com; fo=1

After a few weeks of reports, the policy can move to p=quarantine and then p=reject, which is what CISA recommends for government domains. Full step-by-step instructions: [GITHUB LINK]

If it would help, I'm glad to answer questions. I'll be re-checking all 609 domains in about thirty days to see how many have been secured, and I'd be glad to count yours.

Thank you,
Siddharth Santhosh
siddharthsann@gmail.com · 919-454-0875"
Franklinton,municipality,franklintonnc.gov,NO_DMARC,franklintonnc.gov,NO_DMARC,same,lchandler@franklintonnc.gov,Town Clerk,,Franklinton: your email domain can currently be spoofed (free 20-minute fix inside),"Hello,

I'm a high school senior in Cary. As an independent project, I checked the public email-security records of every NC school district and municipality, 609 in total, using standard DNS lookups. Nothing was sent to or accessed on your systems; these records are public by design.

Here is what I found for Franklinton:

franklintonnc.gov has no DMARC record at all.

What that means in practice: an email forged to look like it came from an @franklintonnc.gov address would not be rejected by the recipient's mail server. This is how business email compromise works, where a fake message from a director or manager asks a clerk to change a vendor's bank details. It is the most expensive category of cybercrime the FBI tracks, and local governments and school districts are frequent targets.

You are not alone: 68% of NC public bodies are in the same position.

The fix is free and takes about twenty minutes. The safe first step (monitoring mode) changes nothing about how your mail works today:

  Host:  _dmarc.franklintonnc.gov
  Type:  TXT
  Value: v=DMARC1; p=none; rua=mailto:dmarc-reports@franklintonnc.gov; fo=1

After a few weeks of reports, the policy can move to p=quarantine and then p=reject, which is what CISA recommends for government domains. Full step-by-step instructions: [GITHUB LINK]

If it would help, I'm glad to answer questions. I'll be re-checking all 609 domains in about thirty days to see how many have been secured, and I'd be glad to count yours.

Thank you,
Siddharth Santhosh
siddharthsann@gmail.com · 919-454-0875"
Franklinville,municipality,franklinvillenc.org,NO_DMARC,franklinvillenc.org,NO_DMARC,same,finance@franklinvillenc.org,Town Clerk,,Franklinville: your email domain can currently be spoofed (free 20-minute fix inside),"Hello,

I'm a high school senior in Cary. As an independent project, I checked the public email-security records of every NC school district and municipality, 609 in total, using standard DNS lookups. Nothing was sent to or accessed on your systems; these records are public by design.

Here is what I found for Franklinville:

franklinvillenc.org has no DMARC record at all.

What that means in practice: an email forged to look like it came from an @franklinvillenc.org address would not be rejected by the recipient's mail server. This is how business email compromise works, where a fake message from a director or manager asks a clerk to change a vendor's bank details. It is the most expensive category of cybercrime the FBI tracks, and local governments and school districts are frequent targets.

You are not alone: 68% of NC public bodies are in the same position.

The fix is free and takes about twenty minutes. The safe first step (monitoring mode) changes nothing about how your mail works today:

  Host:  _dmarc.franklinvillenc.org
  Type:  TXT
  Value: v=DMARC1; p=none; rua=mailto:dmarc-reports@franklinvillenc.org; fo=1

After a few weeks of reports, the policy can move to p=quarantine and then p=reject, which is what CISA recommends for government domains. Full step-by-step instructions: [GITHUB LINK]

If it would help, I'm glad to answer questions. I'll be re-checking all 609 domains in about thirty days to see how many have been secured, and I'd be glad to count yours.

Thank you,
Siddharth Santhosh
siddharthsann@gmail.com · 919-454-0875"
Gamewell,municipality,townofgamewell.com,NO_DMARC,bellsouth.net,n/a (consumer provider),consumer,townofgamewell@bellsouth.net,General contact,,Gamewell: your email domain can currently be spoofed (free 20-minute fix inside),"Hello,

I'm a high school senior in Cary. As an independent project, I checked the public email-security records of every NC school district and municipality, 609 in total, using standard DNS lookups. Nothing was sent to or accessed on your systems; these records are public by design.

Here is what I found for Gamewell:

townofgamewell.com has no DMARC record at all. (Your staff mail runs on bellsouth.net, which is fine; this is about the town's own domain.)

What that means in practice: anyone can send an email that appears to come from an @townofgamewell.com address, and nothing tells the recipient it's fake. Attackers use unused domains exactly this way. This is how business email compromise works, where a fake message from a director or manager asks a clerk to change a vendor's bank details. It is the most expensive category of cybercrime the FBI tracks, and local governments and school districts are frequent targets.

You are not alone: 68% of NC public bodies are in the same position.

The fix is free and takes about twenty minutes. The safe first step (monitoring mode) changes nothing about how your mail works today:

  Host:  _dmarc.townofgamewell.com
  Type:  TXT
  Value: v=DMARC1; p=none; rua=mailto:dmarc-reports@townofgamewell.com; fo=1

After a few weeks of reports, the policy can move to p=quarantine and then p=reject, which is what CISA recommends for government domains. Full step-by-step instructions: [GITHUB LINK]

If it would help, I'm glad to answer questions. I'll be re-checking all 609 domains in about thirty days to see how many have been secured, and I'd be glad to count yours.

Thank you,
Siddharth Santhosh
siddharthsann@gmail.com · 919-454-0875"
Garner,municipality,garnernc.gov,NO_DMARC,garnernc.gov,NO_DMARC,same,itdepartment@garnernc.gov,Information Technology Department,,Garner: your email domain can currently be spoofed (free 20-minute fix inside),"Hello,

I'm a high school senior in Cary. As an independent project, I checked the public email-security records of every NC school district and municipality, 609 in total, using standard DNS lookups. Nothing was sent to or accessed on your systems; these records are public by design.

Here is what I found for Garner:

garnernc.gov has no DMARC record at all.

What that means in practice: an email forged to look like it came from an @garnernc.gov address would not be rejected by the recipient's mail server. This is how business email compromise works, where a fake message from a director or manager asks a clerk to change a vendor's bank details. It is the most expensive category of cybercrime the FBI tracks, and local governments and school districts are frequent targets.

You are not alone: 68% of NC public bodies are in the same position.

The fix is free and takes about twenty minutes. The safe first step (monitoring mode) changes nothing about how your mail works today:

  Host:  _dmarc.garnernc.gov
  Type:  TXT
  Value: v=DMARC1; p=none; rua=mailto:dmarc-reports@garnernc.gov; fo=1

After a few weeks of reports, the policy can move to p=quarantine and then p=reject, which is what CISA recommends for government domains. Full step-by-step instructions: [GITHUB LINK]

If it would help, I'm glad to answer questions. I'll be re-checking all 609 domains in about thirty days to see how many have been secured, and I'd be glad to count yours.

Thank you,
Siddharth Santhosh
siddharthsann@gmail.com · 919-454-0875"
Garysburg,municipality,townofgarysburgnc.org,NO_DMARC,embarqmail.com,n/a (consumer provider),consumer,garysburg@embarqmail.com,General contact,,Garysburg: your email domain can currently be spoofed (free 20-minute fix inside),"Hello,

I'm a high school senior in Cary. As an independent project, I checked the public email-security records of every NC school district and municipality, 609 in total, using standard DNS lookups. Nothing was sent to or accessed on your systems; these records are public by design.

Here is what I found for Garysburg:

townofgarysburgnc.org has no DMARC record at all. (Your staff mail runs on embarqmail.com, which is fine; this is about the town's own domain.)

What that means in practice: anyone can send an email that appears to come from an @townofgarysburgnc.org address, and nothing tells the recipient it's fake. Attackers use unused domains exactly this way. This is how business email compromise works, where a fake message from a director or manager asks a clerk to change a vendor's bank details. It is the most expensive category of cybercrime the FBI tracks, and local governments and school districts are frequent targets.

You are not alone: 68% of NC public bodies are in the same position.

The fix is free and takes about twenty minutes. The safe first step (monitoring mode) changes nothing about how your mail works today:

  Host:  _dmarc.townofgarysburgnc.org
  Type:  TXT
  Value: v=DMARC1; p=none; rua=mailto:dmarc-reports@townofgarysburgnc.org; fo=1

After a few weeks of reports, the policy can move to p=quarantine and then p=reject, which is what CISA recommends for government domains. Full step-by-step instructions: [GITHUB LINK]

If it would help, I'm glad to answer questions. I'll be re-checking all 609 domains in about thirty days to see how many have been secured, and I'd be glad to count yours.

Thank you,
Siddharth Santhosh
siddharthsann@gmail.com · 919-454-0875"
Gastonia,municipality,gastonianc.gov,MONITOR_ONLY,gastonianc.gov,MONITOR_ONLY,same,brian.gray@gastonianc.gov,Technology Services (CIO),,Gastonia: your email domain can currently be spoofed (free 20-minute fix inside),"Hello,

I'm a high school senior in Cary. As an independent project, I checked the public email-security records of every NC school district and municipality, 609 in total, using standard DNS lookups. Nothing was sent to or accessed on your systems; these records are public by design.

Here is what I found for Gastonia:

gastonianc.gov has a DMARC record set to p=none, which reports forged mail but does not block it.

What that means in practice: an email forged to look like it came from an @gastonianc.gov address would not be rejected by the recipient's mail server. This is how business email compromise works, where a fake message from a director or manager asks a clerk to change a vendor's bank details. It is the most expensive category of cybercrime the FBI tracks, and local governments and school districts are frequent targets.

You are not alone: 68% of NC public bodies are in the same position.

The fix is free and takes about twenty minutes. The safe first step (monitoring mode) changes nothing about how your mail works today:

  Host:  _dmarc.gastonianc.gov
  Type:  TXT
  Value: v=DMARC1; p=none; rua=mailto:dmarc-reports@gastonianc.gov; fo=1

After a few weeks of reports, the policy can move to p=quarantine and then p=reject, which is what CISA recommends for government domains. Full step-by-step instructions: [GITHUB LINK]

If it would help, I'm glad to answer questions. I'll be re-checking all 609 domains in about thirty days to see how many have been secured, and I'd be glad to count yours.

Thank you,
Siddharth Santhosh
siddharthsann@gmail.com · 919-454-0875"
Gatesville,municipality,gatesville.org,NO_DMARC,gatesville.org,NO_DMARC,same,info@gatesville.org,General contact,,Gatesville: your email domain can currently be spoofed (free 20-minute fix inside),"Hello,

I'm a high school senior in Cary. As an independent project, I checked the public email-security records of every NC school district and municipality, 609 in total, using standard DNS lookups. Nothing was sent to or accessed on your systems; these records are public by design.

Here is what I found for Gatesville:

gatesville.org has no DMARC record at all.

What that means in practice: an email forged to look like it came from an @gatesville.org address would not be rejected by the recipient's mail server. This is how business email compromise works, where a fake message from a director or manager asks a clerk to change a vendor's bank details. It is the most expensive category of cybercrime the FBI tracks, and local governments and school districts are frequent targets.

You are not alone: 68% of NC public bodies are in the same position.

The fix is free and takes about twenty minutes. The safe first step (monitoring mode) changes nothing about how your mail works today:

  Host:  _dmarc.gatesville.org
  Type:  TXT
  Value: v=DMARC1; p=none; rua=mailto:dmarc-reports@gatesville.org; fo=1

After a few weeks of reports, the policy can move to p=quarantine and then p=reject, which is what CISA recommends for government domains. Full step-by-step instructions: [GITHUB LINK]

If it would help, I'm glad to answer questions. I'll be re-checking all 609 domains in about thirty days to see how many have been secured, and I'd be glad to count yours.

Thank you,
Siddharth Santhosh
siddharthsann@gmail.com · 919-454-0875"
Gibson,municipality,gibsonnc.com,NO_DMARC,outlook.com,n/a (consumer provider),consumer,towngibson@outlook.com,General contact,,Gibson: your email domain can currently be spoofed (free 20-minute fix inside),"Hello,

I'm a high school senior in Cary. As an independent project, I checked the public email-security records of every NC school district and municipality, 609 in total, using standard DNS lookups. Nothing was sent to or accessed on your systems; these records are public by design.

Here is what I found for Gibson:

gibsonnc.com has no DMARC record at all. (Your staff mail runs on outlook.com, which is fine; this is about the town's own domain.)

What that means in practice: anyone can send an email that appears to come from an @gibsonnc.com address, and nothing tells the recipient it's fake. Attackers use unused domains exactly this way. This is how business email compromise works, where a fake message from a director or manager asks a clerk to change a vendor's bank details. It is the most expensive category of cybercrime the FBI tracks, and local governments and school districts are frequent targets.

You are not alone: 68% of NC public bodies are in the same position.

The fix is free and takes about twenty minutes. The safe first step (monitoring mode) changes nothing about how your mail works today:

  Host:  _dmarc.gibsonnc.com
  Type:  TXT
  Value: v=DMARC1; p=none; rua=mailto:dmarc-reports@gibsonnc.com; fo=1

After a few weeks of reports, the policy can move to p=quarantine and then p=reject, which is what CISA recommends for government domains. Full step-by-step instructions: [GITHUB LINK]

If it would help, I'm glad to answer questions. I'll be re-checking all 609 domains in about thirty days to see how many have been secured, and I'd be glad to count yours.

Thank you,
Siddharth Santhosh
siddharthsann@gmail.com · 919-454-0875"
Gibsonville,municipality,gibsonvillenc.org,NO_DMARC,gibsonville.net,NO_DMARC,both_bad,bbaxley@gibsonville.net,General contact,,Gibsonville: your email domain can currently be spoofed (free 20-minute fix inside),"Hello,

I'm a high school senior in Cary. As an independent project, I checked the public email-security records of every NC school district and municipality, 609 in total, using standard DNS lookups. Nothing was sent to or accessed on your systems; these records are public by design.

Here is what I found for Gibsonville:

Both of your domains are affected. gibsonvillenc.org has no DMARC record at all. And your email domain: gibsonville.net has no DMARC record at all.

What that means in practice: an email forged to look like it came from an @gibsonville.net or @gibsonvillenc.org address would not be rejected by the recipient's mail server. This is how business email compromise works, where a fake message from a director or manager asks a clerk to change a vendor's bank details. It is the most expensive category of cybercrime the FBI tracks, and local governments and school districts are frequent targets.

You are not alone: 68% of NC public bodies are in the same position.

The fix is free and takes about twenty minutes. The safe first step (monitoring mode) changes nothing about how your mail works today:

  Host:  _dmarc.gibsonville.net
  Type:  TXT
  Value: v=DMARC1; p=none; rua=mailto:dmarc-reports@gibsonville.net; fo=1

and the same record for gibsonvillenc.org:
  Host:  _dmarc.gibsonvillenc.org
  Type:  TXT
  Value: v=DMARC1; p=none; rua=mailto:dmarc-reports@gibsonvillenc.org; fo=1

After a few weeks of reports, the policy can move to p=quarantine and then p=reject, which is what CISA recommends for government domains. Full step-by-step instructions: [GITHUB LINK]

If it would help, I'm glad to answer questions. I'll be re-checking all 609 domains in about thirty days to see how many have been secured, and I'd be glad to count yours.

Thank you,
Siddharth Santhosh
siddharthsann@gmail.com · 919-454-0875"
Glen Alpine,municipality,townofglenalpine.org,NO_DMARC,townofglenalpine.org,NO_DMARC,same,creed@townofglenalpine.org,Town Clerk,,Glen Alpine: your email domain can currently be spoofed (free 20-minute fix inside),"Hello,

I'm a high school senior in Cary. As an independent project, I checked the public email-security records of every NC school district and municipality, 609 in total, using standard DNS lookups. Nothing was sent to or accessed on your systems; these records are public by design.

Here is what I found for Glen Alpine:

townofglenalpine.org has no DMARC record at all.

What that means in practice: an email forged to look like it came from an @townofglenalpine.org address would not be rejected by the recipient's mail server. This is how business email compromise works, where a fake message from a director or manager asks a clerk to change a vendor's bank details. It is the most expensive category of cybercrime the FBI tracks, and local governments and school districts are frequent targets.

You are not alone: 68% of NC public bodies are in the same position.

The fix is free and takes about twenty minutes. The safe first step (monitoring mode) changes nothing about how your mail works today:

  Host:  _dmarc.townofglenalpine.org
  Type:  TXT
  Value: v=DMARC1; p=none; rua=mailto:dmarc-reports@townofglenalpine.org; fo=1

After a few weeks of reports, the policy can move to p=quarantine and then p=reject, which is what CISA recommends for government domains. Full step-by-step instructions: [GITHUB LINK]

If it would help, I'm glad to answer questions. I'll be re-checking all 609 domains in about thirty days to see how many have been secured, and I'd be glad to count yours.

Thank you,
Siddharth Santhosh
siddharthsann@gmail.com · 919-454-0875"
Godwin,municipality,godwinnc.com,NO_DMARC,godwinnc.com,NO_DMARC,same,town@godwinnc.com,General contact,,Godwin: your email domain can currently be spoofed (free 20-minute fix inside),"Hello,

I'm a high school senior in Cary. As an independent project, I checked the public email-security records of every NC school district and municipality, 609 in total, using standard DNS lookups. Nothing was sent to or accessed on your systems; these records are public by design.

Here is what I found for Godwin:

godwinnc.com has no DMARC record at all.

What that means in practice: an email forged to look like it came from an @godwinnc.com address would not be rejected by the recipient's mail server. This is how business email compromise works, where a fake message from a director or manager asks a clerk to change a vendor's bank details. It is the most expensive category of cybercrime the FBI tracks, and local governments and school districts are frequent targets.

You are not alone: 68% of NC public bodies are in the same position.

The fix is free and takes about twenty minutes. The safe first step (monitoring mode) changes nothing about how your mail works today:

  Host:  _dmarc.godwinnc.com
  Type:  TXT
  Value: v=DMARC1; p=none; rua=mailto:dmarc-reports@godwinnc.com; fo=1

After a few weeks of reports, the policy can move to p=quarantine and then p=reject, which is what CISA recommends for government domains. Full step-by-step instructions: [GITHUB LINK]

If it would help, I'm glad to answer questions. I'll be re-checking all 609 domains in about thirty days to see how many have been secured, and I'd be glad to count yours.

Thank you,
Siddharth Santhosh
siddharthsann@gmail.com · 919-454-0875"
Graham,municipality,cityofgraham.com,MONITOR_ONLY,cityofgraham.com,MONITOR_ONLY,same,rward@cityofgraham.com,City Clerk,,Graham: your email domain can currently be spoofed (free 20-minute fix inside),"Hello,

I'm a high school senior in Cary. As an independent project, I checked the public email-security records of every NC school district and municipality, 609 in total, using standard DNS lookups. Nothing was sent to or accessed on your systems; these records are public by design.

Here is what I found for Graham:

cityofgraham.com has a DMARC record set to p=none, which reports forged mail but does not block it.

What that means in practice: an email forged to look like it came from an @cityofgraham.com address would not be rejected by the recipient's mail server. This is how business email compromise works, where a fake message from a director or manager asks a clerk to change a vendor's bank details. It is the most expensive category of cybercrime the FBI tracks, and local governments and school districts are frequent targets.

You are not alone: 68% of NC public bodies are in the same position.

The fix is free and takes about twenty minutes. The safe first step (monitoring mode) changes nothing about how your mail works today:

  Host:  _dmarc.cityofgraham.com
  Type:  TXT
  Value: v=DMARC1; p=none; rua=mailto:dmarc-reports@cityofgraham.com; fo=1

After a few weeks of reports, the policy can move to p=quarantine and then p=reject, which is what CISA recommends for government domains. Full step-by-step instructions: [GITHUB LINK]

If it would help, I'm glad to answer questions. I'll be re-checking all 609 domains in about thirty days to see how many have been secured, and I'd be glad to count yours.

Thank you,
Siddharth Santhosh
siddharthsann@gmail.com · 919-454-0875"
Granite Falls,municipality,granitefallsnc.gov,NO_DMARC,granitefallsnc.com,NO_DMARC,both_bad,admin@granitefallsnc.com,General contact,,Granite Falls: your email domain can currently be spoofed (free 20-minute fix inside),"Hello,

I'm a high school senior in Cary. As an independent project, I checked the public email-security records of every NC school district and municipality, 609 in total, using standard DNS lookups. Nothing was sent to or accessed on your systems; these records are public by design.

Here is what I found for Granite Falls:

Both of your domains are affected. granitefallsnc.gov has no DMARC record at all. And your email domain: granitefallsnc.com has no DMARC record at all.

What that means in practice: an email forged to look like it came from an @granitefallsnc.com or @granitefallsnc.gov address would not be rejected by the recipient's mail server. This is how business email compromise works, where a fake message from a director or manager asks a clerk to change a vendor's bank details. It is the most expensive category of cybercrime the FBI tracks, and local governments and school districts are frequent targets.

You are not alone: 68% of NC public bodies are in the same position.

The fix is free and takes about twenty minutes. The safe first step (monitoring mode) changes nothing about how your mail works today:

  Host:  _dmarc.granitefallsnc.com
  Type:  TXT
  Value: v=DMARC1; p=none; rua=mailto:dmarc-reports@granitefallsnc.com; fo=1

and the same record for granitefallsnc.gov:
  Host:  _dmarc.granitefallsnc.gov
  Type:  TXT
  Value: v=DMARC1; p=none; rua=mailto:dmarc-reports@granitefallsnc.gov; fo=1

After a few weeks of reports, the policy can move to p=quarantine and then p=reject, which is what CISA recommends for government domains. Full step-by-step instructions: [GITHUB LINK]

If it would help, I'm glad to answer questions. I'll be re-checking all 609 domains in about thirty days to see how many have been secured, and I'd be glad to count yours.

Thank you,
Siddharth Santhosh
siddharthsann@gmail.com · 919-454-0875"
Grantsboro,municipality,grantsboronc.com,NO_DMARC,embarqmail.com,n/a (consumer provider),consumer,GrantsboroNC@embarqmail.com,General contact,,Grantsboro: your email domain can currently be spoofed (free 20-minute fix inside),"Hello,

I'm a high school senior in Cary. As an independent project, I checked the public email-security records of every NC school district and municipality, 609 in total, using standard DNS lookups. Nothing was sent to or accessed on your systems; these records are public by design.

Here is what I found for Grantsboro:

grantsboronc.com has no DMARC record at all. (Your staff mail runs on embarqmail.com, which is fine; this is about the town's own domain.)

What that means in practice: anyone can send an email that appears to come from an @grantsboronc.com address, and nothing tells the recipient it's fake. Attackers use unused domains exactly this way. This is how business email compromise works, where a fake message from a director or manager asks a clerk to change a vendor's bank details. It is the most expensive category of cybercrime the FBI tracks, and local governments and school districts are frequent targets.

You are not alone: 68% of NC public bodies are in the same position.

The fix is free and takes about twenty minutes. The safe first step (monitoring mode) changes nothing about how your mail works today:

  Host:  _dmarc.grantsboronc.com
  Type:  TXT
  Value: v=DMARC1; p=none; rua=mailto:dmarc-reports@grantsboronc.com; fo=1

After a few weeks of reports, the policy can move to p=quarantine and then p=reject, which is what CISA recommends for government domains. Full step-by-step instructions: [GITHUB LINK]

If it would help, I'm glad to answer questions. I'll be re-checking all 609 domains in about thirty days to see how many have been secured, and I'd be glad to count yours.

Thank you,
Siddharth Santhosh
siddharthsann@gmail.com · 919-454-0875"
Green Level,municipality,greenlevelnc.com,NO_DMARC,greenlevelnc.com,NO_DMARC,same,townclerk@greenlevelnc.com,Town Clerk,,Green Level: your email domain can currently be spoofed (free 20-minute fix inside),"Hello,

I'm a high school senior in Cary. As an independent project, I checked the public email-security records of every NC school district and municipality, 609 in total, using standard DNS lookups. Nothing was sent to or accessed on your systems; these records are public by design.

Here is what I found for Green Level:

greenlevelnc.com has no DMARC record at all.

What that means in practice: an email forged to look like it came from an @greenlevelnc.com address would not be rejected by the recipient's mail server. This is how business email compromise works, where a fake message from a director or manager asks a clerk to change a vendor's bank details. It is the most expensive category of cybercrime the FBI tracks, and local governments and school districts are frequent targets.

You are not alone: 68% of NC public bodies are in the same position.

The fix is free and takes about twenty minutes. The safe first step (monitoring mode) changes nothing about how your mail works today:

  Host:  _dmarc.greenlevelnc.com
  Type:  TXT
  Value: v=DMARC1; p=none; rua=mailto:dmarc-reports@greenlevelnc.com; fo=1

After a few weeks of reports, the policy can move to p=quarantine and then p=reject, which is what CISA recommends for government domains. Full step-by-step instructions: [GITHUB LINK]

If it would help, I'm glad to answer questions. I'll be re-checking all 609 domains in about thirty days to see how many have been secured, and I'd be glad to count yours.

Thank you,
Siddharth Santhosh
siddharthsann@gmail.com · 919-454-0875"
Grifton,municipality,grifton.com,MONITOR_ONLY,grifton.com,MONITOR_ONLY,same,townmanager@grifton.com,Town Manager,,Grifton: your email domain can currently be spoofed (free 20-minute fix inside),"Hello,

I'm a high school senior in Cary. As an independent project, I checked the public email-security records of every NC school district and municipality, 609 in total, using standard DNS lookups. Nothing was sent to or accessed on your systems; these records are public by design.

Here is what I found for Grifton:

grifton.com has a DMARC record set to p=none, which reports forged mail but does not block it.

What that means in practice: an email forged to look like it came from an @grifton.com address would not be rejected by the recipient's mail server. This is how business email compromise works, where a fake message from a director or manager asks a clerk to change a vendor's bank details. It is the most expensive category of cybercrime the FBI tracks, and local governments and school districts are frequent targets.

You are not alone: 68% of NC public bodies are in the same position.

The fix is free and takes about twenty minutes. The safe first step (monitoring mode) changes nothing about how your mail works today:

  Host:  _dmarc.grifton.com
  Type:  TXT
  Value: v=DMARC1; p=none; rua=mailto:dmarc-reports@grifton.com; fo=1

After a few weeks of reports, the policy can move to p=quarantine and then p=reject, which is what CISA recommends for government domains. Full step-by-step instructions: [GITHUB LINK]

If it would help, I'm glad to answer questions. I'll be re-checking all 609 domains in about thirty days to see how many have been secured, and I'd be glad to count yours.

Thank you,
Siddharth Santhosh
siddharthsann@gmail.com · 919-454-0875"
Grimesland,municipality,grimesland.org,NO_DMARC,grimesland.org,NO_DMARC,same,townclerk@grimesland.org,Town Clerk,,Grimesland: your email domain can currently be spoofed (free 20-minute fix inside),"Hello,

I'm a high school senior in Cary. As an independent project, I checked the public email-security records of every NC school district and municipality, 609 in total, using standard DNS lookups. Nothing was sent to or accessed on your systems; these records are public by design.

Here is what I found for Grimesland:

grimesland.org has no DMARC record at all.

What that means in practice: an email forged to look like it came from an @grimesland.org address would not be rejected by the recipient's mail server. This is how business email compromise works, where a fake message from a director or manager asks a clerk to change a vendor's bank details. It is the most expensive category of cybercrime the FBI tracks, and local governments and school districts are frequent targets.

You are not alone: 68% of NC public bodies are in the same position.

The fix is free and takes about twenty minutes. The safe first step (monitoring mode) changes nothing about how your mail works today:

  Host:  _dmarc.grimesland.org
  Type:  TXT
  Value: v=DMARC1; p=none; rua=mailto:dmarc-reports@grimesland.org; fo=1

After a few weeks of reports, the policy can move to p=quarantine and then p=reject, which is what CISA recommends for government domains. Full step-by-step instructions: [GITHUB LINK]

If it would help, I'm glad to answer questions. I'll be re-checking all 609 domains in about thirty days to see how many have been secured, and I'd be glad to count yours.

Thank you,
Siddharth Santhosh
siddharthsann@gmail.com · 919-454-0875"
Grover,municipality,grovernc.com,NO_DMARC,townofgrovernc.com,NO_DMARC,both_bad,c.williams@townofgrovernc.com,Town Clerk,,Grover: your email domain can currently be spoofed (free 20-minute fix inside),"Hello,

I'm a high school senior in Cary. As an independent project, I checked the public email-security records of every NC school district and municipality, 609 in total, using standard DNS lookups. Nothing was sent to or accessed on your systems; these records are public by design.

Here is what I found for Grover:

Both of your domains are affected. grovernc.com has no DMARC record at all. And your email domain: townofgrovernc.com has no DMARC record at all.

What that means in practice: an email forged to look like it came from an @townofgrovernc.com or @grovernc.com address would not be rejected by the recipient's mail server. This is how business email compromise works, where a fake message from a director or manager asks a clerk to change a vendor's bank details. It is the most expensive category of cybercrime the FBI tracks, and local governments and school districts are frequent targets.

You are not alone: 68% of NC public bodies are in the same position.

The fix is free and takes about twenty minutes. The safe first step (monitoring mode) changes nothing about how your mail works today:

  Host:  _dmarc.townofgrovernc.com
  Type:  TXT
  Value: v=DMARC1; p=none; rua=mailto:dmarc-reports@townofgrovernc.com; fo=1

and the same record for grovernc.com:
  Host:  _dmarc.grovernc.com
  Type:  TXT
  Value: v=DMARC1; p=none; rua=mailto:dmarc-reports@grovernc.com; fo=1

After a few weeks of reports, the policy can move to p=quarantine and then p=reject, which is what CISA recommends for government domains. Full step-by-step instructions: [GITHUB LINK]

If it would help, I'm glad to answer questions. I'll be re-checking all 609 domains in about thirty days to see how many have been secured, and I'd be glad to count yours.

Thank you,
Siddharth Santhosh
siddharthsann@gmail.com · 919-454-0875"
Halifax,municipality,historichalifaxnc.com,MONITOR_ONLY,historichalifaxnc.com,MONITOR_ONLY,same,clerk@historichalifaxnc.com,Town Clerk,,Halifax: your email domain can currently be spoofed (free 20-minute fix inside),"Hello,

I'm a high school senior in Cary. As an independent project, I checked the public email-security records of every NC school district and municipality, 609 in total, using standard DNS lookups. Nothing was sent to or accessed on your systems; these records are public by design.

Here is what I found for Halifax:

historichalifaxnc.com has a DMARC record set to p=none, which reports forged mail but does not block it.

What that means in practice: an email forged to look like it came from an @historichalifaxnc.com address would not be rejected by the recipient's mail server. This is how business email compromise works, where a fake message from a director or manager asks a clerk to change a vendor's bank details. It is the most expensive category of cybercrime the FBI tracks, and local governments and school districts are frequent targets.

You are not alone: 68% of NC public bodies are in the same position.

The fix is free and takes about twenty minutes. The safe first step (monitoring mode) changes nothing about how your mail works today:

  Host:  _dmarc.historichalifaxnc.com
  Type:  TXT
  Value: v=DMARC1; p=none; rua=mailto:dmarc-reports@historichalifaxnc.com; fo=1

After a few weeks of reports, the policy can move to p=quarantine and then p=reject, which is what CISA recommends for government domains. Full step-by-step instructions: [GITHUB LINK]

If it would help, I'm glad to answer questions. I'll be re-checking all 609 domains in about thirty days to see how many have been secured, and I'd be glad to count yours.

Thank you,
Siddharth Santhosh
siddharthsann@gmail.com · 919-454-0875"
Hamilton,municipality,town-of-hamilton.org,NO_DMARC,gmail.com,n/a (consumer provider),consumer,townhamilton06@gmail.com,Town Clerk,,Hamilton: your email domain can currently be spoofed (free 20-minute fix inside),"Hello,

I'm a high school senior in Cary. As an independent project, I checked the public email-security records of every NC school district and municipality, 609 in total, using standard DNS lookups. Nothing was sent to or accessed on your systems; these records are public by design.

Here is what I found for Hamilton:

town-of-hamilton.org has no DMARC record at all. (Your staff mail runs on gmail.com, which is fine; this is about the town's own domain.)

What that means in practice: anyone can send an email that appears to come from an @town-of-hamilton.org address, and nothing tells the recipient it's fake. Attackers use unused domains exactly this way. This is how business email compromise works, where a fake message from a director or manager asks a clerk to change a vendor's bank details. It is the most expensive category of cybercrime the FBI tracks, and local governments and school districts are frequent targets.

You are not alone: 68% of NC public bodies are in the same position.

The fix is free and takes about twenty minutes. The safe first step (monitoring mode) changes nothing about how your mail works today:

  Host:  _dmarc.town-of-hamilton.org
  Type:  TXT
  Value: v=DMARC1; p=none; rua=mailto:dmarc-reports@town-of-hamilton.org; fo=1

After a few weeks of reports, the policy can move to p=quarantine and then p=reject, which is what CISA recommends for government domains. Full step-by-step instructions: [GITHUB LINK]

If it would help, I'm glad to answer questions. I'll be re-checking all 609 domains in about thirty days to see how many have been secured, and I'd be glad to count yours.

Thank you,
Siddharth Santhosh
siddharthsann@gmail.com · 919-454-0875"
Hamlet,municipality,hamletnc.us,NO_DMARC,hamletnc.us,NO_DMARC,same,hhawks@hamletnc.us,City Clerk,,Hamlet: your email domain can currently be spoofed (free 20-minute fix inside),"Hello,

I'm a high school senior in Cary. As an independent project, I checked the public email-security records of every NC school district and municipality, 609 in total, using standard DNS lookups. Nothing was sent to or accessed on your systems; these records are public by design.

Here is what I found for Hamlet:

hamletnc.us has no DMARC record at all.

What that means in practice: an email forged to look like it came from an @hamletnc.us address would not be rejected by the recipient's mail server. This is how business email compromise works, where a fake message from a director or manager asks a clerk to change a vendor's bank details. It is the most expensive category of cybercrime the FBI tracks, and local governments and school districts are frequent targets.

You are not alone: 68% of NC public bodies are in the same position.

The fix is free and takes about twenty minutes. The safe first step (monitoring mode) changes nothing about how your mail works today:

  Host:  _dmarc.hamletnc.us
  Type:  TXT
  Value: v=DMARC1; p=none; rua=mailto:dmarc-reports@hamletnc.us; fo=1

After a few weeks of reports, the policy can move to p=quarantine and then p=reject, which is what CISA recommends for government domains. Full step-by-step instructions: [GITHUB LINK]

If it would help, I'm glad to answer questions. I'll be re-checking all 609 domains in about thirty days to see how many have been secured, and I'd be glad to count yours.

Thank you,
Siddharth Santhosh
siddharthsann@gmail.com · 919-454-0875"
Haw River,municipality,townofhawriver.com,MONITOR_ONLY,townofhawriver.com,MONITOR_ONLY,same,lgonzalez@townofhawriver.com,Town Clerk,,Haw River: your email domain can currently be spoofed (free 20-minute fix inside),"Hello,

I'm a high school senior in Cary. As an independent project, I checked the public email-security records of every NC school district and municipality, 609 in total, using standard DNS lookups. Nothing was sent to or accessed on your systems; these records are public by design.

Here is what I found for Haw River:

townofhawriver.com has a DMARC record set to p=none, which reports forged mail but does not block it.

What that means in practice: an email forged to look like it came from an @townofhawriver.com address would not be rejected by the recipient's mail server. This is how business email compromise works, where a fake message from a director or manager asks a clerk to change a vendor's bank details. It is the most expensive category of cybercrime the FBI tracks, and local governments and school districts are frequent targets.

You are not alone: 68% of NC public bodies are in the same position.

The fix is free and takes about twenty minutes. The safe first step (monitoring mode) changes nothing about how your mail works today:

  Host:  _dmarc.townofhawriver.com
  Type:  TXT
  Value: v=DMARC1; p=none; rua=mailto:dmarc-reports@townofhawriver.com; fo=1

After a few weeks of reports, the policy can move to p=quarantine and then p=reject, which is what CISA recommends for government domains. Full step-by-step instructions: [GITHUB LINK]

If it would help, I'm glad to answer questions. I'll be re-checking all 609 domains in about thirty days to see how many have been secured, and I'd be glad to count yours.

Thank you,
Siddharth Santhosh
siddharthsann@gmail.com · 919-454-0875"
Hayesville,municipality,townofhayesville.com,NO_DMARC,townofhayesville.com,NO_DMARC,same,clerk@townofhayesville.com,Town Clerk,,Hayesville: your email domain can currently be spoofed (free 20-minute fix inside),"Hello,

I'm a high school senior in Cary. As an independent project, I checked the public email-security records of every NC school district and municipality, 609 in total, using standard DNS lookups. Nothing was sent to or accessed on your systems; these records are public by design.

Here is what I found for Hayesville:

townofhayesville.com has no DMARC record at all.

What that means in practice: an email forged to look like it came from an @townofhayesville.com address would not be rejected by the recipient's mail server. This is how business email compromise works, where a fake message from a director or manager asks a clerk to change a vendor's bank details. It is the most expensive category of cybercrime the FBI tracks, and local governments and school districts are frequent targets.

You are not alone: 68% of NC public bodies are in the same position.

The fix is free and takes about twenty minutes. The safe first step (monitoring mode) changes nothing about how your mail works today:

  Host:  _dmarc.townofhayesville.com
  Type:  TXT
  Value: v=DMARC1; p=none; rua=mailto:dmarc-reports@townofhayesville.com; fo=1

After a few weeks of reports, the policy can move to p=quarantine and then p=reject, which is what CISA recommends for government domains. Full step-by-step instructions: [GITHUB LINK]

If it would help, I'm glad to answer questions. I'll be re-checking all 609 domains in about thirty days to see how many have been secured, and I'd be glad to count yours.

Thank you,
Siddharth Santhosh
siddharthsann@gmail.com · 919-454-0875"
Hertford,municipality,townofhertfordnc.com,NO_DMARC,townofhertfordnc.com,NO_DMARC,same,townclerk@townofhertfordnc.com,Town Clerk,,Hertford: your email domain can currently be spoofed (free 20-minute fix inside),"Hello,

I'm a high school senior in Cary. As an independent project, I checked the public email-security records of every NC school district and municipality, 609 in total, using standard DNS lookups. Nothing was sent to or accessed on your systems; these records are public by design.

Here is what I found for Hertford:

townofhertfordnc.com has no DMARC record at all.

What that means in practice: an email forged to look like it came from an @townofhertfordnc.com address would not be rejected by the recipient's mail server. This is how business email compromise works, where a fake message from a director or manager asks a clerk to change a vendor's bank details. It is the most expensive category of cybercrime the FBI tracks, and local governments and school districts are frequent targets.

You are not alone: 68% of NC public bodies are in the same position.

The fix is free and takes about twenty minutes. The safe first step (monitoring mode) changes nothing about how your mail works today:

  Host:  _dmarc.townofhertfordnc.com
  Type:  TXT
  Value: v=DMARC1; p=none; rua=mailto:dmarc-reports@townofhertfordnc.com; fo=1

After a few weeks of reports, the policy can move to p=quarantine and then p=reject, which is what CISA recommends for government domains. Full step-by-step instructions: [GITHUB LINK]

If it would help, I'm glad to answer questions. I'll be re-checking all 609 domains in about thirty days to see how many have been secured, and I'd be glad to count yours.

Thank you,
Siddharth Santhosh
siddharthsann@gmail.com · 919-454-0875"
Hickory,municipality,hickorync.gov,MONITOR_ONLY,hickorync.gov,MONITOR_ONLY,same,dmiller@hickorync.gov,City Clerk,,Hickory: your email domain can currently be spoofed (free 20-minute fix inside),"Hello,

I'm a high school senior in Cary. As an independent project, I checked the public email-security records of every NC school district and municipality, 609 in total, using standard DNS lookups. Nothing was sent to or accessed on your systems; these records are public by design.

Here is what I found for Hickory:

hickorync.gov has a DMARC record set to p=none, which reports forged mail but does not block it.

What that means in practice: an email forged to look like it came from an @hickorync.gov address would not be rejected by the recipient's mail server. This is how business email compromise works, where a fake message from a director or manager asks a clerk to change a vendor's bank details. It is the most expensive category of cybercrime the FBI tracks, and local governments and school districts are frequent targets.

You are not alone: 68% of NC public bodies are in the same position.

The fix is free and takes about twenty minutes. The safe first step (monitoring mode) changes nothing about how your mail works today:

  Host:  _dmarc.hickorync.gov
  Type:  TXT
  Value: v=DMARC1; p=none; rua=mailto:dmarc-reports@hickorync.gov; fo=1

After a few weeks of reports, the policy can move to p=quarantine and then p=reject, which is what CISA recommends for government domains. Full step-by-step instructions: [GITHUB LINK]

If it would help, I'm glad to answer questions. I'll be re-checking all 609 domains in about thirty days to see how many have been secured, and I'd be glad to count yours.

Thank you,
Siddharth Santhosh
siddharthsann@gmail.com · 919-454-0875"
High Point,municipality,highpointnc.gov,PARTIAL,highpointnc.gov,PARTIAL,same,adam.ward@highpointnc.gov,IT Department,,High Point: your email domain can currently be spoofed (free 20-minute fix inside),"Hello,

I'm a high school senior in Cary. As an independent project, I checked the public email-security records of every NC school district and municipality, 609 in total, using standard DNS lookups. Nothing was sent to or accessed on your systems; these records are public by design.

Here is what I found for High Point:

highpointnc.gov applies its DMARC policy to only 50% of mail, so forged messages in the remainder are not blocked.

What that means in practice: an email forged to look like it came from an @highpointnc.gov address would not be rejected by the recipient's mail server. This is how business email compromise works, where a fake message from a director or manager asks a clerk to change a vendor's bank details. It is the most expensive category of cybercrime the FBI tracks, and local governments and school districts are frequent targets.

You are not alone: 68% of NC public bodies are in the same position.

The fix is free and takes about twenty minutes. The safe first step (monitoring mode) changes nothing about how your mail works today:

  Host:  _dmarc.highpointnc.gov
  Type:  TXT
  Value: v=DMARC1; p=none; rua=mailto:dmarc-reports@highpointnc.gov; fo=1

After a few weeks of reports, the policy can move to p=quarantine and then p=reject, which is what CISA recommends for government domains. Full step-by-step instructions: [GITHUB LINK]

If it would help, I'm glad to answer questions. I'll be re-checking all 609 domains in about thirty days to see how many have been secured, and I'd be glad to count yours.

Thank you,
Siddharth Santhosh
siddharthsann@gmail.com · 919-454-0875"
High Shoals,municipality,highshoals.gov,NO_DMARC,highshoals.gov,NO_DMARC,same,bs@highshoals.gov,City Hall,,High Shoals: your email domain can currently be spoofed (free 20-minute fix inside),"Hello,

I'm a high school senior in Cary. As an independent project, I checked the public email-security records of every NC school district and municipality, 609 in total, using standard DNS lookups. Nothing was sent to or accessed on your systems; these records are public by design.

Here is what I found for High Shoals:

highshoals.gov has no DMARC record at all.

What that means in practice: an email forged to look like it came from an @highshoals.gov address would not be rejected by the recipient's mail server. This is how business email compromise works, where a fake message from a director or manager asks a clerk to change a vendor's bank details. It is the most expensive category of cybercrime the FBI tracks, and local governments and school districts are frequent targets.

You are not alone: 68% of NC public bodies are in the same position.

The fix is free and takes about twenty minutes. The safe first step (monitoring mode) changes nothing about how your mail works today:

  Host:  _dmarc.highshoals.gov
  Type:  TXT
  Value: v=DMARC1; p=none; rua=mailto:dmarc-reports@highshoals.gov; fo=1

After a few weeks of reports, the policy can move to p=quarantine and then p=reject, which is what CISA recommends for government domains. Full step-by-step instructions: [GITHUB LINK]

If it would help, I'm glad to answer questions. I'll be re-checking all 609 domains in about thirty days to see how many have been secured, and I'd be glad to count yours.

Thank you,
Siddharth Santhosh
siddharthsann@gmail.com · 919-454-0875"
Hildebran,municipality,hildebrannc.com,NO_DMARC,hildebrannc.org,NO_DMARC,both_bad,townhall@hildebranNC.org,General contact,,Hildebran: your email domain can currently be spoofed (free 20-minute fix inside),"Hello,

I'm a high school senior in Cary. As an independent project, I checked the public email-security records of every NC school district and municipality, 609 in total, using standard DNS lookups. Nothing was sent to or accessed on your systems; these records are public by design.

Here is what I found for Hildebran:

Both of your domains are affected. hildebrannc.com has no DMARC record at all. And your email domain: hildebrannc.org has no DMARC record at all.

What that means in practice: an email forged to look like it came from an @hildebrannc.org or @hildebrannc.com address would not be rejected by the recipient's mail server. This is how business email compromise works, where a fake message from a director or manager asks a clerk to change a vendor's bank details. It is the most expensive category of cybercrime the FBI tracks, and local governments and school districts are frequent targets.

You are not alone: 68% of NC public bodies are in the same position.

The fix is free and takes about twenty minutes. The safe first step (monitoring mode) changes nothing about how your mail works today:

  Host:  _dmarc.hildebrannc.org
  Type:  TXT
  Value: v=DMARC1; p=none; rua=mailto:dmarc-reports@hildebrannc.org; fo=1

and the same record for hildebrannc.com:
  Host:  _dmarc.hildebrannc.com
  Type:  TXT
  Value: v=DMARC1; p=none; rua=mailto:dmarc-reports@hildebrannc.com; fo=1

After a few weeks of reports, the policy can move to p=quarantine and then p=reject, which is what CISA recommends for government domains. Full step-by-step instructions: [GITHUB LINK]

If it would help, I'm glad to answer questions. I'll be re-checking all 609 domains in about thirty days to see how many have been secured, and I'd be glad to count yours.

Thank you,
Siddharth Santhosh
siddharthsann@gmail.com · 919-454-0875"
Hobgood,municipality,thetownofhobgood.com,NO_DMARC,hobgood.nc.gov,ENFORCED_REJECT,mail_ok,renee.ellis@hobgood.nc.gov,Town Clerk,,Hobgood: your email domain can currently be spoofed (free 20-minute fix inside),"Hello,

I'm a high school senior in Cary. As an independent project, I checked the public email-security records of every NC school district and municipality, 609 in total, using standard DNS lookups. Nothing was sent to or accessed on your systems; these records are public by design.

Here is what I found for Hobgood:

Good news first: your email domain hobgood.nc.gov is properly protected (DMARC reject). But thetownofhobgood.com has no DMARC record at all.

What that means in practice: someone can still send mail that appears to come from an @thetownofhobgood.com address, which most recipients won't distinguish from your real one. This is how business email compromise works, where a fake message from a director or manager asks a clerk to change a vendor's bank details. It is the most expensive category of cybercrime the FBI tracks, and local governments and school districts are frequent targets.

You are not alone: 68% of NC public bodies are in the same position.

The fix is free and takes about twenty minutes. The safe first step (monitoring mode) changes nothing about how your mail works today:

  Host:  _dmarc.thetownofhobgood.com
  Type:  TXT
  Value: v=DMARC1; p=none; rua=mailto:dmarc-reports@thetownofhobgood.com; fo=1

After a few weeks of reports, the policy can move to p=quarantine and then p=reject, which is what CISA recommends for government domains. Full step-by-step instructions: [GITHUB LINK]

If it would help, I'm glad to answer questions. I'll be re-checking all 609 domains in about thirty days to see how many have been secured, and I'd be glad to count yours.

Thank you,
Siddharth Santhosh
siddharthsann@gmail.com · 919-454-0875"
Holden Beach,municipality,hbtownhall.com,NO_DMARC,hbtownhall.com,NO_DMARC,same,heather@hbtownhall.com,Town Clerk,,Holden Beach: your email domain can currently be spoofed (free 20-minute fix inside),"Hello,

I'm a high school senior in Cary. As an independent project, I checked the public email-security records of every NC school district and municipality, 609 in total, using standard DNS lookups. Nothing was sent to or accessed on your systems; these records are public by design.

Here is what I found for Holden Beach:

hbtownhall.com has no DMARC record at all.

What that means in practice: an email forged to look like it came from an @hbtownhall.com address would not be rejected by the recipient's mail server. This is how business email compromise works, where a fake message from a director or manager asks a clerk to change a vendor's bank details. It is the most expensive category of cybercrime the FBI tracks, and local governments and school districts are frequent targets.

You are not alone: 68% of NC public bodies are in the same position.

The fix is free and takes about twenty minutes. The safe first step (monitoring mode) changes nothing about how your mail works today:

  Host:  _dmarc.hbtownhall.com
  Type:  TXT
  Value: v=DMARC1; p=none; rua=mailto:dmarc-reports@hbtownhall.com; fo=1

After a few weeks of reports, the policy can move to p=quarantine and then p=reject, which is what CISA recommends for government domains. Full step-by-step instructions: [GITHUB LINK]

If it would help, I'm glad to answer questions. I'll be re-checking all 609 domains in about thirty days to see how many have been secured, and I'd be glad to count yours.

Thank you,
Siddharth Santhosh
siddharthsann@gmail.com · 919-454-0875"
Hudson,municipality,townofhudsonnc.com,NO_DMARC,townofhudsonnc.com,NO_DMARC,same,tammy.swanson@townofhudsonnc.com,Town Clerk,,Hudson: your email domain can currently be spoofed (free 20-minute fix inside),"Hello,

I'm a high school senior in Cary. As an independent project, I checked the public email-security records of every NC school district and municipality, 609 in total, using standard DNS lookups. Nothing was sent to or accessed on your systems; these records are public by design.

Here is what I found for Hudson:

townofhudsonnc.com has no DMARC record at all.

What that means in practice: an email forged to look like it came from an @townofhudsonnc.com address would not be rejected by the recipient's mail server. This is how business email compromise works, where a fake message from a director or manager asks a clerk to change a vendor's bank details. It is the most expensive category of cybercrime the FBI tracks, and local governments and school districts are frequent targets.

You are not alone: 68% of NC public bodies are in the same position.

The fix is free and takes about twenty minutes. The safe first step (monitoring mode) changes nothing about how your mail works today:

  Host:  _dmarc.townofhudsonnc.com
  Type:  TXT
  Value: v=DMARC1; p=none; rua=mailto:dmarc-reports@townofhudsonnc.com; fo=1

After a few weeks of reports, the policy can move to p=quarantine and then p=reject, which is what CISA recommends for government domains. Full step-by-step instructions: [GITHUB LINK]

If it would help, I'm glad to answer questions. I'll be re-checking all 609 domains in about thirty days to see how many have been secured, and I'd be glad to count yours.

Thank you,
Siddharth Santhosh
siddharthsann@gmail.com · 919-454-0875"
Indian Beach,municipality,indianbeach.org,MONITOR_ONLY,indianbeach.org,MONITOR_ONLY,same,admin@indianbeach.org,General contact,,Indian Beach: your email domain can currently be spoofed (free 20-minute fix inside),"Hello,

I'm a high school senior in Cary. As an independent project, I checked the public email-security records of every NC school district and municipality, 609 in total, using standard DNS lookups. Nothing was sent to or accessed on your systems; these records are public by design.

Here is what I found for Indian Beach:

indianbeach.org has a DMARC record set to p=none, which reports forged mail but does not block it.

What that means in practice: an email forged to look like it came from an @indianbeach.org address would not be rejected by the recipient's mail server. This is how business email compromise works, where a fake message from a director or manager asks a clerk to change a vendor's bank details. It is the most expensive category of cybercrime the FBI tracks, and local governments and school districts are frequent targets.

You are not alone: 68% of NC public bodies are in the same position.

The fix is free and takes about twenty minutes. The safe first step (monitoring mode) changes nothing about how your mail works today:

  Host:  _dmarc.indianbeach.org
  Type:  TXT
  Value: v=DMARC1; p=none; rua=mailto:dmarc-reports@indianbeach.org; fo=1

After a few weeks of reports, the policy can move to p=quarantine and then p=reject, which is what CISA recommends for government domains. Full step-by-step instructions: [GITHUB LINK]

If it would help, I'm glad to answer questions. I'll be re-checking all 609 domains in about thirty days to see how many have been secured, and I'd be glad to count yours.

Thank you,
Siddharth Santhosh
siddharthsann@gmail.com · 919-454-0875"
Jamestown,municipality,jamestown-nc.gov,MONITOR_ONLY,jamestown-nc.gov,MONITOR_ONLY,same,kweiner@jamestown-nc.gov,Town Clerk,,Jamestown: your email domain can currently be spoofed (free 20-minute fix inside),"Hello,

I'm a high school senior in Cary. As an independent project, I checked the public email-security records of every NC school district and municipality, 609 in total, using standard DNS lookups. Nothing was sent to or accessed on your systems; these records are public by design.

Here is what I found for Jamestown:

jamestown-nc.gov has a DMARC record set to p=none, which reports forged mail but does not block it.

What that means in practice: an email forged to look like it came from an @jamestown-nc.gov address would not be rejected by the recipient's mail server. This is how business email compromise works, where a fake message from a director or manager asks a clerk to change a vendor's bank details. It is the most expensive category of cybercrime the FBI tracks, and local governments and school districts are frequent targets.

You are not alone: 68% of NC public bodies are in the same position.

The fix is free and takes about twenty minutes. The safe first step (monitoring mode) changes nothing about how your mail works today:

  Host:  _dmarc.jamestown-nc.gov
  Type:  TXT
  Value: v=DMARC1; p=none; rua=mailto:dmarc-reports@jamestown-nc.gov; fo=1

After a few weeks of reports, the policy can move to p=quarantine and then p=reject, which is what CISA recommends for government domains. Full step-by-step instructions: [GITHUB LINK]

If it would help, I'm glad to answer questions. I'll be re-checking all 609 domains in about thirty days to see how many have been secured, and I'd be glad to count yours.

Thank you,
Siddharth Santhosh
siddharthsann@gmail.com · 919-454-0875"
Jonesville,municipality,townofjonesvillenc.com,NO_DMARC,townofjonesvillenc.com,NO_DMARC,same,tlong@townofjonesvillenc.com,Town Clerk,,Jonesville: your email domain can currently be spoofed (free 20-minute fix inside),"Hello,

I'm a high school senior in Cary. As an independent project, I checked the public email-security records of every NC school district and municipality, 609 in total, using standard DNS lookups. Nothing was sent to or accessed on your systems; these records are public by design.

Here is what I found for Jonesville:

townofjonesvillenc.com has no DMARC record at all.

What that means in practice: an email forged to look like it came from an @townofjonesvillenc.com address would not be rejected by the recipient's mail server. This is how business email compromise works, where a fake message from a director or manager asks a clerk to change a vendor's bank details. It is the most expensive category of cybercrime the FBI tracks, and local governments and school districts are frequent targets.

You are not alone: 68% of NC public bodies are in the same position.

The fix is free and takes about twenty minutes. The safe first step (monitoring mode) changes nothing about how your mail works today:

  Host:  _dmarc.townofjonesvillenc.com
  Type:  TXT
  Value: v=DMARC1; p=none; rua=mailto:dmarc-reports@townofjonesvillenc.com; fo=1

After a few weeks of reports, the policy can move to p=quarantine and then p=reject, which is what CISA recommends for government domains. Full step-by-step instructions: [GITHUB LINK]

If it would help, I'm glad to answer questions. I'll be re-checking all 609 domains in about thirty days to see how many have been secured, and I'd be glad to count yours.

Thank you,
Siddharth Santhosh
siddharthsann@gmail.com · 919-454-0875"
Kannapolis,municipality,kannapolisnc.gov,NO_DMARC,kannapolisnc.gov,NO_DMARC,same,teury@kannapolisnc.gov,IT Department,,Kannapolis: your email domain can currently be spoofed (free 20-minute fix inside),"Hello,

I'm a high school senior in Cary. As an independent project, I checked the public email-security records of every NC school district and municipality, 609 in total, using standard DNS lookups. Nothing was sent to or accessed on your systems; these records are public by design.

Here is what I found for Kannapolis:

kannapolisnc.gov has no DMARC record at all.

What that means in practice: an email forged to look like it came from an @kannapolisnc.gov address would not be rejected by the recipient's mail server. This is how business email compromise works, where a fake message from a director or manager asks a clerk to change a vendor's bank details. It is the most expensive category of cybercrime the FBI tracks, and local governments and school districts are frequent targets.

You are not alone: 68% of NC public bodies are in the same position.

The fix is free and takes about twenty minutes. The safe first step (monitoring mode) changes nothing about how your mail works today:

  Host:  _dmarc.kannapolisnc.gov
  Type:  TXT
  Value: v=DMARC1; p=none; rua=mailto:dmarc-reports@kannapolisnc.gov; fo=1

After a few weeks of reports, the policy can move to p=quarantine and then p=reject, which is what CISA recommends for government domains. Full step-by-step instructions: [GITHUB LINK]

If it would help, I'm glad to answer questions. I'll be re-checking all 609 domains in about thirty days to see how many have been secured, and I'd be glad to count yours.

Thank you,
Siddharth Santhosh
siddharthsann@gmail.com · 919-454-0875"
Kelford,municipality,townofkelfordnc.gov,NO_DMARC,gmail.com,n/a (consumer provider),consumer,ahmadvaughan.kelford@gmail.com,Mayor,,Kelford: your email domain can currently be spoofed (free 20-minute fix inside),"Hello,

I'm a high school senior in Cary. As an independent project, I checked the public email-security records of every NC school district and municipality, 609 in total, using standard DNS lookups. Nothing was sent to or accessed on your systems; these records are public by design.

Here is what I found for Kelford:

townofkelfordnc.gov has no DMARC record at all. (Your staff mail runs on gmail.com, which is fine; this is about the town's own domain.)

What that means in practice: anyone can send an email that appears to come from an @townofkelfordnc.gov address, and nothing tells the recipient it's fake. Attackers use unused domains exactly this way. This is how business email compromise works, where a fake message from a director or manager asks a clerk to change a vendor's bank details. It is the most expensive category of cybercrime the FBI tracks, and local governments and school districts are frequent targets.

You are not alone: 68% of NC public bodies are in the same position.

The fix is free and takes about twenty minutes. The safe first step (monitoring mode) changes nothing about how your mail works today:

  Host:  _dmarc.townofkelfordnc.gov
  Type:  TXT
  Value: v=DMARC1; p=none; rua=mailto:dmarc-reports@townofkelfordnc.gov; fo=1

After a few weeks of reports, the policy can move to p=quarantine and then p=reject, which is what CISA recommends for government domains. Full step-by-step instructions: [GITHUB LINK]

If it would help, I'm glad to answer questions. I'll be re-checking all 609 domains in about thirty days to see how many have been secured, and I'd be glad to count yours.

Thank you,
Siddharth Santhosh
siddharthsann@gmail.com · 919-454-0875"
Kenansville,municipality,kenansville.org,NO_DMARC,kenansville.org,NO_DMARC,same,clerk@kenansville.org,Town Clerk,,Kenansville: your email domain can currently be spoofed (free 20-minute fix inside),"Hello,

I'm a high school senior in Cary. As an independent project, I checked the public email-security records of every NC school district and municipality, 609 in total, using standard DNS lookups. Nothing was sent to or accessed on your systems; these records are public by design.

Here is what I found for Kenansville:

kenansville.org has no DMARC record at all.

What that means in practice: an email forged to look like it came from an @kenansville.org address would not be rejected by the recipient's mail server. This is how business email compromise works, where a fake message from a director or manager asks a clerk to change a vendor's bank details. It is the most expensive category of cybercrime the FBI tracks, and local governments and school districts are frequent targets.

You are not alone: 68% of NC public bodies are in the same position.

The fix is free and takes about twenty minutes. The safe first step (monitoring mode) changes nothing about how your mail works today:

  Host:  _dmarc.kenansville.org
  Type:  TXT
  Value: v=DMARC1; p=none; rua=mailto:dmarc-reports@kenansville.org; fo=1

After a few weeks of reports, the policy can move to p=quarantine and then p=reject, which is what CISA recommends for government domains. Full step-by-step instructions: [GITHUB LINK]

If it would help, I'm glad to answer questions. I'll be re-checking all 609 domains in about thirty days to see how many have been secured, and I'd be glad to count yours.

Thank you,
Siddharth Santhosh
siddharthsann@gmail.com · 919-454-0875"
Kenly,municipality,townofkenly.com,MONITOR_ONLY,townofkenly.com,MONITOR_ONLY,same,tymeeka.williams@townofkenly.com,Town Clerk,,Kenly: your email domain can currently be spoofed (free 20-minute fix inside),"Hello,

I'm a high school senior in Cary. As an independent project, I checked the public email-security records of every NC school district and municipality, 609 in total, using standard DNS lookups. Nothing was sent to or accessed on your systems; these records are public by design.

Here is what I found for Kenly:

townofkenly.com has a DMARC record set to p=none, which reports forged mail but does not block it.

What that means in practice: an email forged to look like it came from an @townofkenly.com address would not be rejected by the recipient's mail server. This is how business email compromise works, where a fake message from a director or manager asks a clerk to change a vendor's bank details. It is the most expensive category of cybercrime the FBI tracks, and local governments and school districts are frequent targets.

You are not alone: 68% of NC public bodies are in the same position.

The fix is free and takes about twenty minutes. The safe first step (monitoring mode) changes nothing about how your mail works today:

  Host:  _dmarc.townofkenly.com
  Type:  TXT
  Value: v=DMARC1; p=none; rua=mailto:dmarc-reports@townofkenly.com; fo=1

After a few weeks of reports, the policy can move to p=quarantine and then p=reject, which is what CISA recommends for government domains. Full step-by-step instructions: [GITHUB LINK]

If it would help, I'm glad to answer questions. I'll be re-checking all 609 domains in about thirty days to see how many have been secured, and I'd be glad to count yours.

Thank you,
Siddharth Santhosh
siddharthsann@gmail.com · 919-454-0875"
Kernersville,municipality,toknc.com,NO_DMARC,toknc.com,NO_DMARC,same,info@toknc.com,General contact,,Kernersville: your email domain can currently be spoofed (free 20-minute fix inside),"Hello,

I'm a high school senior in Cary. As an independent project, I checked the public email-security records of every NC school district and municipality, 609 in total, using standard DNS lookups. Nothing was sent to or accessed on your systems; these records are public by design.

Here is what I found for Kernersville:

toknc.com has no DMARC record at all.

What that means in practice: an email forged to look like it came from an @toknc.com address would not be rejected by the recipient's mail server. This is how business email compromise works, where a fake message from a director or manager asks a clerk to change a vendor's bank details. It is the most expensive category of cybercrime the FBI tracks, and local governments and school districts are frequent targets.

You are not alone: 68% of NC public bodies are in the same position.

The fix is free and takes about twenty minutes. The safe first step (monitoring mode) changes nothing about how your mail works today:

  Host:  _dmarc.toknc.com
  Type:  TXT
  Value: v=DMARC1; p=none; rua=mailto:dmarc-reports@toknc.com; fo=1

After a few weeks of reports, the policy can move to p=quarantine and then p=reject, which is what CISA recommends for government domains. Full step-by-step instructions: [GITHUB LINK]

If it would help, I'm glad to answer questions. I'll be re-checking all 609 domains in about thirty days to see how many have been secured, and I'd be glad to count yours.

Thank you,
Siddharth Santhosh
siddharthsann@gmail.com · 919-454-0875"
King,municipality,ci.king.nc.us,MONITOR_ONLY,ci.king.nc.us,MONITOR_ONLY,same,nbranshaw@ci.king.nc.us,City Clerk,,King: your email domain can currently be spoofed (free 20-minute fix inside),"Hello,

I'm a high school senior in Cary. As an independent project, I checked the public email-security records of every NC school district and municipality, 609 in total, using standard DNS lookups. Nothing was sent to or accessed on your systems; these records are public by design.

Here is what I found for King:

ci.king.nc.us has a DMARC record set to p=none, which reports forged mail but does not block it.

What that means in practice: an email forged to look like it came from an @ci.king.nc.us address would not be rejected by the recipient's mail server. This is how business email compromise works, where a fake message from a director or manager asks a clerk to change a vendor's bank details. It is the most expensive category of cybercrime the FBI tracks, and local governments and school districts are frequent targets.

You are not alone: 68% of NC public bodies are in the same position.

The fix is free and takes about twenty minutes. The safe first step (monitoring mode) changes nothing about how your mail works today:

  Host:  _dmarc.ci.king.nc.us
  Type:  TXT
  Value: v=DMARC1; p=none; rua=mailto:dmarc-reports@ci.king.nc.us; fo=1

After a few weeks of reports, the policy can move to p=quarantine and then p=reject, which is what CISA recommends for government domains. Full step-by-step instructions: [GITHUB LINK]

If it would help, I'm glad to answer questions. I'll be re-checking all 609 domains in about thirty days to see how many have been secured, and I'd be glad to count yours.

Thank you,
Siddharth Santhosh
siddharthsann@gmail.com · 919-454-0875"
Kitty Hawk,municipality,kittyhawknc.gov,MONITOR_ONLY,kittyhawknc.gov,MONITOR_ONLY,same,lauren.garrett@kittyhawknc.gov,Town Clerk,,Kitty Hawk: your email domain can currently be spoofed (free 20-minute fix inside),"Hello,

I'm a high school senior in Cary. As an independent project, I checked the public email-security records of every NC school district and municipality, 609 in total, using standard DNS lookups. Nothing was sent to or accessed on your systems; these records are public by design.

Here is what I found for Kitty Hawk:

kittyhawknc.gov has a DMARC record set to p=none, which reports forged mail but does not block it.

What that means in practice: an email forged to look like it came from an @kittyhawknc.gov address would not be rejected by the recipient's mail server. This is how business email compromise works, where a fake message from a director or manager asks a clerk to change a vendor's bank details. It is the most expensive category of cybercrime the FBI tracks, and local governments and school districts are frequent targets.

You are not alone: 68% of NC public bodies are in the same position.

The fix is free and takes about twenty minutes. The safe first step (monitoring mode) changes nothing about how your mail works today:

  Host:  _dmarc.kittyhawknc.gov
  Type:  TXT
  Value: v=DMARC1; p=none; rua=mailto:dmarc-reports@kittyhawknc.gov; fo=1

After a few weeks of reports, the policy can move to p=quarantine and then p=reject, which is what CISA recommends for government domains. Full step-by-step instructions: [GITHUB LINK]

If it would help, I'm glad to answer questions. I'll be re-checking all 609 domains in about thirty days to see how many have been secured, and I'd be glad to count yours.

Thank you,
Siddharth Santhosh
siddharthsann@gmail.com · 919-454-0875"
Lake Santeetlah,municipality,townoflakesanteetlah.org,NO_DMARC,townoflakesanteetlah.org,NO_DMARC,same,info@townoflakesanteetlah.org,General contact,,Lake Santeetlah: your email domain can currently be spoofed (free 20-minute fix inside),"Hello,

I'm a high school senior in Cary. As an independent project, I checked the public email-security records of every NC school district and municipality, 609 in total, using standard DNS lookups. Nothing was sent to or accessed on your systems; these records are public by design.

Here is what I found for Lake Santeetlah:

townoflakesanteetlah.org has no DMARC record at all.

What that means in practice: an email forged to look like it came from an @townoflakesanteetlah.org address would not be rejected by the recipient's mail server. This is how business email compromise works, where a fake message from a director or manager asks a clerk to change a vendor's bank details. It is the most expensive category of cybercrime the FBI tracks, and local governments and school districts are frequent targets.

You are not alone: 68% of NC public bodies are in the same position.

The fix is free and takes about twenty minutes. The safe first step (monitoring mode) changes nothing about how your mail works today:

  Host:  _dmarc.townoflakesanteetlah.org
  Type:  TXT
  Value: v=DMARC1; p=none; rua=mailto:dmarc-reports@townoflakesanteetlah.org; fo=1

After a few weeks of reports, the policy can move to p=quarantine and then p=reject, which is what CISA recommends for government domains. Full step-by-step instructions: [GITHUB LINK]

If it would help, I'm glad to answer questions. I'll be re-checking all 609 domains in about thirty days to see how many have been secured, and I'd be glad to count yours.

Thank you,
Siddharth Santhosh
siddharthsann@gmail.com · 919-454-0875"
Lake Waccamaw,municipality,lakewaccamawnc.gov,MONITOR_ONLY,lakewaccamawnc.gov,MONITOR_ONLY,same,info@lakewaccamawnc.gov,General contact,,Lake Waccamaw: your email domain can currently be spoofed (free 20-minute fix inside),"Hello,

I'm a high school senior in Cary. As an independent project, I checked the public email-security records of every NC school district and municipality, 609 in total, using standard DNS lookups. Nothing was sent to or accessed on your systems; these records are public by design.

Here is what I found for Lake Waccamaw:

lakewaccamawnc.gov has a DMARC record set to p=none, which reports forged mail but does not block it.

What that means in practice: an email forged to look like it came from an @lakewaccamawnc.gov address would not be rejected by the recipient's mail server. This is how business email compromise works, where a fake message from a director or manager asks a clerk to change a vendor's bank details. It is the most expensive category of cybercrime the FBI tracks, and local governments and school districts are frequent targets.

You are not alone: 68% of NC public bodies are in the same position.

The fix is free and takes about twenty minutes. The safe first step (monitoring mode) changes nothing about how your mail works today:

  Host:  _dmarc.lakewaccamawnc.gov
  Type:  TXT
  Value: v=DMARC1; p=none; rua=mailto:dmarc-reports@lakewaccamawnc.gov; fo=1

After a few weeks of reports, the policy can move to p=quarantine and then p=reject, which is what CISA recommends for government domains. Full step-by-step instructions: [GITHUB LINK]

If it would help, I'm glad to answer questions. I'll be re-checking all 609 domains in about thirty days to see how many have been secured, and I'd be glad to count yours.

Thank you,
Siddharth Santhosh
siddharthsann@gmail.com · 919-454-0875"
Lattimore,municipality,lattimorenc.gov,MONITOR_ONLY,lattimorenc.gov,MONITOR_ONLY,same,info@lattimorenc.gov,General contact,,Lattimore: your email domain can currently be spoofed (free 20-minute fix inside),"Hello,

I'm a high school senior in Cary. As an independent project, I checked the public email-security records of every NC school district and municipality, 609 in total, using standard DNS lookups. Nothing was sent to or accessed on your systems; these records are public by design.

Here is what I found for Lattimore:

lattimorenc.gov has a DMARC record set to p=none, which reports forged mail but does not block it.

What that means in practice: an email forged to look like it came from an @lattimorenc.gov address would not be rejected by the recipient's mail server. This is how business email compromise works, where a fake message from a director or manager asks a clerk to change a vendor's bank details. It is the most expensive category of cybercrime the FBI tracks, and local governments and school districts are frequent targets.

You are not alone: 68% of NC public bodies are in the same position.

The fix is free and takes about twenty minutes. The safe first step (monitoring mode) changes nothing about how your mail works today:

  Host:  _dmarc.lattimorenc.gov
  Type:  TXT
  Value: v=DMARC1; p=none; rua=mailto:dmarc-reports@lattimorenc.gov; fo=1

After a few weeks of reports, the policy can move to p=quarantine and then p=reject, which is what CISA recommends for government domains. Full step-by-step instructions: [GITHUB LINK]

If it would help, I'm glad to answer questions. I'll be re-checking all 609 domains in about thirty days to see how many have been secured, and I'd be glad to count yours.

Thank you,
Siddharth Santhosh
siddharthsann@gmail.com · 919-454-0875"
Laurel Park,municipality,laurelpark.org,MONITOR_ONLY,laurelpark.org,MONITOR_ONLY,same,townclerk@laurelpark.org,Town Clerk,,Laurel Park: your email domain can currently be spoofed (free 20-minute fix inside),"Hello,

I'm a high school senior in Cary. As an independent project, I checked the public email-security records of every NC school district and municipality, 609 in total, using standard DNS lookups. Nothing was sent to or accessed on your systems; these records are public by design.

Here is what I found for Laurel Park:

laurelpark.org has a DMARC record set to p=none, which reports forged mail but does not block it.

What that means in practice: an email forged to look like it came from an @laurelpark.org address would not be rejected by the recipient's mail server. This is how business email compromise works, where a fake message from a director or manager asks a clerk to change a vendor's bank details. It is the most expensive category of cybercrime the FBI tracks, and local governments and school districts are frequent targets.

You are not alone: 68% of NC public bodies are in the same position.

The fix is free and takes about twenty minutes. The safe first step (monitoring mode) changes nothing about how your mail works today:

  Host:  _dmarc.laurelpark.org
  Type:  TXT
  Value: v=DMARC1; p=none; rua=mailto:dmarc-reports@laurelpark.org; fo=1

After a few weeks of reports, the policy can move to p=quarantine and then p=reject, which is what CISA recommends for government domains. Full step-by-step instructions: [GITHUB LINK]

If it would help, I'm glad to answer questions. I'll be re-checking all 609 domains in about thirty days to see how many have been secured, and I'd be glad to count yours.

Thank you,
Siddharth Santhosh
siddharthsann@gmail.com · 919-454-0875"
Laurinburg,municipality,laurinburg.org,PARTIAL,laurinburg.org,PARTIAL,same,lmccoy@laurinburg.org,IT/GIS Administrator,verified: site links lmccoy@laurinburg.org for Walker McCoy,Laurinburg: your email domain can currently be spoofed (free 20-minute fix inside),"Hello,

I'm a high school senior in Cary. As an independent project, I checked the public email-security records of every NC school district and municipality, 609 in total, using standard DNS lookups. Nothing was sent to or accessed on your systems; these records are public by design.

Here is what I found for Laurinburg:

laurinburg.org applies its DMARC policy to only 90% of mail, so forged messages in the remainder are not blocked.

What that means in practice: an email forged to look like it came from an @laurinburg.org address would not be rejected by the recipient's mail server. This is how business email compromise works, where a fake message from a director or manager asks a clerk to change a vendor's bank details. It is the most expensive category of cybercrime the FBI tracks, and local governments and school districts are frequent targets.

You are not alone: 68% of NC public bodies are in the same position.

The fix is free and takes about twenty minutes. The safe first step (monitoring mode) changes nothing about how your mail works today:

  Host:  _dmarc.laurinburg.org
  Type:  TXT
  Value: v=DMARC1; p=none; rua=mailto:dmarc-reports@laurinburg.org; fo=1

After a few weeks of reports, the policy can move to p=quarantine and then p=reject, which is what CISA recommends for government domains. Full step-by-step instructions: [GITHUB LINK]

If it would help, I'm glad to answer questions. I'll be re-checking all 609 domains in about thirty days to see how many have been secured, and I'd be glad to count yours.

Thank you,
Siddharth Santhosh
siddharthsann@gmail.com · 919-454-0875"
Lenoir,municipality,cityoflenoir.com,NO_DMARC,ci.lenoir.nc.us,MONITOR_ONLY,both_bad,scannon@ci.lenoir.nc.us,City Clerk,,Lenoir: your email domain can currently be spoofed (free 20-minute fix inside),"Hello,

I'm a high school senior in Cary. As an independent project, I checked the public email-security records of every NC school district and municipality, 609 in total, using standard DNS lookups. Nothing was sent to or accessed on your systems; these records are public by design.

Here is what I found for Lenoir:

Both of your domains are affected. cityoflenoir.com has no DMARC record at all. And your email domain: ci.lenoir.nc.us has a DMARC record set to p=none, which reports forged mail but does not block it.

What that means in practice: an email forged to look like it came from an @ci.lenoir.nc.us or @cityoflenoir.com address would not be rejected by the recipient's mail server. This is how business email compromise works, where a fake message from a director or manager asks a clerk to change a vendor's bank details. It is the most expensive category of cybercrime the FBI tracks, and local governments and school districts are frequent targets.

You are not alone: 68% of NC public bodies are in the same position.

The fix is free and takes about twenty minutes. The safe first step (monitoring mode) changes nothing about how your mail works today:

  Host:  _dmarc.ci.lenoir.nc.us
  Type:  TXT
  Value: v=DMARC1; p=none; rua=mailto:dmarc-reports@ci.lenoir.nc.us; fo=1

and the same record for cityoflenoir.com:
  Host:  _dmarc.cityoflenoir.com
  Type:  TXT
  Value: v=DMARC1; p=none; rua=mailto:dmarc-reports@cityoflenoir.com; fo=1

After a few weeks of reports, the policy can move to p=quarantine and then p=reject, which is what CISA recommends for government domains. Full step-by-step instructions: [GITHUB LINK]

If it would help, I'm glad to answer questions. I'll be re-checking all 609 domains in about thirty days to see how many have been secured, and I'd be glad to count yours.

Thank you,
Siddharth Santhosh
siddharthsann@gmail.com · 919-454-0875"
Lexington,municipality,lexingtonnc.gov,MONITOR_ONLY,lexingtonnc.gov,MONITOR_ONLY,same,EMJackson@LexingtonNC.gov,City Clerk,,Lexington: your email domain can currently be spoofed (free 20-minute fix inside),"Hello,

I'm a high school senior in Cary. As an independent project, I checked the public email-security records of every NC school district and municipality, 609 in total, using standard DNS lookups. Nothing was sent to or accessed on your systems; these records are public by design.

Here is what I found for Lexington:

lexingtonnc.gov has a DMARC record set to p=none, which reports forged mail but does not block it.

What that means in practice: an email forged to look like it came from an @lexingtonnc.gov address would not be rejected by the recipient's mail server. This is how business email compromise works, where a fake message from a director or manager asks a clerk to change a vendor's bank details. It is the most expensive category of cybercrime the FBI tracks, and local governments and school districts are frequent targets.

You are not alone: 68% of NC public bodies are in the same position.

The fix is free and takes about twenty minutes. The safe first step (monitoring mode) changes nothing about how your mail works today:

  Host:  _dmarc.lexingtonnc.gov
  Type:  TXT
  Value: v=DMARC1; p=none; rua=mailto:dmarc-reports@lexingtonnc.gov; fo=1

After a few weeks of reports, the policy can move to p=quarantine and then p=reject, which is what CISA recommends for government domains. Full step-by-step instructions: [GITHUB LINK]

If it would help, I'm glad to answer questions. I'll be re-checking all 609 domains in about thirty days to see how many have been secured, and I'd be glad to count yours.

Thank you,
Siddharth Santhosh
siddharthsann@gmail.com · 919-454-0875"
Liberty,municipality,liberty-nc.com,NO_DMARC,townoflibertync.org,NO_DMARC,both_bad,jbrown@townoflibertync.org,Town Clerk,,Liberty: your email domain can currently be spoofed (free 20-minute fix inside),"Hello,

I'm a high school senior in Cary. As an independent project, I checked the public email-security records of every NC school district and municipality, 609 in total, using standard DNS lookups. Nothing was sent to or accessed on your systems; these records are public by design.

Here is what I found for Liberty:

Both of your domains are affected. liberty-nc.com has no DMARC record at all. And your email domain: townoflibertync.org has no DMARC record at all.

What that means in practice: an email forged to look like it came from an @townoflibertync.org or @liberty-nc.com address would not be rejected by the recipient's mail server. This is how business email compromise works, where a fake message from a director or manager asks a clerk to change a vendor's bank details. It is the most expensive category of cybercrime the FBI tracks, and local governments and school districts are frequent targets.

You are not alone: 68% of NC public bodies are in the same position.

The fix is free and takes about twenty minutes. The safe first step (monitoring mode) changes nothing about how your mail works today:

  Host:  _dmarc.townoflibertync.org
  Type:  TXT
  Value: v=DMARC1; p=none; rua=mailto:dmarc-reports@townoflibertync.org; fo=1

and the same record for liberty-nc.com:
  Host:  _dmarc.liberty-nc.com
  Type:  TXT
  Value: v=DMARC1; p=none; rua=mailto:dmarc-reports@liberty-nc.com; fo=1

After a few weeks of reports, the policy can move to p=quarantine and then p=reject, which is what CISA recommends for government domains. Full step-by-step instructions: [GITHUB LINK]

If it would help, I'm glad to answer questions. I'll be re-checking all 609 domains in about thirty days to see how many have been secured, and I'd be glad to count yours.

Thank you,
Siddharth Santhosh
siddharthsann@gmail.com · 919-454-0875"
Lilesville,municipality,lilesville.gov,NO_DMARC,lilesville.gov,NO_DMARC,same,lwhitlock@lilesville.gov,Town Clerk,,Lilesville: your email domain can currently be spoofed (free 20-minute fix inside),"Hello,

I'm a high school senior in Cary. As an independent project, I checked the public email-security records of every NC school district and municipality, 609 in total, using standard DNS lookups. Nothing was sent to or accessed on your systems; these records are public by design.

Here is what I found for Lilesville:

lilesville.gov has no DMARC record at all.

What that means in practice: an email forged to look like it came from an @lilesville.gov address would not be rejected by the recipient's mail server. This is how business email compromise works, where a fake message from a director or manager asks a clerk to change a vendor's bank details. It is the most expensive category of cybercrime the FBI tracks, and local governments and school districts are frequent targets.

You are not alone: 68% of NC public bodies are in the same position.

The fix is free and takes about twenty minutes. The safe first step (monitoring mode) changes nothing about how your mail works today:

  Host:  _dmarc.lilesville.gov
  Type:  TXT
  Value: v=DMARC1; p=none; rua=mailto:dmarc-reports@lilesville.gov; fo=1

After a few weeks of reports, the policy can move to p=quarantine and then p=reject, which is what CISA recommends for government domains. Full step-by-step instructions: [GITHUB LINK]

If it would help, I'm glad to answer questions. I'll be re-checking all 609 domains in about thirty days to see how many have been secured, and I'd be glad to count yours.

Thank you,
Siddharth Santhosh
siddharthsann@gmail.com · 919-454-0875"
Lincolnton,municipality,lincolntonnc.gov,MONITOR_ONLY,lincolntonnc.org,MONITOR_ONLY,both_bad,cjones@lincolntonnc.org,Technology & Innovation Director,,Lincolnton: your email domain can currently be spoofed (free 20-minute fix inside),"Hello,

I'm a high school senior in Cary. As an independent project, I checked the public email-security records of every NC school district and municipality, 609 in total, using standard DNS lookups. Nothing was sent to or accessed on your systems; these records are public by design.

Here is what I found for Lincolnton:

Both of your domains are affected. lincolntonnc.gov has a DMARC record set to p=none, which reports forged mail but does not block it. And your email domain: lincolntonnc.org has a DMARC record set to p=none, which reports forged mail but does not block it.

What that means in practice: an email forged to look like it came from an @lincolntonnc.org or @lincolntonnc.gov address would not be rejected by the recipient's mail server. This is how business email compromise works, where a fake message from a director or manager asks a clerk to change a vendor's bank details. It is the most expensive category of cybercrime the FBI tracks, and local governments and school districts are frequent targets.

You are not alone: 68% of NC public bodies are in the same position.

The fix is free and takes about twenty minutes. The safe first step (monitoring mode) changes nothing about how your mail works today:

  Host:  _dmarc.lincolntonnc.org
  Type:  TXT
  Value: v=DMARC1; p=none; rua=mailto:dmarc-reports@lincolntonnc.org; fo=1

and the same record for lincolntonnc.gov:
  Host:  _dmarc.lincolntonnc.gov
  Type:  TXT
  Value: v=DMARC1; p=none; rua=mailto:dmarc-reports@lincolntonnc.gov; fo=1

After a few weeks of reports, the policy can move to p=quarantine and then p=reject, which is what CISA recommends for government domains. Full step-by-step instructions: [GITHUB LINK]

If it would help, I'm glad to answer questions. I'll be re-checking all 609 domains in about thirty days to see how many have been secured, and I'd be glad to count yours.

Thank you,
Siddharth Santhosh
siddharthsann@gmail.com · 919-454-0875"
Littleton,municipality,townoflittleton-nc.us,NO_DMARC,townoflittleton-nc.us,NO_DMARC,same,clerk@townoflittleton-nc.us,Town Clerk,,Littleton: your email domain can currently be spoofed (free 20-minute fix inside),"Hello,

I'm a high school senior in Cary. As an independent project, I checked the public email-security records of every NC school district and municipality, 609 in total, using standard DNS lookups. Nothing was sent to or accessed on your systems; these records are public by design.

Here is what I found for Littleton:

townoflittleton-nc.us has no DMARC record at all.

What that means in practice: an email forged to look like it came from an @townoflittleton-nc.us address would not be rejected by the recipient's mail server. This is how business email compromise works, where a fake message from a director or manager asks a clerk to change a vendor's bank details. It is the most expensive category of cybercrime the FBI tracks, and local governments and school districts are frequent targets.

You are not alone: 68% of NC public bodies are in the same position.

The fix is free and takes about twenty minutes. The safe first step (monitoring mode) changes nothing about how your mail works today:

  Host:  _dmarc.townoflittleton-nc.us
  Type:  TXT
  Value: v=DMARC1; p=none; rua=mailto:dmarc-reports@townoflittleton-nc.us; fo=1

After a few weeks of reports, the policy can move to p=quarantine and then p=reject, which is what CISA recommends for government domains. Full step-by-step instructions: [GITHUB LINK]

If it would help, I'm glad to answer questions. I'll be re-checking all 609 domains in about thirty days to see how many have been secured, and I'd be glad to count yours.

Thank you,
Siddharth Santhosh
siddharthsann@gmail.com · 919-454-0875"
Locust,municipality,locustnc.com,NO_DMARC,locustnc.gov,NO_DMARC,both_bad,afurr@locustnc.gov,City Clerk,,Locust: your email domain can currently be spoofed (free 20-minute fix inside),"Hello,

I'm a high school senior in Cary. As an independent project, I checked the public email-security records of every NC school district and municipality, 609 in total, using standard DNS lookups. Nothing was sent to or accessed on your systems; these records are public by design.

Here is what I found for Locust:

Both of your domains are affected. locustnc.com has no DMARC record at all. And your email domain: locustnc.gov has no DMARC record at all.

What that means in practice: an email forged to look like it came from an @locustnc.gov or @locustnc.com address would not be rejected by the recipient's mail server. This is how business email compromise works, where a fake message from a director or manager asks a clerk to change a vendor's bank details. It is the most expensive category of cybercrime the FBI tracks, and local governments and school districts are frequent targets.

You are not alone: 68% of NC public bodies are in the same position.

The fix is free and takes about twenty minutes. The safe first step (monitoring mode) changes nothing about how your mail works today:

  Host:  _dmarc.locustnc.gov
  Type:  TXT
  Value: v=DMARC1; p=none; rua=mailto:dmarc-reports@locustnc.gov; fo=1

and the same record for locustnc.com:
  Host:  _dmarc.locustnc.com
  Type:  TXT
  Value: v=DMARC1; p=none; rua=mailto:dmarc-reports@locustnc.com; fo=1

After a few weeks of reports, the policy can move to p=quarantine and then p=reject, which is what CISA recommends for government domains. Full step-by-step instructions: [GITHUB LINK]

If it would help, I'm glad to answer questions. I'll be re-checking all 609 domains in about thirty days to see how many have been secured, and I'd be glad to count yours.

Thank you,
Siddharth Santhosh
siddharthsann@gmail.com · 919-454-0875"
Long View,municipality,longviewnc.gov,NO_DMARC,longviewnc.gov,NO_DMARC,same,sshirley@longviewnc.gov,IT Department,,Long View: your email domain can currently be spoofed (free 20-minute fix inside),"Hello,

I'm a high school senior in Cary. As an independent project, I checked the public email-security records of every NC school district and municipality, 609 in total, using standard DNS lookups. Nothing was sent to or accessed on your systems; these records are public by design.

Here is what I found for Long View:

longviewnc.gov has no DMARC record at all.

What that means in practice: an email forged to look like it came from an @longviewnc.gov address would not be rejected by the recipient's mail server. This is how business email compromise works, where a fake message from a director or manager asks a clerk to change a vendor's bank details. It is the most expensive category of cybercrime the FBI tracks, and local governments and school districts are frequent targets.

You are not alone: 68% of NC public bodies are in the same position.

The fix is free and takes about twenty minutes. The safe first step (monitoring mode) changes nothing about how your mail works today:

  Host:  _dmarc.longviewnc.gov
  Type:  TXT
  Value: v=DMARC1; p=none; rua=mailto:dmarc-reports@longviewnc.gov; fo=1

After a few weeks of reports, the policy can move to p=quarantine and then p=reject, which is what CISA recommends for government domains. Full step-by-step instructions: [GITHUB LINK]

If it would help, I'm glad to answer questions. I'll be re-checking all 609 domains in about thirty days to see how many have been secured, and I'd be glad to count yours.

Thank you,
Siddharth Santhosh
siddharthsann@gmail.com · 919-454-0875"
Louisburg,municipality,townoflouisburg.org,MONITOR_ONLY,townoflouisburg.org,MONITOR_ONLY,same,paperry@townoflouisburg.org,Town Clerk,,Louisburg: your email domain can currently be spoofed (free 20-minute fix inside),"Hello,

I'm a high school senior in Cary. As an independent project, I checked the public email-security records of every NC school district and municipality, 609 in total, using standard DNS lookups. Nothing was sent to or accessed on your systems; these records are public by design.

Here is what I found for Louisburg:

townoflouisburg.org has a DMARC record set to p=none, which reports forged mail but does not block it.

What that means in practice: an email forged to look like it came from an @townoflouisburg.org address would not be rejected by the recipient's mail server. This is how business email compromise works, where a fake message from a director or manager asks a clerk to change a vendor's bank details. It is the most expensive category of cybercrime the FBI tracks, and local governments and school districts are frequent targets.

You are not alone: 68% of NC public bodies are in the same position.

The fix is free and takes about twenty minutes. The safe first step (monitoring mode) changes nothing about how your mail works today:

  Host:  _dmarc.townoflouisburg.org
  Type:  TXT
  Value: v=DMARC1; p=none; rua=mailto:dmarc-reports@townoflouisburg.org; fo=1

After a few weeks of reports, the policy can move to p=quarantine and then p=reject, which is what CISA recommends for government domains. Full step-by-step instructions: [GITHUB LINK]

If it would help, I'm glad to answer questions. I'll be re-checking all 609 domains in about thirty days to see how many have been secured, and I'd be glad to count yours.

Thank you,
Siddharth Santhosh
siddharthsann@gmail.com · 919-454-0875"
Lucama,municipality,lucamanc.com,NO_DMARC,townoflucama.net,ENFORCED_REJECT,mail_ok,manager@townoflucama.net,Town Manager,,Lucama: your email domain can currently be spoofed (free 20-minute fix inside),"Hello,

I'm a high school senior in Cary. As an independent project, I checked the public email-security records of every NC school district and municipality, 609 in total, using standard DNS lookups. Nothing was sent to or accessed on your systems; these records are public by design.

Here is what I found for Lucama:

Good news first: your email domain townoflucama.net is properly protected (DMARC reject). But lucamanc.com has no DMARC record at all.

What that means in practice: someone can still send mail that appears to come from an @lucamanc.com address, which most recipients won't distinguish from your real one. This is how business email compromise works, where a fake message from a director or manager asks a clerk to change a vendor's bank details. It is the most expensive category of cybercrime the FBI tracks, and local governments and school districts are frequent targets.

You are not alone: 68% of NC public bodies are in the same position.

The fix is free and takes about twenty minutes. The safe first step (monitoring mode) changes nothing about how your mail works today:

  Host:  _dmarc.lucamanc.com
  Type:  TXT
  Value: v=DMARC1; p=none; rua=mailto:dmarc-reports@lucamanc.com; fo=1

After a few weeks of reports, the policy can move to p=quarantine and then p=reject, which is what CISA recommends for government domains. Full step-by-step instructions: [GITHUB LINK]

If it would help, I'm glad to answer questions. I'll be re-checking all 609 domains in about thirty days to see how many have been secured, and I'd be glad to count yours.

Thank you,
Siddharth Santhosh
siddharthsann@gmail.com · 919-454-0875"
Lumberton,municipality,lumbertonnc.gov,MONITOR_ONLY,ci.lumberton.nc.us,NO_DMARC,both_bad,tbranch@ci.lumberton.nc.us,IT Department (MIS Director),,Lumberton: your email domain can currently be spoofed (free 20-minute fix inside),"Hello,

I'm a high school senior in Cary. As an independent project, I checked the public email-security records of every NC school district and municipality, 609 in total, using standard DNS lookups. Nothing was sent to or accessed on your systems; these records are public by design.

Here is what I found for Lumberton:

Both of your domains are affected. lumbertonnc.gov has a DMARC record set to p=none, which reports forged mail but does not block it. And your email domain: ci.lumberton.nc.us has no DMARC record at all.

What that means in practice: an email forged to look like it came from an @ci.lumberton.nc.us or @lumbertonnc.gov address would not be rejected by the recipient's mail server. This is how business email compromise works, where a fake message from a director or manager asks a clerk to change a vendor's bank details. It is the most expensive category of cybercrime the FBI tracks, and local governments and school districts are frequent targets.

You are not alone: 68% of NC public bodies are in the same position.

The fix is free and takes about twenty minutes. The safe first step (monitoring mode) changes nothing about how your mail works today:

  Host:  _dmarc.ci.lumberton.nc.us
  Type:  TXT
  Value: v=DMARC1; p=none; rua=mailto:dmarc-reports@ci.lumberton.nc.us; fo=1

and the same record for lumbertonnc.gov:
  Host:  _dmarc.lumbertonnc.gov
  Type:  TXT
  Value: v=DMARC1; p=none; rua=mailto:dmarc-reports@lumbertonnc.gov; fo=1

After a few weeks of reports, the policy can move to p=quarantine and then p=reject, which is what CISA recommends for government domains. Full step-by-step instructions: [GITHUB LINK]

If it would help, I'm glad to answer questions. I'll be re-checking all 609 domains in about thirty days to see how many have been secured, and I'd be glad to count yours.

Thank you,
Siddharth Santhosh
siddharthsann@gmail.com · 919-454-0875"
Magnolia,municipality,magnolianc.us,NO_DMARC,magnoliatownhall.com,NO_DMARC,both_bad,magnoliaclerk@magnoliatownhall.com,Town Clerk,,Magnolia: your email domain can currently be spoofed (free 20-minute fix inside),"Hello,

I'm a high school senior in Cary. As an independent project, I checked the public email-security records of every NC school district and municipality, 609 in total, using standard DNS lookups. Nothing was sent to or accessed on your systems; these records are public by design.

Here is what I found for Magnolia:

Both of your domains are affected. magnolianc.us has no DMARC record at all. And your email domain: magnoliatownhall.com has no DMARC record at all.

What that means in practice: an email forged to look like it came from an @magnoliatownhall.com or @magnolianc.us address would not be rejected by the recipient's mail server. This is how business email compromise works, where a fake message from a director or manager asks a clerk to change a vendor's bank details. It is the most expensive category of cybercrime the FBI tracks, and local governments and school districts are frequent targets.

You are not alone: 68% of NC public bodies are in the same position.

The fix is free and takes about twenty minutes. The safe first step (monitoring mode) changes nothing about how your mail works today:

  Host:  _dmarc.magnoliatownhall.com
  Type:  TXT
  Value: v=DMARC1; p=none; rua=mailto:dmarc-reports@magnoliatownhall.com; fo=1

and the same record for magnolianc.us:
  Host:  _dmarc.magnolianc.us
  Type:  TXT
  Value: v=DMARC1; p=none; rua=mailto:dmarc-reports@magnolianc.us; fo=1

After a few weeks of reports, the policy can move to p=quarantine and then p=reject, which is what CISA recommends for government domains. Full step-by-step instructions: [GITHUB LINK]

If it would help, I'm glad to answer questions. I'll be re-checking all 609 domains in about thirty days to see how many have been secured, and I'd be glad to count yours.

Thank you,
Siddharth Santhosh
siddharthsann@gmail.com · 919-454-0875"
Maiden,municipality,maidennc.com,NO_DMARC,maidennc.gov,NO_DMARC,both_bad,ahughey@maidennc.gov,Town Clerk,,Maiden: your email domain can currently be spoofed (free 20-minute fix inside),"Hello,

I'm a high school senior in Cary. As an independent project, I checked the public email-security records of every NC school district and municipality, 609 in total, using standard DNS lookups. Nothing was sent to or accessed on your systems; these records are public by design.

Here is what I found for Maiden:

Both of your domains are affected. maidennc.com has no DMARC record at all. And your email domain: maidennc.gov has no DMARC record at all.

What that means in practice: an email forged to look like it came from an @maidennc.gov or @maidennc.com address would not be rejected by the recipient's mail server. This is how business email compromise works, where a fake message from a director or manager asks a clerk to change a vendor's bank details. It is the most expensive category of cybercrime the FBI tracks, and local governments and school districts are frequent targets.

You are not alone: 68% of NC public bodies are in the same position.

The fix is free and takes about twenty minutes. The safe first step (monitoring mode) changes nothing about how your mail works today:

  Host:  _dmarc.maidennc.gov
  Type:  TXT
  Value: v=DMARC1; p=none; rua=mailto:dmarc-reports@maidennc.gov; fo=1

and the same record for maidennc.com:
  Host:  _dmarc.maidennc.com
  Type:  TXT
  Value: v=DMARC1; p=none; rua=mailto:dmarc-reports@maidennc.com; fo=1

After a few weeks of reports, the policy can move to p=quarantine and then p=reject, which is what CISA recommends for government domains. Full step-by-step instructions: [GITHUB LINK]

If it would help, I'm glad to answer questions. I'll be re-checking all 609 domains in about thirty days to see how many have been secured, and I'd be glad to count yours.

Thank you,
Siddharth Santhosh
siddharthsann@gmail.com · 919-454-0875"
Marshall,municipality,townofmarshall.org,NO_DMARC,townofmarshall.org,NO_DMARC,same,administrator@townofmarshall.org,Town Administrator,,Marshall: your email domain can currently be spoofed (free 20-minute fix inside),"Hello,

I'm a high school senior in Cary. As an independent project, I checked the public email-security records of every NC school district and municipality, 609 in total, using standard DNS lookups. Nothing was sent to or accessed on your systems; these records are public by design.

Here is what I found for Marshall:

townofmarshall.org has no DMARC record at all.

What that means in practice: an email forged to look like it came from an @townofmarshall.org address would not be rejected by the recipient's mail server. This is how business email compromise works, where a fake message from a director or manager asks a clerk to change a vendor's bank details. It is the most expensive category of cybercrime the FBI tracks, and local governments and school districts are frequent targets.

You are not alone: 68% of NC public bodies are in the same position.

The fix is free and takes about twenty minutes. The safe first step (monitoring mode) changes nothing about how your mail works today:

  Host:  _dmarc.townofmarshall.org
  Type:  TXT
  Value: v=DMARC1; p=none; rua=mailto:dmarc-reports@townofmarshall.org; fo=1

After a few weeks of reports, the policy can move to p=quarantine and then p=reject, which is what CISA recommends for government domains. Full step-by-step instructions: [GITHUB LINK]

If it would help, I'm glad to answer questions. I'll be re-checking all 609 domains in about thirty days to see how many have been secured, and I'd be glad to count yours.

Thank you,
Siddharth Santhosh
siddharthsann@gmail.com · 919-454-0875"
Marshville,municipality,marshville.org,NO_DMARC,marshville.org,NO_DMARC,same,AVincent@marshville.org,Town Clerk,,Marshville: your email domain can currently be spoofed (free 20-minute fix inside),"Hello,

I'm a high school senior in Cary. As an independent project, I checked the public email-security records of every NC school district and municipality, 609 in total, using standard DNS lookups. Nothing was sent to or accessed on your systems; these records are public by design.

Here is what I found for Marshville:

marshville.org has no DMARC record at all.

What that means in practice: an email forged to look like it came from an @marshville.org address would not be rejected by the recipient's mail server. This is how business email compromise works, where a fake message from a director or manager asks a clerk to change a vendor's bank details. It is the most expensive category of cybercrime the FBI tracks, and local governments and school districts are frequent targets.

You are not alone: 68% of NC public bodies are in the same position.

The fix is free and takes about twenty minutes. The safe first step (monitoring mode) changes nothing about how your mail works today:

  Host:  _dmarc.marshville.org
  Type:  TXT
  Value: v=DMARC1; p=none; rua=mailto:dmarc-reports@marshville.org; fo=1

After a few weeks of reports, the policy can move to p=quarantine and then p=reject, which is what CISA recommends for government domains. Full step-by-step instructions: [GITHUB LINK]

If it would help, I'm glad to answer questions. I'll be re-checking all 609 domains in about thirty days to see how many have been secured, and I'd be glad to count yours.

Thank you,
Siddharth Santhosh
siddharthsann@gmail.com · 919-454-0875"
Maxton,municipality,ci.maxton.nc.us,PARTIAL,ci.maxton.nc.us,PARTIAL,same,clerk@ci.maxton.nc.us,Town Clerk,,Maxton: your email domain can currently be spoofed (free 20-minute fix inside),"Hello,

I'm a high school senior in Cary. As an independent project, I checked the public email-security records of every NC school district and municipality, 609 in total, using standard DNS lookups. Nothing was sent to or accessed on your systems; these records are public by design.

Here is what I found for Maxton:

ci.maxton.nc.us applies its DMARC policy to only 25% of mail, so forged messages in the remainder are not blocked.

What that means in practice: an email forged to look like it came from an @ci.maxton.nc.us address would not be rejected by the recipient's mail server. This is how business email compromise works, where a fake message from a director or manager asks a clerk to change a vendor's bank details. It is the most expensive category of cybercrime the FBI tracks, and local governments and school districts are frequent targets.

You are not alone: 68% of NC public bodies are in the same position.

The fix is free and takes about twenty minutes. The safe first step (monitoring mode) changes nothing about how your mail works today:

  Host:  _dmarc.ci.maxton.nc.us
  Type:  TXT
  Value: v=DMARC1; p=none; rua=mailto:dmarc-reports@ci.maxton.nc.us; fo=1

After a few weeks of reports, the policy can move to p=quarantine and then p=reject, which is what CISA recommends for government domains. Full step-by-step instructions: [GITHUB LINK]

If it would help, I'm glad to answer questions. I'll be re-checking all 609 domains in about thirty days to see how many have been secured, and I'd be glad to count yours.

Thank you,
Siddharth Santhosh
siddharthsann@gmail.com · 919-454-0875"
Mayodan,municipality,townofmayodan.com,NO_DMARC,mayodannc.org,ENFORCED_REJECT,mail_ok,clerk@mayodannc.org,Town Clerk,,Mayodan: your email domain can currently be spoofed (free 20-minute fix inside),"Hello,

I'm a high school senior in Cary. As an independent project, I checked the public email-security records of every NC school district and municipality, 609 in total, using standard DNS lookups. Nothing was sent to or accessed on your systems; these records are public by design.

Here is what I found for Mayodan:

Good news first: your email domain mayodannc.org is properly protected (DMARC reject). But townofmayodan.com has no DMARC record at all.

What that means in practice: someone can still send mail that appears to come from an @townofmayodan.com address, which most recipients won't distinguish from your real one. This is how business email compromise works, where a fake message from a director or manager asks a clerk to change a vendor's bank details. It is the most expensive category of cybercrime the FBI tracks, and local governments and school districts are frequent targets.

You are not alone: 68% of NC public bodies are in the same position.

The fix is free and takes about twenty minutes. The safe first step (monitoring mode) changes nothing about how your mail works today:

  Host:  _dmarc.townofmayodan.com
  Type:  TXT
  Value: v=DMARC1; p=none; rua=mailto:dmarc-reports@townofmayodan.com; fo=1

After a few weeks of reports, the policy can move to p=quarantine and then p=reject, which is what CISA recommends for government domains. Full step-by-step instructions: [GITHUB LINK]

If it would help, I'm glad to answer questions. I'll be re-checking all 609 domains in about thirty days to see how many have been secured, and I'd be glad to count yours.

Thank you,
Siddharth Santhosh
siddharthsann@gmail.com · 919-454-0875"
McAdenville,municipality,townofmcadenville.org,NO_DMARC,townofmcadenville.org,NO_DMARC,same,clerk@townofmcadenville.org,Town Administrator/Clerk,,McAdenville: your email domain can currently be spoofed (free 20-minute fix inside),"Hello,

I'm a high school senior in Cary. As an independent project, I checked the public email-security records of every NC school district and municipality, 609 in total, using standard DNS lookups. Nothing was sent to or accessed on your systems; these records are public by design.

Here is what I found for McAdenville:

townofmcadenville.org has no DMARC record at all.

What that means in practice: an email forged to look like it came from an @townofmcadenville.org address would not be rejected by the recipient's mail server. This is how business email compromise works, where a fake message from a director or manager asks a clerk to change a vendor's bank details. It is the most expensive category of cybercrime the FBI tracks, and local governments and school districts are frequent targets.

You are not alone: 68% of NC public bodies are in the same position.

The fix is free and takes about twenty minutes. The safe first step (monitoring mode) changes nothing about how your mail works today:

  Host:  _dmarc.townofmcadenville.org
  Type:  TXT
  Value: v=DMARC1; p=none; rua=mailto:dmarc-reports@townofmcadenville.org; fo=1

After a few weeks of reports, the policy can move to p=quarantine and then p=reject, which is what CISA recommends for government domains. Full step-by-step instructions: [GITHUB LINK]

If it would help, I'm glad to answer questions. I'll be re-checking all 609 domains in about thirty days to see how many have been secured, and I'd be glad to count yours.

Thank you,
Siddharth Santhosh
siddharthsann@gmail.com · 919-454-0875"
Mebane,municipality,cityofmebanenc.gov,NO_DMARC,cityofmebane.com,ENFORCED_QUARANTINE,mail_ok,kmontgomery@cityofmebane.com,IT Department,,Mebane: your email domain can currently be spoofed (free 20-minute fix inside),"Hello,

I'm a high school senior in Cary. As an independent project, I checked the public email-security records of every NC school district and municipality, 609 in total, using standard DNS lookups. Nothing was sent to or accessed on your systems; these records are public by design.

Here is what I found for Mebane:

Good news first: your email domain cityofmebane.com is properly protected (DMARC quarantine). But cityofmebanenc.gov has no DMARC record at all.

What that means in practice: someone can still send mail that appears to come from an @cityofmebanenc.gov address, which most recipients won't distinguish from your real one. This is how business email compromise works, where a fake message from a director or manager asks a clerk to change a vendor's bank details. It is the most expensive category of cybercrime the FBI tracks, and local governments and school districts are frequent targets.

You are not alone: 68% of NC public bodies are in the same position.

The fix is free and takes about twenty minutes. The safe first step (monitoring mode) changes nothing about how your mail works today:

  Host:  _dmarc.cityofmebanenc.gov
  Type:  TXT
  Value: v=DMARC1; p=none; rua=mailto:dmarc-reports@cityofmebanenc.gov; fo=1

After a few weeks of reports, the policy can move to p=quarantine and then p=reject, which is what CISA recommends for government domains. Full step-by-step instructions: [GITHUB LINK]

If it would help, I'm glad to answer questions. I'll be re-checking all 609 domains in about thirty days to see how many have been secured, and I'd be glad to count yours.

Thank you,
Siddharth Santhosh
siddharthsann@gmail.com · 919-454-0875"
Micro,municipality,townofmicro.net,NO_DMARC,townofmicro.com,ENFORCED_REJECT,mail_ok,townclerk@townofmicro.com,Town Clerk,,Micro: your email domain can currently be spoofed (free 20-minute fix inside),"Hello,

I'm a high school senior in Cary. As an independent project, I checked the public email-security records of every NC school district and municipality, 609 in total, using standard DNS lookups. Nothing was sent to or accessed on your systems; these records are public by design.

Here is what I found for Micro:

Good news first: your email domain townofmicro.com is properly protected (DMARC reject). But townofmicro.net has no DMARC record at all.

What that means in practice: someone can still send mail that appears to come from an @townofmicro.net address, which most recipients won't distinguish from your real one. This is how business email compromise works, where a fake message from a director or manager asks a clerk to change a vendor's bank details. It is the most expensive category of cybercrime the FBI tracks, and local governments and school districts are frequent targets.

You are not alone: 68% of NC public bodies are in the same position.

The fix is free and takes about twenty minutes. The safe first step (monitoring mode) changes nothing about how your mail works today:

  Host:  _dmarc.townofmicro.net
  Type:  TXT
  Value: v=DMARC1; p=none; rua=mailto:dmarc-reports@townofmicro.net; fo=1

After a few weeks of reports, the policy can move to p=quarantine and then p=reject, which is what CISA recommends for government domains. Full step-by-step instructions: [GITHUB LINK]

If it would help, I'm glad to answer questions. I'll be re-checking all 609 domains in about thirty days to see how many have been secured, and I'd be glad to count yours.

Thank you,
Siddharth Santhosh
siddharthsann@gmail.com · 919-454-0875"
Midland,municipality,midlandnc.us,NO_DMARC,midlandnc.us,NO_DMARC,same,ssuggs@midlandnc.us,Town Clerk,,Midland: your email domain can currently be spoofed (free 20-minute fix inside),"Hello,

I'm a high school senior in Cary. As an independent project, I checked the public email-security records of every NC school district and municipality, 609 in total, using standard DNS lookups. Nothing was sent to or accessed on your systems; these records are public by design.

Here is what I found for Midland:

midlandnc.us has no DMARC record at all.

What that means in practice: an email forged to look like it came from an @midlandnc.us address would not be rejected by the recipient's mail server. This is how business email compromise works, where a fake message from a director or manager asks a clerk to change a vendor's bank details. It is the most expensive category of cybercrime the FBI tracks, and local governments and school districts are frequent targets.

You are not alone: 68% of NC public bodies are in the same position.

The fix is free and takes about twenty minutes. The safe first step (monitoring mode) changes nothing about how your mail works today:

  Host:  _dmarc.midlandnc.us
  Type:  TXT
  Value: v=DMARC1; p=none; rua=mailto:dmarc-reports@midlandnc.us; fo=1

After a few weeks of reports, the policy can move to p=quarantine and then p=reject, which is what CISA recommends for government domains. Full step-by-step instructions: [GITHUB LINK]

If it would help, I'm glad to answer questions. I'll be re-checking all 609 domains in about thirty days to see how many have been secured, and I'd be glad to count yours.

Thank you,
Siddharth Santhosh
siddharthsann@gmail.com · 919-454-0875"
Midway,municipality,midway-nc.gov,NO_DMARC,midway-nc.gov,NO_DMARC,same,rgoodson@midway-nc.gov,Town Clerk,,Midway: your email domain can currently be spoofed (free 20-minute fix inside),"Hello,

I'm a high school senior in Cary. As an independent project, I checked the public email-security records of every NC school district and municipality, 609 in total, using standard DNS lookups. Nothing was sent to or accessed on your systems; these records are public by design.

Here is what I found for Midway:

midway-nc.gov has no DMARC record at all.

What that means in practice: an email forged to look like it came from an @midway-nc.gov address would not be rejected by the recipient's mail server. This is how business email compromise works, where a fake message from a director or manager asks a clerk to change a vendor's bank details. It is the most expensive category of cybercrime the FBI tracks, and local governments and school districts are frequent targets.

You are not alone: 68% of NC public bodies are in the same position.

The fix is free and takes about twenty minutes. The safe first step (monitoring mode) changes nothing about how your mail works today:

  Host:  _dmarc.midway-nc.gov
  Type:  TXT
  Value: v=DMARC1; p=none; rua=mailto:dmarc-reports@midway-nc.gov; fo=1

After a few weeks of reports, the policy can move to p=quarantine and then p=reject, which is what CISA recommends for government domains. Full step-by-step instructions: [GITHUB LINK]

If it would help, I'm glad to answer questions. I'll be re-checking all 609 domains in about thirty days to see how many have been secured, and I'd be glad to count yours.

Thank you,
Siddharth Santhosh
siddharthsann@gmail.com · 919-454-0875"
Mills River,municipality,millsriver.gov,MONITOR_ONLY,millsriver.gov,MONITOR_ONLY,same,patty.brown@millsriver.gov,Town Clerk,,Mills River: your email domain can currently be spoofed (free 20-minute fix inside),"Hello,

I'm a high school senior in Cary. As an independent project, I checked the public email-security records of every NC school district and municipality, 609 in total, using standard DNS lookups. Nothing was sent to or accessed on your systems; these records are public by design.

Here is what I found for Mills River:

millsriver.gov has a DMARC record set to p=none, which reports forged mail but does not block it.

What that means in practice: an email forged to look like it came from an @millsriver.gov address would not be rejected by the recipient's mail server. This is how business email compromise works, where a fake message from a director or manager asks a clerk to change a vendor's bank details. It is the most expensive category of cybercrime the FBI tracks, and local governments and school districts are frequent targets.

You are not alone: 68% of NC public bodies are in the same position.

The fix is free and takes about twenty minutes. The safe first step (monitoring mode) changes nothing about how your mail works today:

  Host:  _dmarc.millsriver.gov
  Type:  TXT
  Value: v=DMARC1; p=none; rua=mailto:dmarc-reports@millsriver.gov; fo=1

After a few weeks of reports, the policy can move to p=quarantine and then p=reject, which is what CISA recommends for government domains. Full step-by-step instructions: [GITHUB LINK]

If it would help, I'm glad to answer questions. I'll be re-checking all 609 domains in about thirty days to see how many have been secured, and I'd be glad to count yours.

Thank you,
Siddharth Santhosh
siddharthsann@gmail.com · 919-454-0875"
Milton,municipality,townofmiltonnc.gov,NO_DMARC,gmail.com,n/a (consumer provider),consumer,clerktownofmiltonnc@gmail.com,Town Clerk,,Milton: your email domain can currently be spoofed (free 20-minute fix inside),"Hello,

I'm a high school senior in Cary. As an independent project, I checked the public email-security records of every NC school district and municipality, 609 in total, using standard DNS lookups. Nothing was sent to or accessed on your systems; these records are public by design.

Here is what I found for Milton:

townofmiltonnc.gov has no DMARC record at all. (Your staff mail runs on gmail.com, which is fine; this is about the town's own domain.)

What that means in practice: anyone can send an email that appears to come from an @townofmiltonnc.gov address, and nothing tells the recipient it's fake. Attackers use unused domains exactly this way. This is how business email compromise works, where a fake message from a director or manager asks a clerk to change a vendor's bank details. It is the most expensive category of cybercrime the FBI tracks, and local governments and school districts are frequent targets.

You are not alone: 68% of NC public bodies are in the same position.

The fix is free and takes about twenty minutes. The safe first step (monitoring mode) changes nothing about how your mail works today:

  Host:  _dmarc.townofmiltonnc.gov
  Type:  TXT
  Value: v=DMARC1; p=none; rua=mailto:dmarc-reports@townofmiltonnc.gov; fo=1

After a few weeks of reports, the policy can move to p=quarantine and then p=reject, which is what CISA recommends for government domains. Full step-by-step instructions: [GITHUB LINK]

If it would help, I'm glad to answer questions. I'll be re-checking all 609 domains in about thirty days to see how many have been secured, and I'd be glad to count yours.

Thank you,
Siddharth Santhosh
siddharthsann@gmail.com · 919-454-0875"
Mineral Springs,municipality,mineralspringsnc.com,NO_DMARC,aol.com,n/a (consumer provider),consumer,msvickybrooks@aol.com,Town Clerk,,Mineral Springs: your email domain can currently be spoofed (free 20-minute fix inside),"Hello,

I'm a high school senior in Cary. As an independent project, I checked the public email-security records of every NC school district and municipality, 609 in total, using standard DNS lookups. Nothing was sent to or accessed on your systems; these records are public by design.

Here is what I found for Mineral Springs:

mineralspringsnc.com has no DMARC record at all. (Your staff mail runs on aol.com, which is fine; this is about the town's own domain.)

What that means in practice: anyone can send an email that appears to come from an @mineralspringsnc.com address, and nothing tells the recipient it's fake. Attackers use unused domains exactly this way. This is how business email compromise works, where a fake message from a director or manager asks a clerk to change a vendor's bank details. It is the most expensive category of cybercrime the FBI tracks, and local governments and school districts are frequent targets.

You are not alone: 68% of NC public bodies are in the same position.

The fix is free and takes about twenty minutes. The safe first step (monitoring mode) changes nothing about how your mail works today:

  Host:  _dmarc.mineralspringsnc.com
  Type:  TXT
  Value: v=DMARC1; p=none; rua=mailto:dmarc-reports@mineralspringsnc.com; fo=1

After a few weeks of reports, the policy can move to p=quarantine and then p=reject, which is what CISA recommends for government domains. Full step-by-step instructions: [GITHUB LINK]

If it would help, I'm glad to answer questions. I'll be re-checking all 609 domains in about thirty days to see how many have been secured, and I'd be glad to count yours.

Thank you,
Siddharth Santhosh
siddharthsann@gmail.com · 919-454-0875"
Mint Hill,municipality,minthill.gov,NO_DMARC,minthill.com,NO_DMARC,both_bad,info@minthill.com,General contact,,Mint Hill: your email domain can currently be spoofed (free 20-minute fix inside),"Hello,

I'm a high school senior in Cary. As an independent project, I checked the public email-security records of every NC school district and municipality, 609 in total, using standard DNS lookups. Nothing was sent to or accessed on your systems; these records are public by design.

Here is what I found for Mint Hill:

Both of your domains are affected. minthill.gov has no DMARC record at all. And your email domain: minthill.com has no DMARC record at all.

What that means in practice: an email forged to look like it came from an @minthill.com or @minthill.gov address would not be rejected by the recipient's mail server. This is how business email compromise works, where a fake message from a director or manager asks a clerk to change a vendor's bank details. It is the most expensive category of cybercrime the FBI tracks, and local governments and school districts are frequent targets.

You are not alone: 68% of NC public bodies are in the same position.

The fix is free and takes about twenty minutes. The safe first step (monitoring mode) changes nothing about how your mail works today:

  Host:  _dmarc.minthill.com
  Type:  TXT
  Value: v=DMARC1; p=none; rua=mailto:dmarc-reports@minthill.com; fo=1

and the same record for minthill.gov:
  Host:  _dmarc.minthill.gov
  Type:  TXT
  Value: v=DMARC1; p=none; rua=mailto:dmarc-reports@minthill.gov; fo=1

After a few weeks of reports, the policy can move to p=quarantine and then p=reject, which is what CISA recommends for government domains. Full step-by-step instructions: [GITHUB LINK]

If it would help, I'm glad to answer questions. I'll be re-checking all 609 domains in about thirty days to see how many have been secured, and I'd be glad to count yours.

Thank you,
Siddharth Santhosh
siddharthsann@gmail.com · 919-454-0875"
Misenheimer,municipality,villageofmisenheimernc.gov,NO_DMARC,villageofmisenheimernc.gov,NO_DMARC,same,manager@villageofmisenheimernc.gov,Village Administrator/Clerk,,Misenheimer: your email domain can currently be spoofed (free 20-minute fix inside),"Hello,

I'm a high school senior in Cary. As an independent project, I checked the public email-security records of every NC school district and municipality, 609 in total, using standard DNS lookups. Nothing was sent to or accessed on your systems; these records are public by design.

Here is what I found for Misenheimer:

villageofmisenheimernc.gov has no DMARC record at all.

What that means in practice: an email forged to look like it came from an @villageofmisenheimernc.gov address would not be rejected by the recipient's mail server. This is how business email compromise works, where a fake message from a director or manager asks a clerk to change a vendor's bank details. It is the most expensive category of cybercrime the FBI tracks, and local governments and school districts are frequent targets.

You are not alone: 68% of NC public bodies are in the same position.

The fix is free and takes about twenty minutes. The safe first step (monitoring mode) changes nothing about how your mail works today:

  Host:  _dmarc.villageofmisenheimernc.gov
  Type:  TXT
  Value: v=DMARC1; p=none; rua=mailto:dmarc-reports@villageofmisenheimernc.gov; fo=1

After a few weeks of reports, the policy can move to p=quarantine and then p=reject, which is what CISA recommends for government domains. Full step-by-step instructions: [GITHUB LINK]

If it would help, I'm glad to answer questions. I'll be re-checking all 609 domains in about thirty days to see how many have been secured, and I'd be glad to count yours.

Thank you,
Siddharth Santhosh
siddharthsann@gmail.com · 919-454-0875"
Mocksville,municipality,mocksvillenc.gov,MONITOR_ONLY,mocksvillenc.gov,MONITOR_ONLY,same,equance@mocksvillenc.gov,Town Clerk,,Mocksville: your email domain can currently be spoofed (free 20-minute fix inside),"Hello,

I'm a high school senior in Cary. As an independent project, I checked the public email-security records of every NC school district and municipality, 609 in total, using standard DNS lookups. Nothing was sent to or accessed on your systems; these records are public by design.

Here is what I found for Mocksville:

mocksvillenc.gov has a DMARC record set to p=none, which reports forged mail but does not block it.

What that means in practice: an email forged to look like it came from an @mocksvillenc.gov address would not be rejected by the recipient's mail server. This is how business email compromise works, where a fake message from a director or manager asks a clerk to change a vendor's bank details. It is the most expensive category of cybercrime the FBI tracks, and local governments and school districts are frequent targets.

You are not alone: 68% of NC public bodies are in the same position.

The fix is free and takes about twenty minutes. The safe first step (monitoring mode) changes nothing about how your mail works today:

  Host:  _dmarc.mocksvillenc.gov
  Type:  TXT
  Value: v=DMARC1; p=none; rua=mailto:dmarc-reports@mocksvillenc.gov; fo=1

After a few weeks of reports, the policy can move to p=quarantine and then p=reject, which is what CISA recommends for government domains. Full step-by-step instructions: [GITHUB LINK]

If it would help, I'm glad to answer questions. I'll be re-checking all 609 domains in about thirty days to see how many have been secured, and I'd be glad to count yours.

Thank you,
Siddharth Santhosh
siddharthsann@gmail.com · 919-454-0875"
Montreat,municipality,townofmontreat.org,NO_DMARC,townofmontreat.org,NO_DMARC,same,amurphy@townofmontreat.org,Town Clerk,,Montreat: your email domain can currently be spoofed (free 20-minute fix inside),"Hello,

I'm a high school senior in Cary. As an independent project, I checked the public email-security records of every NC school district and municipality, 609 in total, using standard DNS lookups. Nothing was sent to or accessed on your systems; these records are public by design.

Here is what I found for Montreat:

townofmontreat.org has no DMARC record at all.

What that means in practice: an email forged to look like it came from an @townofmontreat.org address would not be rejected by the recipient's mail server. This is how business email compromise works, where a fake message from a director or manager asks a clerk to change a vendor's bank details. It is the most expensive category of cybercrime the FBI tracks, and local governments and school districts are frequent targets.

You are not alone: 68% of NC public bodies are in the same position.

The fix is free and takes about twenty minutes. The safe first step (monitoring mode) changes nothing about how your mail works today:

  Host:  _dmarc.townofmontreat.org
  Type:  TXT
  Value: v=DMARC1; p=none; rua=mailto:dmarc-reports@townofmontreat.org; fo=1

After a few weeks of reports, the policy can move to p=quarantine and then p=reject, which is what CISA recommends for government domains. Full step-by-step instructions: [GITHUB LINK]

If it would help, I'm glad to answer questions. I'll be re-checking all 609 domains in about thirty days to see how many have been secured, and I'd be glad to count yours.

Thank you,
Siddharth Santhosh
siddharthsann@gmail.com · 919-454-0875"
Mooresville,municipality,mooresvillenc.gov,MONITOR_ONLY,mooresvillenc.gov,MONITOR_ONLY,same,jcrosby@mooresvillenc.gov,Town Clerk,,Mooresville: your email domain can currently be spoofed (free 20-minute fix inside),"Hello,

I'm a high school senior in Cary. As an independent project, I checked the public email-security records of every NC school district and municipality, 609 in total, using standard DNS lookups. Nothing was sent to or accessed on your systems; these records are public by design.

Here is what I found for Mooresville:

mooresvillenc.gov has a DMARC record set to p=none, which reports forged mail but does not block it.

What that means in practice: an email forged to look like it came from an @mooresvillenc.gov address would not be rejected by the recipient's mail server. This is how business email compromise works, where a fake message from a director or manager asks a clerk to change a vendor's bank details. It is the most expensive category of cybercrime the FBI tracks, and local governments and school districts are frequent targets.

You are not alone: 68% of NC public bodies are in the same position.

The fix is free and takes about twenty minutes. The safe first step (monitoring mode) changes nothing about how your mail works today:

  Host:  _dmarc.mooresvillenc.gov
  Type:  TXT
  Value: v=DMARC1; p=none; rua=mailto:dmarc-reports@mooresvillenc.gov; fo=1

After a few weeks of reports, the policy can move to p=quarantine and then p=reject, which is what CISA recommends for government domains. Full step-by-step instructions: [GITHUB LINK]

If it would help, I'm glad to answer questions. I'll be re-checking all 609 domains in about thirty days to see how many have been secured, and I'd be glad to count yours.

Thank you,
Siddharth Santhosh
siddharthsann@gmail.com · 919-454-0875"
Morehead City,municipality,moreheadcitync.gov,MONITOR_ONLY,moreheadcitync.gov,MONITOR_ONLY,same,administration@moreheadcitync.gov,Administration Department,,Morehead City: your email domain can currently be spoofed (free 20-minute fix inside),"Hello,

I'm a high school senior in Cary. As an independent project, I checked the public email-security records of every NC school district and municipality, 609 in total, using standard DNS lookups. Nothing was sent to or accessed on your systems; these records are public by design.

Here is what I found for Morehead City:

moreheadcitync.gov has a DMARC record set to p=none, which reports forged mail but does not block it.

What that means in practice: an email forged to look like it came from an @moreheadcitync.gov address would not be rejected by the recipient's mail server. This is how business email compromise works, where a fake message from a director or manager asks a clerk to change a vendor's bank details. It is the most expensive category of cybercrime the FBI tracks, and local governments and school districts are frequent targets.

You are not alone: 68% of NC public bodies are in the same position.

The fix is free and takes about twenty minutes. The safe first step (monitoring mode) changes nothing about how your mail works today:

  Host:  _dmarc.moreheadcitync.gov
  Type:  TXT
  Value: v=DMARC1; p=none; rua=mailto:dmarc-reports@moreheadcitync.gov; fo=1

After a few weeks of reports, the policy can move to p=quarantine and then p=reject, which is what CISA recommends for government domains. Full step-by-step instructions: [GITHUB LINK]

If it would help, I'm glad to answer questions. I'll be re-checking all 609 domains in about thirty days to see how many have been secured, and I'd be glad to count yours.

Thank you,
Siddharth Santhosh
siddharthsann@gmail.com · 919-454-0875"
Mount Gilead,municipality,mtgileadnc.com,NO_DMARC,mtgileadnc.com,NO_DMARC,same,ljackson@mtgileadnc.com,Town Clerk,,Mount Gilead: your email domain can currently be spoofed (free 20-minute fix inside),"Hello,

I'm a high school senior in Cary. As an independent project, I checked the public email-security records of every NC school district and municipality, 609 in total, using standard DNS lookups. Nothing was sent to or accessed on your systems; these records are public by design.

Here is what I found for Mount Gilead:

mtgileadnc.com has no DMARC record at all.

What that means in practice: an email forged to look like it came from an @mtgileadnc.com address would not be rejected by the recipient's mail server. This is how business email compromise works, where a fake message from a director or manager asks a clerk to change a vendor's bank details. It is the most expensive category of cybercrime the FBI tracks, and local governments and school districts are frequent targets.

You are not alone: 68% of NC public bodies are in the same position.

The fix is free and takes about twenty minutes. The safe first step (monitoring mode) changes nothing about how your mail works today:

  Host:  _dmarc.mtgileadnc.com
  Type:  TXT
  Value: v=DMARC1; p=none; rua=mailto:dmarc-reports@mtgileadnc.com; fo=1

After a few weeks of reports, the policy can move to p=quarantine and then p=reject, which is what CISA recommends for government domains. Full step-by-step instructions: [GITHUB LINK]

If it would help, I'm glad to answer questions. I'll be re-checking all 609 domains in about thirty days to see how many have been secured, and I'd be glad to count yours.

Thank you,
Siddharth Santhosh
siddharthsann@gmail.com · 919-454-0875"
Mount Olive,municipality,townofmountolivenc.org,NO_DMARC,townofmountolivenc.com,MONITOR_ONLY,both_bad,secretary@townofmountolivenc.com,Town Clerk,,Mount Olive: your email domain can currently be spoofed (free 20-minute fix inside),"Hello,

I'm a high school senior in Cary. As an independent project, I checked the public email-security records of every NC school district and municipality, 609 in total, using standard DNS lookups. Nothing was sent to or accessed on your systems; these records are public by design.

Here is what I found for Mount Olive:

Both of your domains are affected. townofmountolivenc.org has no DMARC record at all. And your email domain: townofmountolivenc.com has a DMARC record set to p=none, which reports forged mail but does not block it.

What that means in practice: an email forged to look like it came from an @townofmountolivenc.com or @townofmountolivenc.org address would not be rejected by the recipient's mail server. This is how business email compromise works, where a fake message from a director or manager asks a clerk to change a vendor's bank details. It is the most expensive category of cybercrime the FBI tracks, and local governments and school districts are frequent targets.

You are not alone: 68% of NC public bodies are in the same position.

The fix is free and takes about twenty minutes. The safe first step (monitoring mode) changes nothing about how your mail works today:

  Host:  _dmarc.townofmountolivenc.com
  Type:  TXT
  Value: v=DMARC1; p=none; rua=mailto:dmarc-reports@townofmountolivenc.com; fo=1

and the same record for townofmountolivenc.org:
  Host:  _dmarc.townofmountolivenc.org
  Type:  TXT
  Value: v=DMARC1; p=none; rua=mailto:dmarc-reports@townofmountolivenc.org; fo=1

After a few weeks of reports, the policy can move to p=quarantine and then p=reject, which is what CISA recommends for government domains. Full step-by-step instructions: [GITHUB LINK]

If it would help, I'm glad to answer questions. I'll be re-checking all 609 domains in about thirty days to see how many have been secured, and I'd be glad to count yours.

Thank you,
Siddharth Santhosh
siddharthsann@gmail.com · 919-454-0875"
Mount Pleasant,municipality,mtpleasantnc.gov,MONITOR_ONLY,mtpleasantnc.us,NO_DMARC,both_bad,amy@mtpleasantnc.us,Town Clerk,,Mount Pleasant: your email domain can currently be spoofed (free 20-minute fix inside),"Hello,

I'm a high school senior in Cary. As an independent project, I checked the public email-security records of every NC school district and municipality, 609 in total, using standard DNS lookups. Nothing was sent to or accessed on your systems; these records are public by design.

Here is what I found for Mount Pleasant:

Both of your domains are affected. mtpleasantnc.gov has a DMARC record set to p=none, which reports forged mail but does not block it. And your email domain: mtpleasantnc.us has no DMARC record at all.

What that means in practice: an email forged to look like it came from an @mtpleasantnc.us or @mtpleasantnc.gov address would not be rejected by the recipient's mail server. This is how business email compromise works, where a fake message from a director or manager asks a clerk to change a vendor's bank details. It is the most expensive category of cybercrime the FBI tracks, and local governments and school districts are frequent targets.

You are not alone: 68% of NC public bodies are in the same position.

The fix is free and takes about twenty minutes. The safe first step (monitoring mode) changes nothing about how your mail works today:

  Host:  _dmarc.mtpleasantnc.us
  Type:  TXT
  Value: v=DMARC1; p=none; rua=mailto:dmarc-reports@mtpleasantnc.us; fo=1

and the same record for mtpleasantnc.gov:
  Host:  _dmarc.mtpleasantnc.gov
  Type:  TXT
  Value: v=DMARC1; p=none; rua=mailto:dmarc-reports@mtpleasantnc.gov; fo=1

After a few weeks of reports, the policy can move to p=quarantine and then p=reject, which is what CISA recommends for government domains. Full step-by-step instructions: [GITHUB LINK]

If it would help, I'm glad to answer questions. I'll be re-checking all 609 domains in about thirty days to see how many have been secured, and I'd be glad to count yours.

Thank you,
Siddharth Santhosh
siddharthsann@gmail.com · 919-454-0875"
Navassa,municipality,townofnavassa.org,NO_DMARC,townofnavassa.org,NO_DMARC,same,Malston@townofnavassa.org,Town Clerk,,Navassa: your email domain can currently be spoofed (free 20-minute fix inside),"Hello,

I'm a high school senior in Cary. As an independent project, I checked the public email-security records of every NC school district and municipality, 609 in total, using standard DNS lookups. Nothing was sent to or accessed on your systems; these records are public by design.

Here is what I found for Navassa:

townofnavassa.org has no DMARC record at all.

What that means in practice: an email forged to look like it came from an @townofnavassa.org address would not be rejected by the recipient's mail server. This is how business email compromise works, where a fake message from a director or manager asks a clerk to change a vendor's bank details. It is the most expensive category of cybercrime the FBI tracks, and local governments and school districts are frequent targets.

You are not alone: 68% of NC public bodies are in the same position.

The fix is free and takes about twenty minutes. The safe first step (monitoring mode) changes nothing about how your mail works today:

  Host:  _dmarc.townofnavassa.org
  Type:  TXT
  Value: v=DMARC1; p=none; rua=mailto:dmarc-reports@townofnavassa.org; fo=1

After a few weeks of reports, the policy can move to p=quarantine and then p=reject, which is what CISA recommends for government domains. Full step-by-step instructions: [GITHUB LINK]

If it would help, I'm glad to answer questions. I'll be re-checking all 609 domains in about thirty days to see how many have been secured, and I'd be glad to count yours.

Thank you,
Siddharth Santhosh
siddharthsann@gmail.com · 919-454-0875"
New London,municipality,newlondonnc.org,NO_DMARC,newlondonnc.org,NO_DMARC,same,clerk@newlondonnc.org,Town Clerk,,New London: your email domain can currently be spoofed (free 20-minute fix inside),"Hello,

I'm a high school senior in Cary. As an independent project, I checked the public email-security records of every NC school district and municipality, 609 in total, using standard DNS lookups. Nothing was sent to or accessed on your systems; these records are public by design.

Here is what I found for New London:

newlondonnc.org has no DMARC record at all.

What that means in practice: an email forged to look like it came from an @newlondonnc.org address would not be rejected by the recipient's mail server. This is how business email compromise works, where a fake message from a director or manager asks a clerk to change a vendor's bank details. It is the most expensive category of cybercrime the FBI tracks, and local governments and school districts are frequent targets.

You are not alone: 68% of NC public bodies are in the same position.

The fix is free and takes about twenty minutes. The safe first step (monitoring mode) changes nothing about how your mail works today:

  Host:  _dmarc.newlondonnc.org
  Type:  TXT
  Value: v=DMARC1; p=none; rua=mailto:dmarc-reports@newlondonnc.org; fo=1

After a few weeks of reports, the policy can move to p=quarantine and then p=reject, which is what CISA recommends for government domains. Full step-by-step instructions: [GITHUB LINK]

If it would help, I'm glad to answer questions. I'll be re-checking all 609 domains in about thirty days to see how many have been secured, and I'd be glad to count yours.

Thank you,
Siddharth Santhosh
siddharthsann@gmail.com · 919-454-0875"
Newland,municipality,townofnewland.org,NO_DMARC,townofnewland.org,NO_DMARC,same,clerk@townofnewland.org,Town Clerk,,Newland: your email domain can currently be spoofed (free 20-minute fix inside),"Hello,

I'm a high school senior in Cary. As an independent project, I checked the public email-security records of every NC school district and municipality, 609 in total, using standard DNS lookups. Nothing was sent to or accessed on your systems; these records are public by design.

Here is what I found for Newland:

townofnewland.org has no DMARC record at all.

What that means in practice: an email forged to look like it came from an @townofnewland.org address would not be rejected by the recipient's mail server. This is how business email compromise works, where a fake message from a director or manager asks a clerk to change a vendor's bank details. It is the most expensive category of cybercrime the FBI tracks, and local governments and school districts are frequent targets.

You are not alone: 68% of NC public bodies are in the same position.

The fix is free and takes about twenty minutes. The safe first step (monitoring mode) changes nothing about how your mail works today:

  Host:  _dmarc.townofnewland.org
  Type:  TXT
  Value: v=DMARC1; p=none; rua=mailto:dmarc-reports@townofnewland.org; fo=1

After a few weeks of reports, the policy can move to p=quarantine and then p=reject, which is what CISA recommends for government domains. Full step-by-step instructions: [GITHUB LINK]

If it would help, I'm glad to answer questions. I'll be re-checking all 609 domains in about thirty days to see how many have been secured, and I'd be glad to count yours.

Thank you,
Siddharth Santhosh
siddharthsann@gmail.com · 919-454-0875"
Newton Grove,municipality,newtongrove.net,MONITOR_ONLY,newtongrove.net,MONITOR_ONLY,same,townclerk@newtongrove.net,Town Clerk,,Newton Grove: your email domain can currently be spoofed (free 20-minute fix inside),"Hello,

I'm a high school senior in Cary. As an independent project, I checked the public email-security records of every NC school district and municipality, 609 in total, using standard DNS lookups. Nothing was sent to or accessed on your systems; these records are public by design.

Here is what I found for Newton Grove:

newtongrove.net has a DMARC record set to p=none, which reports forged mail but does not block it.

What that means in practice: an email forged to look like it came from an @newtongrove.net address would not be rejected by the recipient's mail server. This is how business email compromise works, where a fake message from a director or manager asks a clerk to change a vendor's bank details. It is the most expensive category of cybercrime the FBI tracks, and local governments and school districts are frequent targets.

You are not alone: 68% of NC public bodies are in the same position.

The fix is free and takes about twenty minutes. The safe first step (monitoring mode) changes nothing about how your mail works today:

  Host:  _dmarc.newtongrove.net
  Type:  TXT
  Value: v=DMARC1; p=none; rua=mailto:dmarc-reports@newtongrove.net; fo=1

After a few weeks of reports, the policy can move to p=quarantine and then p=reject, which is what CISA recommends for government domains. Full step-by-step instructions: [GITHUB LINK]

If it would help, I'm glad to answer questions. I'll be re-checking all 609 domains in about thirty days to see how many have been secured, and I'd be glad to count yours.

Thank you,
Siddharth Santhosh
siddharthsann@gmail.com · 919-454-0875"
Norlina,municipality,norlinanc.com,NO_DMARC,townofnorlina.com,NO_DMARC,both_bad,townclerk@townofnorlina.com,Town Clerk,,Norlina: your email domain can currently be spoofed (free 20-minute fix inside),"Hello,

I'm a high school senior in Cary. As an independent project, I checked the public email-security records of every NC school district and municipality, 609 in total, using standard DNS lookups. Nothing was sent to or accessed on your systems; these records are public by design.

Here is what I found for Norlina:

Both of your domains are affected. norlinanc.com has no DMARC record at all. And your email domain: townofnorlina.com has no DMARC record at all.

What that means in practice: an email forged to look like it came from an @townofnorlina.com or @norlinanc.com address would not be rejected by the recipient's mail server. This is how business email compromise works, where a fake message from a director or manager asks a clerk to change a vendor's bank details. It is the most expensive category of cybercrime the FBI tracks, and local governments and school districts are frequent targets.

You are not alone: 68% of NC public bodies are in the same position.

The fix is free and takes about twenty minutes. The safe first step (monitoring mode) changes nothing about how your mail works today:

  Host:  _dmarc.townofnorlina.com
  Type:  TXT
  Value: v=DMARC1; p=none; rua=mailto:dmarc-reports@townofnorlina.com; fo=1

and the same record for norlinanc.com:
  Host:  _dmarc.norlinanc.com
  Type:  TXT
  Value: v=DMARC1; p=none; rua=mailto:dmarc-reports@norlinanc.com; fo=1

After a few weeks of reports, the policy can move to p=quarantine and then p=reject, which is what CISA recommends for government domains. Full step-by-step instructions: [GITHUB LINK]

If it would help, I'm glad to answer questions. I'll be re-checking all 609 domains in about thirty days to see how many have been secured, and I'd be glad to count yours.

Thank you,
Siddharth Santhosh
siddharthsann@gmail.com · 919-454-0875"
North Wilkesboro,municipality,northwilkesboronc.gov,MONITOR_ONLY,northwilkesboronc.gov,MONITOR_ONLY,same,townclerk@northwilkesboronc.gov,Town Clerk,,North Wilkesboro: your email domain can currently be spoofed (free 20-minute fix inside),"Hello,

I'm a high school senior in Cary. As an independent project, I checked the public email-security records of every NC school district and municipality, 609 in total, using standard DNS lookups. Nothing was sent to or accessed on your systems; these records are public by design.

Here is what I found for North Wilkesboro:

northwilkesboronc.gov has a DMARC record set to p=none, which reports forged mail but does not block it.

What that means in practice: an email forged to look like it came from an @northwilkesboronc.gov address would not be rejected by the recipient's mail server. This is how business email compromise works, where a fake message from a director or manager asks a clerk to change a vendor's bank details. It is the most expensive category of cybercrime the FBI tracks, and local governments and school districts are frequent targets.

You are not alone: 68% of NC public bodies are in the same position.

The fix is free and takes about twenty minutes. The safe first step (monitoring mode) changes nothing about how your mail works today:

  Host:  _dmarc.northwilkesboronc.gov
  Type:  TXT
  Value: v=DMARC1; p=none; rua=mailto:dmarc-reports@northwilkesboronc.gov; fo=1

After a few weeks of reports, the policy can move to p=quarantine and then p=reject, which is what CISA recommends for government domains. Full step-by-step instructions: [GITHUB LINK]

If it would help, I'm glad to answer questions. I'll be re-checking all 609 domains in about thirty days to see how many have been secured, and I'd be glad to count yours.

Thank you,
Siddharth Santhosh
siddharthsann@gmail.com · 919-454-0875"
Northwest,municipality,cityofnorthwest.com,NO_DMARC,cityofnorthwest.com,NO_DMARC,same,deputycityclerk@cityofnorthwest.com,City Clerk's Office,,Northwest: your email domain can currently be spoofed (free 20-minute fix inside),"Hello,

I'm a high school senior in Cary. As an independent project, I checked the public email-security records of every NC school district and municipality, 609 in total, using standard DNS lookups. Nothing was sent to or accessed on your systems; these records are public by design.

Here is what I found for Northwest:

cityofnorthwest.com has no DMARC record at all.

What that means in practice: an email forged to look like it came from an @cityofnorthwest.com address would not be rejected by the recipient's mail server. This is how business email compromise works, where a fake message from a director or manager asks a clerk to change a vendor's bank details. It is the most expensive category of cybercrime the FBI tracks, and local governments and school districts are frequent targets.

You are not alone: 68% of NC public bodies are in the same position.

The fix is free and takes about twenty minutes. The safe first step (monitoring mode) changes nothing about how your mail works today:

  Host:  _dmarc.cityofnorthwest.com
  Type:  TXT
  Value: v=DMARC1; p=none; rua=mailto:dmarc-reports@cityofnorthwest.com; fo=1

After a few weeks of reports, the policy can move to p=quarantine and then p=reject, which is what CISA recommends for government domains. Full step-by-step instructions: [GITHUB LINK]

If it would help, I'm glad to answer questions. I'll be re-checking all 609 domains in about thirty days to see how many have been secured, and I'd be glad to count yours.

Thank you,
Siddharth Santhosh
siddharthsann@gmail.com · 919-454-0875"
Norwood,municipality,norwoodgov.com,NO_DMARC,norwoodnc.gov,ENFORCED_REJECT,mail_ok,townclerk@norwoodnc.gov,Town Clerk,,Norwood: your email domain can currently be spoofed (free 20-minute fix inside),"Hello,

I'm a high school senior in Cary. As an independent project, I checked the public email-security records of every NC school district and municipality, 609 in total, using standard DNS lookups. Nothing was sent to or accessed on your systems; these records are public by design.

Here is what I found for Norwood:

Good news first: your email domain norwoodnc.gov is properly protected (DMARC reject). But norwoodgov.com has no DMARC record at all.

What that means in practice: someone can still send mail that appears to come from an @norwoodgov.com address, which most recipients won't distinguish from your real one. This is how business email compromise works, where a fake message from a director or manager asks a clerk to change a vendor's bank details. It is the most expensive category of cybercrime the FBI tracks, and local governments and school districts are frequent targets.

You are not alone: 68% of NC public bodies are in the same position.

The fix is free and takes about twenty minutes. The safe first step (monitoring mode) changes nothing about how your mail works today:

  Host:  _dmarc.norwoodgov.com
  Type:  TXT
  Value: v=DMARC1; p=none; rua=mailto:dmarc-reports@norwoodgov.com; fo=1

After a few weeks of reports, the policy can move to p=quarantine and then p=reject, which is what CISA recommends for government domains. Full step-by-step instructions: [GITHUB LINK]

If it would help, I'm glad to answer questions. I'll be re-checking all 609 domains in about thirty days to see how many have been secured, and I'd be glad to count yours.

Thank you,
Siddharth Santhosh
siddharthsann@gmail.com · 919-454-0875"
Oak Island,municipality,oakislandnc.gov,MONITOR_ONLY,oakislandnc.gov,MONITOR_ONLY,same,ebaker@oakislandnc.gov,Town Clerk's Office,kept: address from the town's older .com site (still live); small bounce risk,Oak Island: your email domain can currently be spoofed (free 20-minute fix inside),"Hello,

I'm a high school senior in Cary. As an independent project, I checked the public email-security records of every NC school district and municipality, 609 in total, using standard DNS lookups. Nothing was sent to or accessed on your systems; these records are public by design.

Here is what I found for Oak Island:

oakislandnc.gov has a DMARC record set to p=none, which reports forged mail but does not block it.

What that means in practice: an email forged to look like it came from an @oakislandnc.gov address would not be rejected by the recipient's mail server. This is how business email compromise works, where a fake message from a director or manager asks a clerk to change a vendor's bank details. It is the most expensive category of cybercrime the FBI tracks, and local governments and school districts are frequent targets.

You are not alone: 68% of NC public bodies are in the same position.

The fix is free and takes about twenty minutes. The safe first step (monitoring mode) changes nothing about how your mail works today:

  Host:  _dmarc.oakislandnc.gov
  Type:  TXT
  Value: v=DMARC1; p=none; rua=mailto:dmarc-reports@oakislandnc.gov; fo=1

After a few weeks of reports, the policy can move to p=quarantine and then p=reject, which is what CISA recommends for government domains. Full step-by-step instructions: [GITHUB LINK]

If it would help, I'm glad to answer questions. I'll be re-checking all 609 domains in about thirty days to see how many have been secured, and I'd be glad to count yours.

Thank you,
Siddharth Santhosh
siddharthsann@gmail.com · 919-454-0875"
Oak Ridge,municipality,oakridgenc.com,MONITOR_ONLY,oakridgenc.com,MONITOR_ONLY,same,ssmith@oakridgenc.com,Town Clerk,,Oak Ridge: your email domain can currently be spoofed (free 20-minute fix inside),"Hello,

I'm a high school senior in Cary. As an independent project, I checked the public email-security records of every NC school district and municipality, 609 in total, using standard DNS lookups. Nothing was sent to or accessed on your systems; these records are public by design.

Here is what I found for Oak Ridge:

oakridgenc.com has a DMARC record set to p=none, which reports forged mail but does not block it.

What that means in practice: an email forged to look like it came from an @oakridgenc.com address would not be rejected by the recipient's mail server. This is how business email compromise works, where a fake message from a director or manager asks a clerk to change a vendor's bank details. It is the most expensive category of cybercrime the FBI tracks, and local governments and school districts are frequent targets.

You are not alone: 68% of NC public bodies are in the same position.

The fix is free and takes about twenty minutes. The safe first step (monitoring mode) changes nothing about how your mail works today:

  Host:  _dmarc.oakridgenc.com
  Type:  TXT
  Value: v=DMARC1; p=none; rua=mailto:dmarc-reports@oakridgenc.com; fo=1

After a few weeks of reports, the policy can move to p=quarantine and then p=reject, which is what CISA recommends for government domains. Full step-by-step instructions: [GITHUB LINK]

If it would help, I'm glad to answer questions. I'll be re-checking all 609 domains in about thirty days to see how many have been secured, and I'd be glad to count yours.

Thank you,
Siddharth Santhosh
siddharthsann@gmail.com · 919-454-0875"
Oakboro,municipality,oakboro.gov,NO_DMARC,oakboro.gov,NO_DMARC,same,lmurray@oakboro.gov,Town Clerk,,Oakboro: your email domain can currently be spoofed (free 20-minute fix inside),"Hello,

I'm a high school senior in Cary. As an independent project, I checked the public email-security records of every NC school district and municipality, 609 in total, using standard DNS lookups. Nothing was sent to or accessed on your systems; these records are public by design.

Here is what I found for Oakboro:

oakboro.gov has no DMARC record at all.

What that means in practice: an email forged to look like it came from an @oakboro.gov address would not be rejected by the recipient's mail server. This is how business email compromise works, where a fake message from a director or manager asks a clerk to change a vendor's bank details. It is the most expensive category of cybercrime the FBI tracks, and local governments and school districts are frequent targets.

You are not alone: 68% of NC public bodies are in the same position.

The fix is free and takes about twenty minutes. The safe first step (monitoring mode) changes nothing about how your mail works today:

  Host:  _dmarc.oakboro.gov
  Type:  TXT
  Value: v=DMARC1; p=none; rua=mailto:dmarc-reports@oakboro.gov; fo=1

After a few weeks of reports, the policy can move to p=quarantine and then p=reject, which is what CISA recommends for government domains. Full step-by-step instructions: [GITHUB LINK]

If it would help, I'm glad to answer questions. I'll be re-checking all 609 domains in about thirty days to see how many have been secured, and I'd be glad to count yours.

Thank you,
Siddharth Santhosh
siddharthsann@gmail.com · 919-454-0875"
Ocean Isle Beach,municipality,oibgov.com,NO_DMARC,oibgov.com,NO_DMARC,same,casey@oibgov.com,Assistant Town Manager/Town Clerk,,Ocean Isle Beach: your email domain can currently be spoofed (free 20-minute fix inside),"Hello,

I'm a high school senior in Cary. As an independent project, I checked the public email-security records of every NC school district and municipality, 609 in total, using standard DNS lookups. Nothing was sent to or accessed on your systems; these records are public by design.

Here is what I found for Ocean Isle Beach:

oibgov.com has no DMARC record at all.

What that means in practice: an email forged to look like it came from an @oibgov.com address would not be rejected by the recipient's mail server. This is how business email compromise works, where a fake message from a director or manager asks a clerk to change a vendor's bank details. It is the most expensive category of cybercrime the FBI tracks, and local governments and school districts are frequent targets.

You are not alone: 68% of NC public bodies are in the same position.

The fix is free and takes about twenty minutes. The safe first step (monitoring mode) changes nothing about how your mail works today:

  Host:  _dmarc.oibgov.com
  Type:  TXT
  Value: v=DMARC1; p=none; rua=mailto:dmarc-reports@oibgov.com; fo=1

After a few weeks of reports, the policy can move to p=quarantine and then p=reject, which is what CISA recommends for government domains. Full step-by-step instructions: [GITHUB LINK]

If it would help, I'm glad to answer questions. I'll be re-checking all 609 domains in about thirty days to see how many have been secured, and I'd be glad to count yours.

Thank you,
Siddharth Santhosh
siddharthsann@gmail.com · 919-454-0875"
Old Fort,municipality,townofoldfort.org,MONITOR_ONLY,oldfortnc.com,NO_DMARC,both_bad,rtaylor@oldfortnc.com,Town Clerk,,Old Fort: your email domain can currently be spoofed (free 20-minute fix inside),"Hello,

I'm a high school senior in Cary. As an independent project, I checked the public email-security records of every NC school district and municipality, 609 in total, using standard DNS lookups. Nothing was sent to or accessed on your systems; these records are public by design.

Here is what I found for Old Fort:

Both of your domains are affected. townofoldfort.org has a DMARC record set to p=none, which reports forged mail but does not block it. And your email domain: oldfortnc.com has no DMARC record at all.

What that means in practice: an email forged to look like it came from an @oldfortnc.com or @townofoldfort.org address would not be rejected by the recipient's mail server. This is how business email compromise works, where a fake message from a director or manager asks a clerk to change a vendor's bank details. It is the most expensive category of cybercrime the FBI tracks, and local governments and school districts are frequent targets.

You are not alone: 68% of NC public bodies are in the same position.

The fix is free and takes about twenty minutes. The safe first step (monitoring mode) changes nothing about how your mail works today:

  Host:  _dmarc.oldfortnc.com
  Type:  TXT
  Value: v=DMARC1; p=none; rua=mailto:dmarc-reports@oldfortnc.com; fo=1

and the same record for townofoldfort.org:
  Host:  _dmarc.townofoldfort.org
  Type:  TXT
  Value: v=DMARC1; p=none; rua=mailto:dmarc-reports@townofoldfort.org; fo=1

After a few weeks of reports, the policy can move to p=quarantine and then p=reject, which is what CISA recommends for government domains. Full step-by-step instructions: [GITHUB LINK]

If it would help, I'm glad to answer questions. I'll be re-checking all 609 domains in about thirty days to see how many have been secured, and I'd be glad to count yours.

Thank you,
Siddharth Santhosh
siddharthsann@gmail.com · 919-454-0875"
Oriental,municipality,townoforiental.com,NO_DMARC,townoforiental.com,NO_DMARC,same,Manager@TownofOriental.com,Town Manager,,Oriental: your email domain can currently be spoofed (free 20-minute fix inside),"Hello,

I'm a high school senior in Cary. As an independent project, I checked the public email-security records of every NC school district and municipality, 609 in total, using standard DNS lookups. Nothing was sent to or accessed on your systems; these records are public by design.

Here is what I found for Oriental:

townoforiental.com has no DMARC record at all.

What that means in practice: an email forged to look like it came from an @townoforiental.com address would not be rejected by the recipient's mail server. This is how business email compromise works, where a fake message from a director or manager asks a clerk to change a vendor's bank details. It is the most expensive category of cybercrime the FBI tracks, and local governments and school districts are frequent targets.

You are not alone: 68% of NC public bodies are in the same position.

The fix is free and takes about twenty minutes. The safe first step (monitoring mode) changes nothing about how your mail works today:

  Host:  _dmarc.townoforiental.com
  Type:  TXT
  Value: v=DMARC1; p=none; rua=mailto:dmarc-reports@townoforiental.com; fo=1

After a few weeks of reports, the policy can move to p=quarantine and then p=reject, which is what CISA recommends for government domains. Full step-by-step instructions: [GITHUB LINK]

If it would help, I'm glad to answer questions. I'll be re-checking all 609 domains in about thirty days to see how many have been secured, and I'd be glad to count yours.

Thank you,
Siddharth Santhosh
siddharthsann@gmail.com · 919-454-0875"
Ossipee,municipality,townofossipeenc.com,NO_DMARC,yahoo.com,n/a (consumer provider),consumer,townofossipee@yahoo.com,General contact,,Ossipee: your email domain can currently be spoofed (free 20-minute fix inside),"Hello,

I'm a high school senior in Cary. As an independent project, I checked the public email-security records of every NC school district and municipality, 609 in total, using standard DNS lookups. Nothing was sent to or accessed on your systems; these records are public by design.

Here is what I found for Ossipee:

townofossipeenc.com has no DMARC record at all. (Your staff mail runs on yahoo.com, which is fine; this is about the town's own domain.)

What that means in practice: anyone can send an email that appears to come from an @townofossipeenc.com address, and nothing tells the recipient it's fake. Attackers use unused domains exactly this way. This is how business email compromise works, where a fake message from a director or manager asks a clerk to change a vendor's bank details. It is the most expensive category of cybercrime the FBI tracks, and local governments and school districts are frequent targets.

You are not alone: 68% of NC public bodies are in the same position.

The fix is free and takes about twenty minutes. The safe first step (monitoring mode) changes nothing about how your mail works today:

  Host:  _dmarc.townofossipeenc.com
  Type:  TXT
  Value: v=DMARC1; p=none; rua=mailto:dmarc-reports@townofossipeenc.com; fo=1

After a few weeks of reports, the policy can move to p=quarantine and then p=reject, which is what CISA recommends for government domains. Full step-by-step instructions: [GITHUB LINK]

If it would help, I'm glad to answer questions. I'll be re-checking all 609 domains in about thirty days to see how many have been secured, and I'd be glad to count yours.

Thank you,
Siddharth Santhosh
siddharthsann@gmail.com · 919-454-0875"
Oxford,municipality,oxfordnc.org,MONITOR_ONLY,oxfordnc.org,MONITOR_ONLY,same,cbowen@oxfordnc.org,City Clerk,,Oxford: your email domain can currently be spoofed (free 20-minute fix inside),"Hello,

I'm a high school senior in Cary. As an independent project, I checked the public email-security records of every NC school district and municipality, 609 in total, using standard DNS lookups. Nothing was sent to or accessed on your systems; these records are public by design.

Here is what I found for Oxford:

oxfordnc.org has a DMARC record set to p=none, which reports forged mail but does not block it.

What that means in practice: an email forged to look like it came from an @oxfordnc.org address would not be rejected by the recipient's mail server. This is how business email compromise works, where a fake message from a director or manager asks a clerk to change a vendor's bank details. It is the most expensive category of cybercrime the FBI tracks, and local governments and school districts are frequent targets.

You are not alone: 68% of NC public bodies are in the same position.

The fix is free and takes about twenty minutes. The safe first step (monitoring mode) changes nothing about how your mail works today:

  Host:  _dmarc.oxfordnc.org
  Type:  TXT
  Value: v=DMARC1; p=none; rua=mailto:dmarc-reports@oxfordnc.org; fo=1

After a few weeks of reports, the policy can move to p=quarantine and then p=reject, which is what CISA recommends for government domains. Full step-by-step instructions: [GITHUB LINK]

If it would help, I'm glad to answer questions. I'll be re-checking all 609 domains in about thirty days to see how many have been secured, and I'd be glad to count yours.

Thank you,
Siddharth Santhosh
siddharthsann@gmail.com · 919-454-0875"
Parkton,municipality,townofparkton.org,NO_DMARC,townofparkton.org,NO_DMARC,same,clerk@townofparkton.org,Town Clerk,,Parkton: your email domain can currently be spoofed (free 20-minute fix inside),"Hello,

I'm a high school senior in Cary. As an independent project, I checked the public email-security records of every NC school district and municipality, 609 in total, using standard DNS lookups. Nothing was sent to or accessed on your systems; these records are public by design.

Here is what I found for Parkton:

townofparkton.org has no DMARC record at all.

What that means in practice: an email forged to look like it came from an @townofparkton.org address would not be rejected by the recipient's mail server. This is how business email compromise works, where a fake message from a director or manager asks a clerk to change a vendor's bank details. It is the most expensive category of cybercrime the FBI tracks, and local governments and school districts are frequent targets.

You are not alone: 68% of NC public bodies are in the same position.

The fix is free and takes about twenty minutes. The safe first step (monitoring mode) changes nothing about how your mail works today:

  Host:  _dmarc.townofparkton.org
  Type:  TXT
  Value: v=DMARC1; p=none; rua=mailto:dmarc-reports@townofparkton.org; fo=1

After a few weeks of reports, the policy can move to p=quarantine and then p=reject, which is what CISA recommends for government domains. Full step-by-step instructions: [GITHUB LINK]

If it would help, I'm glad to answer questions. I'll be re-checking all 609 domains in about thirty days to see how many have been secured, and I'd be glad to count yours.

Thank you,
Siddharth Santhosh
siddharthsann@gmail.com · 919-454-0875"
Peachland,municipality,townofpeachland.org,NO_DMARC,windstream.net,n/a (consumer provider),consumer,townofpeachland@windstream.net,General contact,,Peachland: your email domain can currently be spoofed (free 20-minute fix inside),"Hello,

I'm a high school senior in Cary. As an independent project, I checked the public email-security records of every NC school district and municipality, 609 in total, using standard DNS lookups. Nothing was sent to or accessed on your systems; these records are public by design.

Here is what I found for Peachland:

townofpeachland.org has no DMARC record at all. (Your staff mail runs on windstream.net, which is fine; this is about the town's own domain.)

What that means in practice: anyone can send an email that appears to come from an @townofpeachland.org address, and nothing tells the recipient it's fake. Attackers use unused domains exactly this way. This is how business email compromise works, where a fake message from a director or manager asks a clerk to change a vendor's bank details. It is the most expensive category of cybercrime the FBI tracks, and local governments and school districts are frequent targets.

You are not alone: 68% of NC public bodies are in the same position.

The fix is free and takes about twenty minutes. The safe first step (monitoring mode) changes nothing about how your mail works today:

  Host:  _dmarc.townofpeachland.org
  Type:  TXT
  Value: v=DMARC1; p=none; rua=mailto:dmarc-reports@townofpeachland.org; fo=1

After a few weeks of reports, the policy can move to p=quarantine and then p=reject, which is what CISA recommends for government domains. Full step-by-step instructions: [GITHUB LINK]

If it would help, I'm glad to answer questions. I'll be re-checking all 609 domains in about thirty days to see how many have been secured, and I'd be glad to count yours.

Thank you,
Siddharth Santhosh
siddharthsann@gmail.com · 919-454-0875"
Pembroke,municipality,pembrokenc.gov,PARTIAL,pembrokenc.gov,PARTIAL,same,amira@pembrokenc.gov,Town Clerk,,Pembroke: your email domain can currently be spoofed (free 20-minute fix inside),"Hello,

I'm a high school senior in Cary. As an independent project, I checked the public email-security records of every NC school district and municipality, 609 in total, using standard DNS lookups. Nothing was sent to or accessed on your systems; these records are public by design.

Here is what I found for Pembroke:

pembrokenc.gov applies its DMARC policy to only 25% of mail, so forged messages in the remainder are not blocked.

What that means in practice: an email forged to look like it came from an @pembrokenc.gov address would not be rejected by the recipient's mail server. This is how business email compromise works, where a fake message from a director or manager asks a clerk to change a vendor's bank details. It is the most expensive category of cybercrime the FBI tracks, and local governments and school districts are frequent targets.

You are not alone: 68% of NC public bodies are in the same position.

The fix is free and takes about twenty minutes. The safe first step (monitoring mode) changes nothing about how your mail works today:

  Host:  _dmarc.pembrokenc.gov
  Type:  TXT
  Value: v=DMARC1; p=none; rua=mailto:dmarc-reports@pembrokenc.gov; fo=1

After a few weeks of reports, the policy can move to p=quarantine and then p=reject, which is what CISA recommends for government domains. Full step-by-step instructions: [GITHUB LINK]

If it would help, I'm glad to answer questions. I'll be re-checking all 609 domains in about thirty days to see how many have been secured, and I'd be glad to count yours.

Thank you,
Siddharth Santhosh
siddharthsann@gmail.com · 919-454-0875"
Pikeville,municipality,pikevillenc.gov,NO_DMARC,pikevillenc.gov,NO_DMARC,same,clerk@pikevillenc.gov,Town Clerk,,Pikeville: your email domain can currently be spoofed (free 20-minute fix inside),"Hello,

I'm a high school senior in Cary. As an independent project, I checked the public email-security records of every NC school district and municipality, 609 in total, using standard DNS lookups. Nothing was sent to or accessed on your systems; these records are public by design.

Here is what I found for Pikeville:

pikevillenc.gov has no DMARC record at all.

What that means in practice: an email forged to look like it came from an @pikevillenc.gov address would not be rejected by the recipient's mail server. This is how business email compromise works, where a fake message from a director or manager asks a clerk to change a vendor's bank details. It is the most expensive category of cybercrime the FBI tracks, and local governments and school districts are frequent targets.

You are not alone: 68% of NC public bodies are in the same position.

The fix is free and takes about twenty minutes. The safe first step (monitoring mode) changes nothing about how your mail works today:

  Host:  _dmarc.pikevillenc.gov
  Type:  TXT
  Value: v=DMARC1; p=none; rua=mailto:dmarc-reports@pikevillenc.gov; fo=1

After a few weeks of reports, the policy can move to p=quarantine and then p=reject, which is what CISA recommends for government domains. Full step-by-step instructions: [GITHUB LINK]

If it would help, I'm glad to answer questions. I'll be re-checking all 609 domains in about thirty days to see how many have been secured, and I'd be glad to count yours.

Thank you,
Siddharth Santhosh
siddharthsann@gmail.com · 919-454-0875"
Pinebluff,municipality,townofpinebluffnc.org,MONITOR_ONLY,townofpinebluffnc.org,MONITOR_ONLY,same,lbowman@townofpinebluffnc.org,Town Clerk,,Pinebluff: your email domain can currently be spoofed (free 20-minute fix inside),"Hello,

I'm a high school senior in Cary. As an independent project, I checked the public email-security records of every NC school district and municipality, 609 in total, using standard DNS lookups. Nothing was sent to or accessed on your systems; these records are public by design.

Here is what I found for Pinebluff:

townofpinebluffnc.org has a DMARC record set to p=none, which reports forged mail but does not block it.

What that means in practice: an email forged to look like it came from an @townofpinebluffnc.org address would not be rejected by the recipient's mail server. This is how business email compromise works, where a fake message from a director or manager asks a clerk to change a vendor's bank details. It is the most expensive category of cybercrime the FBI tracks, and local governments and school districts are frequent targets.

You are not alone: 68% of NC public bodies are in the same position.

The fix is free and takes about twenty minutes. The safe first step (monitoring mode) changes nothing about how your mail works today:

  Host:  _dmarc.townofpinebluffnc.org
  Type:  TXT
  Value: v=DMARC1; p=none; rua=mailto:dmarc-reports@townofpinebluffnc.org; fo=1

After a few weeks of reports, the policy can move to p=quarantine and then p=reject, which is what CISA recommends for government domains. Full step-by-step instructions: [GITHUB LINK]

If it would help, I'm glad to answer questions. I'll be re-checking all 609 domains in about thirty days to see how many have been secured, and I'd be glad to count yours.

Thank you,
Siddharth Santhosh
siddharthsann@gmail.com · 919-454-0875"
Pinetops,municipality,pinetopsnc.com,NO_DMARC,pinetopsnc.com,NO_DMARC,same,tkeesler@pinetopsnc.com,Town Clerk,,Pinetops: your email domain can currently be spoofed (free 20-minute fix inside),"Hello,

I'm a high school senior in Cary. As an independent project, I checked the public email-security records of every NC school district and municipality, 609 in total, using standard DNS lookups. Nothing was sent to or accessed on your systems; these records are public by design.

Here is what I found for Pinetops:

pinetopsnc.com has no DMARC record at all.

What that means in practice: an email forged to look like it came from an @pinetopsnc.com address would not be rejected by the recipient's mail server. This is how business email compromise works, where a fake message from a director or manager asks a clerk to change a vendor's bank details. It is the most expensive category of cybercrime the FBI tracks, and local governments and school districts are frequent targets.

You are not alone: 68% of NC public bodies are in the same position.

The fix is free and takes about twenty minutes. The safe first step (monitoring mode) changes nothing about how your mail works today:

  Host:  _dmarc.pinetopsnc.com
  Type:  TXT
  Value: v=DMARC1; p=none; rua=mailto:dmarc-reports@pinetopsnc.com; fo=1

After a few weeks of reports, the policy can move to p=quarantine and then p=reject, which is what CISA recommends for government domains. Full step-by-step instructions: [GITHUB LINK]

If it would help, I'm glad to answer questions. I'll be re-checking all 609 domains in about thirty days to see how many have been secured, and I'd be glad to count yours.

Thank you,
Siddharth Santhosh
siddharthsann@gmail.com · 919-454-0875"
Pittsboro,municipality,pittsboronc.gov,NO_DMARC,pittsboronc.gov,NO_DMARC,same,rdouglass@pittsboronc.gov,IT Department,,Pittsboro: your email domain can currently be spoofed (free 20-minute fix inside),"Hello,

I'm a high school senior in Cary. As an independent project, I checked the public email-security records of every NC school district and municipality, 609 in total, using standard DNS lookups. Nothing was sent to or accessed on your systems; these records are public by design.

Here is what I found for Pittsboro:

pittsboronc.gov has no DMARC record at all.

What that means in practice: an email forged to look like it came from an @pittsboronc.gov address would not be rejected by the recipient's mail server. This is how business email compromise works, where a fake message from a director or manager asks a clerk to change a vendor's bank details. It is the most expensive category of cybercrime the FBI tracks, and local governments and school districts are frequent targets.

You are not alone: 68% of NC public bodies are in the same position.

The fix is free and takes about twenty minutes. The safe first step (monitoring mode) changes nothing about how your mail works today:

  Host:  _dmarc.pittsboronc.gov
  Type:  TXT
  Value: v=DMARC1; p=none; rua=mailto:dmarc-reports@pittsboronc.gov; fo=1

After a few weeks of reports, the policy can move to p=quarantine and then p=reject, which is what CISA recommends for government domains. Full step-by-step instructions: [GITHUB LINK]

If it would help, I'm glad to answer questions. I'll be re-checking all 609 domains in about thirty days to see how many have been secured, and I'd be glad to count yours.

Thank you,
Siddharth Santhosh
siddharthsann@gmail.com · 919-454-0875"
Pleasant Garden,municipality,pleasantgarden.net,NO_DMARC,pleasantgarden.net,NO_DMARC,same,townclerk@pleasantgarden.net,Town Clerk,,Pleasant Garden: your email domain can currently be spoofed (free 20-minute fix inside),"Hello,

I'm a high school senior in Cary. As an independent project, I checked the public email-security records of every NC school district and municipality, 609 in total, using standard DNS lookups. Nothing was sent to or accessed on your systems; these records are public by design.

Here is what I found for Pleasant Garden:

pleasantgarden.net has no DMARC record at all.

What that means in practice: an email forged to look like it came from an @pleasantgarden.net address would not be rejected by the recipient's mail server. This is how business email compromise works, where a fake message from a director or manager asks a clerk to change a vendor's bank details. It is the most expensive category of cybercrime the FBI tracks, and local governments and school districts are frequent targets.

You are not alone: 68% of NC public bodies are in the same position.

The fix is free and takes about twenty minutes. The safe first step (monitoring mode) changes nothing about how your mail works today:

  Host:  _dmarc.pleasantgarden.net
  Type:  TXT
  Value: v=DMARC1; p=none; rua=mailto:dmarc-reports@pleasantgarden.net; fo=1

After a few weeks of reports, the policy can move to p=quarantine and then p=reject, which is what CISA recommends for government domains. Full step-by-step instructions: [GITHUB LINK]

If it would help, I'm glad to answer questions. I'll be re-checking all 609 domains in about thirty days to see how many have been secured, and I'd be glad to count yours.

Thank you,
Siddharth Santhosh
siddharthsann@gmail.com · 919-454-0875"
Polkton,municipality,townofpolkton.org,NO_DMARC,windstream.net,n/a (consumer provider),consumer,TownofPolkton@windstream.net,General contact,,Polkton: your email domain can currently be spoofed (free 20-minute fix inside),"Hello,

I'm a high school senior in Cary. As an independent project, I checked the public email-security records of every NC school district and municipality, 609 in total, using standard DNS lookups. Nothing was sent to or accessed on your systems; these records are public by design.

Here is what I found for Polkton:

townofpolkton.org has no DMARC record at all. (Your staff mail runs on windstream.net, which is fine; this is about the town's own domain.)

What that means in practice: anyone can send an email that appears to come from an @townofpolkton.org address, and nothing tells the recipient it's fake. Attackers use unused domains exactly this way. This is how business email compromise works, where a fake message from a director or manager asks a clerk to change a vendor's bank details. It is the most expensive category of cybercrime the FBI tracks, and local governments and school districts are frequent targets.

You are not alone: 68% of NC public bodies are in the same position.

The fix is free and takes about twenty minutes. The safe first step (monitoring mode) changes nothing about how your mail works today:

  Host:  _dmarc.townofpolkton.org
  Type:  TXT
  Value: v=DMARC1; p=none; rua=mailto:dmarc-reports@townofpolkton.org; fo=1

After a few weeks of reports, the policy can move to p=quarantine and then p=reject, which is what CISA recommends for government domains. Full step-by-step instructions: [GITHUB LINK]

If it would help, I'm glad to answer questions. I'll be re-checking all 609 domains in about thirty days to see how many have been secured, and I'd be glad to count yours.

Thank you,
Siddharth Santhosh
siddharthsann@gmail.com · 919-454-0875"
Polkville,municipality,polkvillenc.gov,NO_DMARC,polkvillenc.gov,NO_DMARC,same,mayor@polkvillenc.gov,Mayor,,Polkville: your email domain can currently be spoofed (free 20-minute fix inside),"Hello,

I'm a high school senior in Cary. As an independent project, I checked the public email-security records of every NC school district and municipality, 609 in total, using standard DNS lookups. Nothing was sent to or accessed on your systems; these records are public by design.

Here is what I found for Polkville:

polkvillenc.gov has no DMARC record at all.

What that means in practice: an email forged to look like it came from an @polkvillenc.gov address would not be rejected by the recipient's mail server. This is how business email compromise works, where a fake message from a director or manager asks a clerk to change a vendor's bank details. It is the most expensive category of cybercrime the FBI tracks, and local governments and school districts are frequent targets.

You are not alone: 68% of NC public bodies are in the same position.

The fix is free and takes about twenty minutes. The safe first step (monitoring mode) changes nothing about how your mail works today:

  Host:  _dmarc.polkvillenc.gov
  Type:  TXT
  Value: v=DMARC1; p=none; rua=mailto:dmarc-reports@polkvillenc.gov; fo=1

After a few weeks of reports, the policy can move to p=quarantine and then p=reject, which is what CISA recommends for government domains. Full step-by-step instructions: [GITHUB LINK]

If it would help, I'm glad to answer questions. I'll be re-checking all 609 domains in about thirty days to see how many have been secured, and I'd be glad to count yours.

Thank you,
Siddharth Santhosh
siddharthsann@gmail.com · 919-454-0875"
Pollocksville,municipality,townofpollocksville.com,NO_DMARC,townofpollocksville.com,NO_DMARC,same,informationalservices@townofpollocksville.com,Information Services,,Pollocksville: your email domain can currently be spoofed (free 20-minute fix inside),"Hello,

I'm a high school senior in Cary. As an independent project, I checked the public email-security records of every NC school district and municipality, 609 in total, using standard DNS lookups. Nothing was sent to or accessed on your systems; these records are public by design.

Here is what I found for Pollocksville:

townofpollocksville.com has no DMARC record at all.

What that means in practice: an email forged to look like it came from an @townofpollocksville.com address would not be rejected by the recipient's mail server. This is how business email compromise works, where a fake message from a director or manager asks a clerk to change a vendor's bank details. It is the most expensive category of cybercrime the FBI tracks, and local governments and school districts are frequent targets.

You are not alone: 68% of NC public bodies are in the same position.

The fix is free and takes about twenty minutes. The safe first step (monitoring mode) changes nothing about how your mail works today:

  Host:  _dmarc.townofpollocksville.com
  Type:  TXT
  Value: v=DMARC1; p=none; rua=mailto:dmarc-reports@townofpollocksville.com; fo=1

After a few weeks of reports, the policy can move to p=quarantine and then p=reject, which is what CISA recommends for government domains. Full step-by-step instructions: [GITHUB LINK]

If it would help, I'm glad to answer questions. I'll be re-checking all 609 domains in about thirty days to see how many have been secured, and I'd be glad to count yours.

Thank you,
Siddharth Santhosh
siddharthsann@gmail.com · 919-454-0875"
Princeton,municipality,myprincetonnc.com,MONITOR_ONLY,myprincetonnc.com,MONITOR_ONLY,same,s.johnson@myprincetonnc.com,Mayor,,Princeton: your email domain can currently be spoofed (free 20-minute fix inside),"Hello,

I'm a high school senior in Cary. As an independent project, I checked the public email-security records of every NC school district and municipality, 609 in total, using standard DNS lookups. Nothing was sent to or accessed on your systems; these records are public by design.

Here is what I found for Princeton:

myprincetonnc.com has a DMARC record set to p=none, which reports forged mail but does not block it.

What that means in practice: an email forged to look like it came from an @myprincetonnc.com address would not be rejected by the recipient's mail server. This is how business email compromise works, where a fake message from a director or manager asks a clerk to change a vendor's bank details. It is the most expensive category of cybercrime the FBI tracks, and local governments and school districts are frequent targets.

You are not alone: 68% of NC public bodies are in the same position.

The fix is free and takes about twenty minutes. The safe first step (monitoring mode) changes nothing about how your mail works today:

  Host:  _dmarc.myprincetonnc.com
  Type:  TXT
  Value: v=DMARC1; p=none; rua=mailto:dmarc-reports@myprincetonnc.com; fo=1

After a few weeks of reports, the policy can move to p=quarantine and then p=reject, which is what CISA recommends for government domains. Full step-by-step instructions: [GITHUB LINK]

If it would help, I'm glad to answer questions. I'll be re-checking all 609 domains in about thirty days to see how many have been secured, and I'd be glad to count yours.

Thank you,
Siddharth Santhosh
siddharthsann@gmail.com · 919-454-0875"
Ramseur,municipality,townoframseur.org,NO_DMARC,townoframseur.org,NO_DMARC,same,townclerk@townoframseur.org,Town Clerk,,Ramseur: your email domain can currently be spoofed (free 20-minute fix inside),"Hello,

I'm a high school senior in Cary. As an independent project, I checked the public email-security records of every NC school district and municipality, 609 in total, using standard DNS lookups. Nothing was sent to or accessed on your systems; these records are public by design.

Here is what I found for Ramseur:

townoframseur.org has no DMARC record at all.

What that means in practice: an email forged to look like it came from an @townoframseur.org address would not be rejected by the recipient's mail server. This is how business email compromise works, where a fake message from a director or manager asks a clerk to change a vendor's bank details. It is the most expensive category of cybercrime the FBI tracks, and local governments and school districts are frequent targets.

You are not alone: 68% of NC public bodies are in the same position.

The fix is free and takes about twenty minutes. The safe first step (monitoring mode) changes nothing about how your mail works today:

  Host:  _dmarc.townoframseur.org
  Type:  TXT
  Value: v=DMARC1; p=none; rua=mailto:dmarc-reports@townoframseur.org; fo=1

After a few weeks of reports, the policy can move to p=quarantine and then p=reject, which is what CISA recommends for government domains. Full step-by-step instructions: [GITHUB LINK]

If it would help, I'm glad to answer questions. I'll be re-checking all 609 domains in about thirty days to see how many have been secured, and I'd be glad to count yours.

Thank you,
Siddharth Santhosh
siddharthsann@gmail.com · 919-454-0875"
Ranlo,municipality,ranlo.org,MONITOR_ONLY,townofranlo.org,MONITOR_ONLY,both_bad,info@townofranlo.org,General contact,,Ranlo: your email domain can currently be spoofed (free 20-minute fix inside),"Hello,

I'm a high school senior in Cary. As an independent project, I checked the public email-security records of every NC school district and municipality, 609 in total, using standard DNS lookups. Nothing was sent to or accessed on your systems; these records are public by design.

Here is what I found for Ranlo:

Both of your domains are affected. ranlo.org has a DMARC record set to p=none, which reports forged mail but does not block it. And your email domain: townofranlo.org has a DMARC record set to p=none, which reports forged mail but does not block it.

What that means in practice: an email forged to look like it came from an @townofranlo.org or @ranlo.org address would not be rejected by the recipient's mail server. This is how business email compromise works, where a fake message from a director or manager asks a clerk to change a vendor's bank details. It is the most expensive category of cybercrime the FBI tracks, and local governments and school districts are frequent targets.

You are not alone: 68% of NC public bodies are in the same position.

The fix is free and takes about twenty minutes. The safe first step (monitoring mode) changes nothing about how your mail works today:

  Host:  _dmarc.townofranlo.org
  Type:  TXT
  Value: v=DMARC1; p=none; rua=mailto:dmarc-reports@townofranlo.org; fo=1

and the same record for ranlo.org:
  Host:  _dmarc.ranlo.org
  Type:  TXT
  Value: v=DMARC1; p=none; rua=mailto:dmarc-reports@ranlo.org; fo=1

After a few weeks of reports, the policy can move to p=quarantine and then p=reject, which is what CISA recommends for government domains. Full step-by-step instructions: [GITHUB LINK]

If it would help, I'm glad to answer questions. I'll be re-checking all 609 domains in about thirty days to see how many have been secured, and I'd be glad to count yours.

Thank you,
Siddharth Santhosh
siddharthsann@gmail.com · 919-454-0875"
Red Cross,municipality,townofredcross.com,NO_DMARC,townofredcross.com,NO_DMARC,same,clerk@townofredcross.com,Town Clerk,,Red Cross: your email domain can currently be spoofed (free 20-minute fix inside),"Hello,

I'm a high school senior in Cary. As an independent project, I checked the public email-security records of every NC school district and municipality, 609 in total, using standard DNS lookups. Nothing was sent to or accessed on your systems; these records are public by design.

Here is what I found for Red Cross:

townofredcross.com has no DMARC record at all.

What that means in practice: an email forged to look like it came from an @townofredcross.com address would not be rejected by the recipient's mail server. This is how business email compromise works, where a fake message from a director or manager asks a clerk to change a vendor's bank details. It is the most expensive category of cybercrime the FBI tracks, and local governments and school districts are frequent targets.

You are not alone: 68% of NC public bodies are in the same position.

The fix is free and takes about twenty minutes. The safe first step (monitoring mode) changes nothing about how your mail works today:

  Host:  _dmarc.townofredcross.com
  Type:  TXT
  Value: v=DMARC1; p=none; rua=mailto:dmarc-reports@townofredcross.com; fo=1

After a few weeks of reports, the policy can move to p=quarantine and then p=reject, which is what CISA recommends for government domains. Full step-by-step instructions: [GITHUB LINK]

If it would help, I'm glad to answer questions. I'll be re-checking all 609 domains in about thirty days to see how many have been secured, and I'd be glad to count yours.

Thank you,
Siddharth Santhosh
siddharthsann@gmail.com · 919-454-0875"
Red Oak,municipality,townofredoaknc.com,NO_DMARC,gmail.com,n/a (consumer provider),consumer,townofredoak@gmail.com,General contact,,Red Oak: your email domain can currently be spoofed (free 20-minute fix inside),"Hello,

I'm a high school senior in Cary. As an independent project, I checked the public email-security records of every NC school district and municipality, 609 in total, using standard DNS lookups. Nothing was sent to or accessed on your systems; these records are public by design.

Here is what I found for Red Oak:

townofredoaknc.com has no DMARC record at all. (Your staff mail runs on gmail.com, which is fine; this is about the town's own domain.)

What that means in practice: anyone can send an email that appears to come from an @townofredoaknc.com address, and nothing tells the recipient it's fake. Attackers use unused domains exactly this way. This is how business email compromise works, where a fake message from a director or manager asks a clerk to change a vendor's bank details. It is the most expensive category of cybercrime the FBI tracks, and local governments and school districts are frequent targets.

You are not alone: 68% of NC public bodies are in the same position.

The fix is free and takes about twenty minutes. The safe first step (monitoring mode) changes nothing about how your mail works today:

  Host:  _dmarc.townofredoaknc.com
  Type:  TXT
  Value: v=DMARC1; p=none; rua=mailto:dmarc-reports@townofredoaknc.com; fo=1

After a few weeks of reports, the policy can move to p=quarantine and then p=reject, which is what CISA recommends for government domains. Full step-by-step instructions: [GITHUB LINK]

If it would help, I'm glad to answer questions. I'll be re-checking all 609 domains in about thirty days to see how many have been secured, and I'd be glad to count yours.

Thank you,
Siddharth Santhosh
siddharthsann@gmail.com · 919-454-0875"
Red Springs,municipality,redsprings.org,NO_DMARC,redsprings.org,NO_DMARC,same,townmanager@redsprings.org,Town Manager,,Red Springs: your email domain can currently be spoofed (free 20-minute fix inside),"Hello,

I'm a high school senior in Cary. As an independent project, I checked the public email-security records of every NC school district and municipality, 609 in total, using standard DNS lookups. Nothing was sent to or accessed on your systems; these records are public by design.

Here is what I found for Red Springs:

redsprings.org has no DMARC record at all.

What that means in practice: an email forged to look like it came from an @redsprings.org address would not be rejected by the recipient's mail server. This is how business email compromise works, where a fake message from a director or manager asks a clerk to change a vendor's bank details. It is the most expensive category of cybercrime the FBI tracks, and local governments and school districts are frequent targets.

You are not alone: 68% of NC public bodies are in the same position.

The fix is free and takes about twenty minutes. The safe first step (monitoring mode) changes nothing about how your mail works today:

  Host:  _dmarc.redsprings.org
  Type:  TXT
  Value: v=DMARC1; p=none; rua=mailto:dmarc-reports@redsprings.org; fo=1

After a few weeks of reports, the policy can move to p=quarantine and then p=reject, which is what CISA recommends for government domains. Full step-by-step instructions: [GITHUB LINK]

If it would help, I'm glad to answer questions. I'll be re-checking all 609 domains in about thirty days to see how many have been secured, and I'd be glad to count yours.

Thank you,
Siddharth Santhosh
siddharthsann@gmail.com · 919-454-0875"
Rhodhiss,municipality,townofrhodhissnc.com,NO_DMARC,gmail.com,n/a (consumer provider),consumer,townofrhodhissnc@gmail.com,General contact,,Rhodhiss: your email domain can currently be spoofed (free 20-minute fix inside),"Hello,

I'm a high school senior in Cary. As an independent project, I checked the public email-security records of every NC school district and municipality, 609 in total, using standard DNS lookups. Nothing was sent to or accessed on your systems; these records are public by design.

Here is what I found for Rhodhiss:

townofrhodhissnc.com has no DMARC record at all. (Your staff mail runs on gmail.com, which is fine; this is about the town's own domain.)

What that means in practice: anyone can send an email that appears to come from an @townofrhodhissnc.com address, and nothing tells the recipient it's fake. Attackers use unused domains exactly this way. This is how business email compromise works, where a fake message from a director or manager asks a clerk to change a vendor's bank details. It is the most expensive category of cybercrime the FBI tracks, and local governments and school districts are frequent targets.

You are not alone: 68% of NC public bodies are in the same position.

The fix is free and takes about twenty minutes. The safe first step (monitoring mode) changes nothing about how your mail works today:

  Host:  _dmarc.townofrhodhissnc.com
  Type:  TXT
  Value: v=DMARC1; p=none; rua=mailto:dmarc-reports@townofrhodhissnc.com; fo=1

After a few weeks of reports, the policy can move to p=quarantine and then p=reject, which is what CISA recommends for government domains. Full step-by-step instructions: [GITHUB LINK]

If it would help, I'm glad to answer questions. I'll be re-checking all 609 domains in about thirty days to see how many have been secured, and I'd be glad to count yours.

Thank you,
Siddharth Santhosh
siddharthsann@gmail.com · 919-454-0875"
Richfield,municipality,richfieldnc.gov,MONITOR_ONLY,richfieldnc.gov,MONITOR_ONLY,same,richfieldnc@richfieldnc.gov,General contact,,Richfield: your email domain can currently be spoofed (free 20-minute fix inside),"Hello,

I'm a high school senior in Cary. As an independent project, I checked the public email-security records of every NC school district and municipality, 609 in total, using standard DNS lookups. Nothing was sent to or accessed on your systems; these records are public by design.

Here is what I found for Richfield:

richfieldnc.gov has a DMARC record set to p=none, which reports forged mail but does not block it.

What that means in practice: an email forged to look like it came from an @richfieldnc.gov address would not be rejected by the recipient's mail server. This is how business email compromise works, where a fake message from a director or manager asks a clerk to change a vendor's bank details. It is the most expensive category of cybercrime the FBI tracks, and local governments and school districts are frequent targets.

You are not alone: 68% of NC public bodies are in the same position.

The fix is free and takes about twenty minutes. The safe first step (monitoring mode) changes nothing about how your mail works today:

  Host:  _dmarc.richfieldnc.gov
  Type:  TXT
  Value: v=DMARC1; p=none; rua=mailto:dmarc-reports@richfieldnc.gov; fo=1

After a few weeks of reports, the policy can move to p=quarantine and then p=reject, which is what CISA recommends for government domains. Full step-by-step instructions: [GITHUB LINK]

If it would help, I'm glad to answer questions. I'll be re-checking all 609 domains in about thirty days to see how many have been secured, and I'd be glad to count yours.

Thank you,
Siddharth Santhosh
siddharthsann@gmail.com · 919-454-0875"
River Bend,municipality,riverbendnc.org,MONITOR_ONLY,riverbendnc.org,MONITOR_ONLY,same,townclerk@riverbendnc.org,Town Clerk,,River Bend: your email domain can currently be spoofed (free 20-minute fix inside),"Hello,

I'm a high school senior in Cary. As an independent project, I checked the public email-security records of every NC school district and municipality, 609 in total, using standard DNS lookups. Nothing was sent to or accessed on your systems; these records are public by design.

Here is what I found for River Bend:

riverbendnc.org has a DMARC record set to p=none, which reports forged mail but does not block it.

What that means in practice: an email forged to look like it came from an @riverbendnc.org address would not be rejected by the recipient's mail server. This is how business email compromise works, where a fake message from a director or manager asks a clerk to change a vendor's bank details. It is the most expensive category of cybercrime the FBI tracks, and local governments and school districts are frequent targets.

You are not alone: 68% of NC public bodies are in the same position.

The fix is free and takes about twenty minutes. The safe first step (monitoring mode) changes nothing about how your mail works today:

  Host:  _dmarc.riverbendnc.org
  Type:  TXT
  Value: v=DMARC1; p=none; rua=mailto:dmarc-reports@riverbendnc.org; fo=1

After a few weeks of reports, the policy can move to p=quarantine and then p=reject, which is what CISA recommends for government domains. Full step-by-step instructions: [GITHUB LINK]

If it would help, I'm glad to answer questions. I'll be re-checking all 609 domains in about thirty days to see how many have been secured, and I'd be glad to count yours.

Thank you,
Siddharth Santhosh
siddharthsann@gmail.com · 919-454-0875"
Robbins,municipality,townofrobbins.com,NO_DMARC,townofrobbins.com,NO_DMARC,same,manager@townofrobbins.com,Town Manager,,Robbins: your email domain can currently be spoofed (free 20-minute fix inside),"Hello,

I'm a high school senior in Cary. As an independent project, I checked the public email-security records of every NC school district and municipality, 609 in total, using standard DNS lookups. Nothing was sent to or accessed on your systems; these records are public by design.

Here is what I found for Robbins:

townofrobbins.com has no DMARC record at all.

What that means in practice: an email forged to look like it came from an @townofrobbins.com address would not be rejected by the recipient's mail server. This is how business email compromise works, where a fake message from a director or manager asks a clerk to change a vendor's bank details. It is the most expensive category of cybercrime the FBI tracks, and local governments and school districts are frequent targets.

You are not alone: 68% of NC public bodies are in the same position.

The fix is free and takes about twenty minutes. The safe first step (monitoring mode) changes nothing about how your mail works today:

  Host:  _dmarc.townofrobbins.com
  Type:  TXT
  Value: v=DMARC1; p=none; rua=mailto:dmarc-reports@townofrobbins.com; fo=1

After a few weeks of reports, the policy can move to p=quarantine and then p=reject, which is what CISA recommends for government domains. Full step-by-step instructions: [GITHUB LINK]

If it would help, I'm glad to answer questions. I'll be re-checking all 609 domains in about thirty days to see how many have been secured, and I'd be glad to count yours.

Thank you,
Siddharth Santhosh
siddharthsann@gmail.com · 919-454-0875"
Rockingham,municipality,gorockingham.com,NO_DMARC,gorockingham.com,NO_DMARC,same,sabrina@gorockingham.com,City Clerk,,Rockingham: your email domain can currently be spoofed (free 20-minute fix inside),"Hello,

I'm a high school senior in Cary. As an independent project, I checked the public email-security records of every NC school district and municipality, 609 in total, using standard DNS lookups. Nothing was sent to or accessed on your systems; these records are public by design.

Here is what I found for Rockingham:

gorockingham.com has no DMARC record at all.

What that means in practice: an email forged to look like it came from an @gorockingham.com address would not be rejected by the recipient's mail server. This is how business email compromise works, where a fake message from a director or manager asks a clerk to change a vendor's bank details. It is the most expensive category of cybercrime the FBI tracks, and local governments and school districts are frequent targets.

You are not alone: 68% of NC public bodies are in the same position.

The fix is free and takes about twenty minutes. The safe first step (monitoring mode) changes nothing about how your mail works today:

  Host:  _dmarc.gorockingham.com
  Type:  TXT
  Value: v=DMARC1; p=none; rua=mailto:dmarc-reports@gorockingham.com; fo=1

After a few weeks of reports, the policy can move to p=quarantine and then p=reject, which is what CISA recommends for government domains. Full step-by-step instructions: [GITHUB LINK]

If it would help, I'm glad to answer questions. I'll be re-checking all 609 domains in about thirty days to see how many have been secured, and I'd be glad to count yours.

Thank you,
Siddharth Santhosh
siddharthsann@gmail.com · 919-454-0875"
Rockwell,municipality,rockwellnc.gov,MONITOR_ONLY,rockwellnc.gov,MONITOR_ONLY,same,clerk@rockwellnc.gov,Town Clerk,,Rockwell: your email domain can currently be spoofed (free 20-minute fix inside),"Hello,

I'm a high school senior in Cary. As an independent project, I checked the public email-security records of every NC school district and municipality, 609 in total, using standard DNS lookups. Nothing was sent to or accessed on your systems; these records are public by design.

Here is what I found for Rockwell:

rockwellnc.gov has a DMARC record set to p=none, which reports forged mail but does not block it.

What that means in practice: an email forged to look like it came from an @rockwellnc.gov address would not be rejected by the recipient's mail server. This is how business email compromise works, where a fake message from a director or manager asks a clerk to change a vendor's bank details. It is the most expensive category of cybercrime the FBI tracks, and local governments and school districts are frequent targets.

You are not alone: 68% of NC public bodies are in the same position.

The fix is free and takes about twenty minutes. The safe first step (monitoring mode) changes nothing about how your mail works today:

  Host:  _dmarc.rockwellnc.gov
  Type:  TXT
  Value: v=DMARC1; p=none; rua=mailto:dmarc-reports@rockwellnc.gov; fo=1

After a few weeks of reports, the policy can move to p=quarantine and then p=reject, which is what CISA recommends for government domains. Full step-by-step instructions: [GITHUB LINK]

If it would help, I'm glad to answer questions. I'll be re-checking all 609 domains in about thirty days to see how many have been secured, and I'd be glad to count yours.

Thank you,
Siddharth Santhosh
siddharthsann@gmail.com · 919-454-0875"
Rocky Mount,municipality,rockymountnc.gov,MONITOR_ONLY,rockymountnc.gov,MONITOR_ONLY,same,customerservice@rockymountnc.gov,General contact (Customer Service),,Rocky Mount: your email domain can currently be spoofed (free 20-minute fix inside),"Hello,

I'm a high school senior in Cary. As an independent project, I checked the public email-security records of every NC school district and municipality, 609 in total, using standard DNS lookups. Nothing was sent to or accessed on your systems; these records are public by design.

Here is what I found for Rocky Mount:

rockymountnc.gov has a DMARC record set to p=none, which reports forged mail but does not block it.

What that means in practice: an email forged to look like it came from an @rockymountnc.gov address would not be rejected by the recipient's mail server. This is how business email compromise works, where a fake message from a director or manager asks a clerk to change a vendor's bank details. It is the most expensive category of cybercrime the FBI tracks, and local governments and school districts are frequent targets.

You are not alone: 68% of NC public bodies are in the same position.

The fix is free and takes about twenty minutes. The safe first step (monitoring mode) changes nothing about how your mail works today:

  Host:  _dmarc.rockymountnc.gov
  Type:  TXT
  Value: v=DMARC1; p=none; rua=mailto:dmarc-reports@rockymountnc.gov; fo=1

After a few weeks of reports, the policy can move to p=quarantine and then p=reject, which is what CISA recommends for government domains. Full step-by-step instructions: [GITHUB LINK]

If it would help, I'm glad to answer questions. I'll be re-checking all 609 domains in about thirty days to see how many have been secured, and I'd be glad to count yours.

Thank you,
Siddharth Santhosh
siddharthsann@gmail.com · 919-454-0875"
Ronda,municipality,townofronda.org,NO_DMARC,townofronda.org,NO_DMARC,same,administration@townofronda.org,General contact (Administration),,Ronda: your email domain can currently be spoofed (free 20-minute fix inside),"Hello,

I'm a high school senior in Cary. As an independent project, I checked the public email-security records of every NC school district and municipality, 609 in total, using standard DNS lookups. Nothing was sent to or accessed on your systems; these records are public by design.

Here is what I found for Ronda:

townofronda.org has no DMARC record at all.

What that means in practice: an email forged to look like it came from an @townofronda.org address would not be rejected by the recipient's mail server. This is how business email compromise works, where a fake message from a director or manager asks a clerk to change a vendor's bank details. It is the most expensive category of cybercrime the FBI tracks, and local governments and school districts are frequent targets.

You are not alone: 68% of NC public bodies are in the same position.

The fix is free and takes about twenty minutes. The safe first step (monitoring mode) changes nothing about how your mail works today:

  Host:  _dmarc.townofronda.org
  Type:  TXT
  Value: v=DMARC1; p=none; rua=mailto:dmarc-reports@townofronda.org; fo=1

After a few weeks of reports, the policy can move to p=quarantine and then p=reject, which is what CISA recommends for government domains. Full step-by-step instructions: [GITHUB LINK]

If it would help, I'm glad to answer questions. I'll be re-checking all 609 domains in about thirty days to see how many have been secured, and I'd be glad to count yours.

Thank you,
Siddharth Santhosh
siddharthsann@gmail.com · 919-454-0875"
Rose Hill,municipality,townofrosehillnc.com,NO_DMARC,townofrosehillnc.com,NO_DMARC,same,kvelazquez@townofrosehillnc.com,General contact,,Rose Hill: your email domain can currently be spoofed (free 20-minute fix inside),"Hello,

I'm a high school senior in Cary. As an independent project, I checked the public email-security records of every NC school district and municipality, 609 in total, using standard DNS lookups. Nothing was sent to or accessed on your systems; these records are public by design.

Here is what I found for Rose Hill:

townofrosehillnc.com has no DMARC record at all.

What that means in practice: an email forged to look like it came from an @townofrosehillnc.com address would not be rejected by the recipient's mail server. This is how business email compromise works, where a fake message from a director or manager asks a clerk to change a vendor's bank details. It is the most expensive category of cybercrime the FBI tracks, and local governments and school districts are frequent targets.

You are not alone: 68% of NC public bodies are in the same position.

The fix is free and takes about twenty minutes. The safe first step (monitoring mode) changes nothing about how your mail works today:

  Host:  _dmarc.townofrosehillnc.com
  Type:  TXT
  Value: v=DMARC1; p=none; rua=mailto:dmarc-reports@townofrosehillnc.com; fo=1

After a few weeks of reports, the policy can move to p=quarantine and then p=reject, which is what CISA recommends for government domains. Full step-by-step instructions: [GITHUB LINK]

If it would help, I'm glad to answer questions. I'll be re-checking all 609 domains in about thirty days to see how many have been secured, and I'd be glad to count yours.

Thank you,
Siddharth Santhosh
siddharthsann@gmail.com · 919-454-0875"
Rosman,municipality,townofrosman.com,NO_DMARC,comporium.net,ENFORCED_QUARANTINE,mail_ok,rosmantown@comporium.net,General contact,,Rosman: your email domain can currently be spoofed (free 20-minute fix inside),"Hello,

I'm a high school senior in Cary. As an independent project, I checked the public email-security records of every NC school district and municipality, 609 in total, using standard DNS lookups. Nothing was sent to or accessed on your systems; these records are public by design.

Here is what I found for Rosman:

Good news first: your email domain comporium.net is properly protected (DMARC quarantine). But townofrosman.com has no DMARC record at all.

What that means in practice: someone can still send mail that appears to come from an @townofrosman.com address, which most recipients won't distinguish from your real one. This is how business email compromise works, where a fake message from a director or manager asks a clerk to change a vendor's bank details. It is the most expensive category of cybercrime the FBI tracks, and local governments and school districts are frequent targets.

You are not alone: 68% of NC public bodies are in the same position.

The fix is free and takes about twenty minutes. The safe first step (monitoring mode) changes nothing about how your mail works today:

  Host:  _dmarc.townofrosman.com
  Type:  TXT
  Value: v=DMARC1; p=none; rua=mailto:dmarc-reports@townofrosman.com; fo=1

After a few weeks of reports, the policy can move to p=quarantine and then p=reject, which is what CISA recommends for government domains. Full step-by-step instructions: [GITHUB LINK]

If it would help, I'm glad to answer questions. I'll be re-checking all 609 domains in about thirty days to see how many have been secured, and I'd be glad to count yours.

Thank you,
Siddharth Santhosh
siddharthsann@gmail.com · 919-454-0875"
Rowland,municipality,townofrowlandnc.com,NO_DMARC,townofrowland.com,NO_DMARC,both_bad,jlewis@townofrowland.com,Town Clerk,,Rowland: your email domain can currently be spoofed (free 20-minute fix inside),"Hello,

I'm a high school senior in Cary. As an independent project, I checked the public email-security records of every NC school district and municipality, 609 in total, using standard DNS lookups. Nothing was sent to or accessed on your systems; these records are public by design.

Here is what I found for Rowland:

Both of your domains are affected. townofrowlandnc.com has no DMARC record at all. And your email domain: townofrowland.com has no DMARC record at all.

What that means in practice: an email forged to look like it came from an @townofrowland.com or @townofrowlandnc.com address would not be rejected by the recipient's mail server. This is how business email compromise works, where a fake message from a director or manager asks a clerk to change a vendor's bank details. It is the most expensive category of cybercrime the FBI tracks, and local governments and school districts are frequent targets.

You are not alone: 68% of NC public bodies are in the same position.

The fix is free and takes about twenty minutes. The safe first step (monitoring mode) changes nothing about how your mail works today:

  Host:  _dmarc.townofrowland.com
  Type:  TXT
  Value: v=DMARC1; p=none; rua=mailto:dmarc-reports@townofrowland.com; fo=1

and the same record for townofrowlandnc.com:
  Host:  _dmarc.townofrowlandnc.com
  Type:  TXT
  Value: v=DMARC1; p=none; rua=mailto:dmarc-reports@townofrowlandnc.com; fo=1

After a few weeks of reports, the policy can move to p=quarantine and then p=reject, which is what CISA recommends for government domains. Full step-by-step instructions: [GITHUB LINK]

If it would help, I'm glad to answer questions. I'll be re-checking all 609 domains in about thirty days to see how many have been secured, and I'd be glad to count yours.

Thank you,
Siddharth Santhosh
siddharthsann@gmail.com · 919-454-0875"
Roxboro,municipality,cityofroxboro.com,NO_DMARC,cityofroxboro.com,NO_DMARC,same,info@cityofroxboro.com,General contact,,Roxboro: your email domain can currently be spoofed (free 20-minute fix inside),"Hello,

I'm a high school senior in Cary. As an independent project, I checked the public email-security records of every NC school district and municipality, 609 in total, using standard DNS lookups. Nothing was sent to or accessed on your systems; these records are public by design.

Here is what I found for Roxboro:

cityofroxboro.com has no DMARC record at all.

What that means in practice: an email forged to look like it came from an @cityofroxboro.com address would not be rejected by the recipient's mail server. This is how business email compromise works, where a fake message from a director or manager asks a clerk to change a vendor's bank details. It is the most expensive category of cybercrime the FBI tracks, and local governments and school districts are frequent targets.

You are not alone: 68% of NC public bodies are in the same position.

The fix is free and takes about twenty minutes. The safe first step (monitoring mode) changes nothing about how your mail works today:

  Host:  _dmarc.cityofroxboro.com
  Type:  TXT
  Value: v=DMARC1; p=none; rua=mailto:dmarc-reports@cityofroxboro.com; fo=1

After a few weeks of reports, the policy can move to p=quarantine and then p=reject, which is what CISA recommends for government domains. Full step-by-step instructions: [GITHUB LINK]

If it would help, I'm glad to answer questions. I'll be re-checking all 609 domains in about thirty days to see how many have been secured, and I'd be glad to count yours.

Thank you,
Siddharth Santhosh
siddharthsann@gmail.com · 919-454-0875"
Rural Hall,municipality,ruralhall.com,NO_DMARC,ruralhall.com,NO_DMARC,same,wcombs@ruralhall.com,Administration,,Rural Hall: your email domain can currently be spoofed (free 20-minute fix inside),"Hello,

I'm a high school senior in Cary. As an independent project, I checked the public email-security records of every NC school district and municipality, 609 in total, using standard DNS lookups. Nothing was sent to or accessed on your systems; these records are public by design.

Here is what I found for Rural Hall:

ruralhall.com has no DMARC record at all.

What that means in practice: an email forged to look like it came from an @ruralhall.com address would not be rejected by the recipient's mail server. This is how business email compromise works, where a fake message from a director or manager asks a clerk to change a vendor's bank details. It is the most expensive category of cybercrime the FBI tracks, and local governments and school districts are frequent targets.

You are not alone: 68% of NC public bodies are in the same position.

The fix is free and takes about twenty minutes. The safe first step (monitoring mode) changes nothing about how your mail works today:

  Host:  _dmarc.ruralhall.com
  Type:  TXT
  Value: v=DMARC1; p=none; rua=mailto:dmarc-reports@ruralhall.com; fo=1

After a few weeks of reports, the policy can move to p=quarantine and then p=reject, which is what CISA recommends for government domains. Full step-by-step instructions: [GITHUB LINK]

If it would help, I'm glad to answer questions. I'll be re-checking all 609 domains in about thirty days to see how many have been secured, and I'd be glad to count yours.

Thank you,
Siddharth Santhosh
siddharthsann@gmail.com · 919-454-0875"
Ruth,municipality,townofruthnc.gov,NO_DMARC,townofruthnc.gov,NO_DMARC,same,ahanaway@townofruthnc.gov,Town Manager / Clerk,,Ruth: your email domain can currently be spoofed (free 20-minute fix inside),"Hello,

I'm a high school senior in Cary. As an independent project, I checked the public email-security records of every NC school district and municipality, 609 in total, using standard DNS lookups. Nothing was sent to or accessed on your systems; these records are public by design.

Here is what I found for Ruth:

townofruthnc.gov has no DMARC record at all.

What that means in practice: an email forged to look like it came from an @townofruthnc.gov address would not be rejected by the recipient's mail server. This is how business email compromise works, where a fake message from a director or manager asks a clerk to change a vendor's bank details. It is the most expensive category of cybercrime the FBI tracks, and local governments and school districts are frequent targets.

You are not alone: 68% of NC public bodies are in the same position.

The fix is free and takes about twenty minutes. The safe first step (monitoring mode) changes nothing about how your mail works today:

  Host:  _dmarc.townofruthnc.gov
  Type:  TXT
  Value: v=DMARC1; p=none; rua=mailto:dmarc-reports@townofruthnc.gov; fo=1

After a few weeks of reports, the policy can move to p=quarantine and then p=reject, which is what CISA recommends for government domains. Full step-by-step instructions: [GITHUB LINK]

If it would help, I'm glad to answer questions. I'll be re-checking all 609 domains in about thirty days to see how many have been secured, and I'd be glad to count yours.

Thank you,
Siddharth Santhosh
siddharthsann@gmail.com · 919-454-0875"
Rutherfordton,municipality,rutherfordton.net,MONITOR_ONLY,rutherfordton.net,MONITOR_ONLY,same,dbarrick@rutherfordton.net,Town Manager,,Rutherfordton: your email domain can currently be spoofed (free 20-minute fix inside),"Hello,

I'm a high school senior in Cary. As an independent project, I checked the public email-security records of every NC school district and municipality, 609 in total, using standard DNS lookups. Nothing was sent to or accessed on your systems; these records are public by design.

Here is what I found for Rutherfordton:

rutherfordton.net has a DMARC record set to p=none, which reports forged mail but does not block it.

What that means in practice: an email forged to look like it came from an @rutherfordton.net address would not be rejected by the recipient's mail server. This is how business email compromise works, where a fake message from a director or manager asks a clerk to change a vendor's bank details. It is the most expensive category of cybercrime the FBI tracks, and local governments and school districts are frequent targets.

You are not alone: 68% of NC public bodies are in the same position.

The fix is free and takes about twenty minutes. The safe first step (monitoring mode) changes nothing about how your mail works today:

  Host:  _dmarc.rutherfordton.net
  Type:  TXT
  Value: v=DMARC1; p=none; rua=mailto:dmarc-reports@rutherfordton.net; fo=1

After a few weeks of reports, the policy can move to p=quarantine and then p=reject, which is what CISA recommends for government domains. Full step-by-step instructions: [GITHUB LINK]

If it would help, I'm glad to answer questions. I'll be re-checking all 609 domains in about thirty days to see how many have been secured, and I'd be glad to count yours.

Thank you,
Siddharth Santhosh
siddharthsann@gmail.com · 919-454-0875"
Salemburg,municipality,salemburg-nc.com,NO_DMARC,salemburg-nc.com,NO_DMARC,same,tsmith@salemburg-nc.com,Town Clerk,,Salemburg: your email domain can currently be spoofed (free 20-minute fix inside),"Hello,

I'm a high school senior in Cary. As an independent project, I checked the public email-security records of every NC school district and municipality, 609 in total, using standard DNS lookups. Nothing was sent to or accessed on your systems; these records are public by design.

Here is what I found for Salemburg:

salemburg-nc.com has no DMARC record at all.

What that means in practice: an email forged to look like it came from an @salemburg-nc.com address would not be rejected by the recipient's mail server. This is how business email compromise works, where a fake message from a director or manager asks a clerk to change a vendor's bank details. It is the most expensive category of cybercrime the FBI tracks, and local governments and school districts are frequent targets.

You are not alone: 68% of NC public bodies are in the same position.

The fix is free and takes about twenty minutes. The safe first step (monitoring mode) changes nothing about how your mail works today:

  Host:  _dmarc.salemburg-nc.com
  Type:  TXT
  Value: v=DMARC1; p=none; rua=mailto:dmarc-reports@salemburg-nc.com; fo=1

After a few weeks of reports, the policy can move to p=quarantine and then p=reject, which is what CISA recommends for government domains. Full step-by-step instructions: [GITHUB LINK]

If it would help, I'm glad to answer questions. I'll be re-checking all 609 domains in about thirty days to see how many have been secured, and I'd be glad to count yours.

Thank you,
Siddharth Santhosh
siddharthsann@gmail.com · 919-454-0875"
Salisbury,municipality,salisburync.gov,MONITOR_ONLY,salisburync.gov,MONITOR_ONLY,same,csnyd@salisburync.gov,City Clerk,,Salisbury: your email domain can currently be spoofed (free 20-minute fix inside),"Hello,

I'm a high school senior in Cary. As an independent project, I checked the public email-security records of every NC school district and municipality, 609 in total, using standard DNS lookups. Nothing was sent to or accessed on your systems; these records are public by design.

Here is what I found for Salisbury:

salisburync.gov has a DMARC record set to p=none, which reports forged mail but does not block it.

What that means in practice: an email forged to look like it came from an @salisburync.gov address would not be rejected by the recipient's mail server. This is how business email compromise works, where a fake message from a director or manager asks a clerk to change a vendor's bank details. It is the most expensive category of cybercrime the FBI tracks, and local governments and school districts are frequent targets.

You are not alone: 68% of NC public bodies are in the same position.

The fix is free and takes about twenty minutes. The safe first step (monitoring mode) changes nothing about how your mail works today:

  Host:  _dmarc.salisburync.gov
  Type:  TXT
  Value: v=DMARC1; p=none; rua=mailto:dmarc-reports@salisburync.gov; fo=1

After a few weeks of reports, the policy can move to p=quarantine and then p=reject, which is what CISA recommends for government domains. Full step-by-step instructions: [GITHUB LINK]

If it would help, I'm glad to answer questions. I'll be re-checking all 609 domains in about thirty days to see how many have been secured, and I'd be glad to count yours.

Thank you,
Siddharth Santhosh
siddharthsann@gmail.com · 919-454-0875"
Saluda,municipality,cityofsaludanc.com,NO_DMARC,cityofsaludanc.com,NO_DMARC,same,cityclerk@cityofsaludanc.com,City Clerk,,Saluda: your email domain can currently be spoofed (free 20-minute fix inside),"Hello,

I'm a high school senior in Cary. As an independent project, I checked the public email-security records of every NC school district and municipality, 609 in total, using standard DNS lookups. Nothing was sent to or accessed on your systems; these records are public by design.

Here is what I found for Saluda:

cityofsaludanc.com has no DMARC record at all.

What that means in practice: an email forged to look like it came from an @cityofsaludanc.com address would not be rejected by the recipient's mail server. This is how business email compromise works, where a fake message from a director or manager asks a clerk to change a vendor's bank details. It is the most expensive category of cybercrime the FBI tracks, and local governments and school districts are frequent targets.

You are not alone: 68% of NC public bodies are in the same position.

The fix is free and takes about twenty minutes. The safe first step (monitoring mode) changes nothing about how your mail works today:

  Host:  _dmarc.cityofsaludanc.com
  Type:  TXT
  Value: v=DMARC1; p=none; rua=mailto:dmarc-reports@cityofsaludanc.com; fo=1

After a few weeks of reports, the policy can move to p=quarantine and then p=reject, which is what CISA recommends for government domains. Full step-by-step instructions: [GITHUB LINK]

If it would help, I'm glad to answer questions. I'll be re-checking all 609 domains in about thirty days to see how many have been secured, and I'd be glad to count yours.

Thank you,
Siddharth Santhosh
siddharthsann@gmail.com · 919-454-0875"
Sandyfield,municipality,townofsandyfield.org,NO_DMARC,townofsandyfield.org,NO_DMARC,same,clerk@townofsandyfield.org,Town Clerk,,Sandyfield: your email domain can currently be spoofed (free 20-minute fix inside),"Hello,

I'm a high school senior in Cary. As an independent project, I checked the public email-security records of every NC school district and municipality, 609 in total, using standard DNS lookups. Nothing was sent to or accessed on your systems; these records are public by design.

Here is what I found for Sandyfield:

townofsandyfield.org has no DMARC record at all.

What that means in practice: an email forged to look like it came from an @townofsandyfield.org address would not be rejected by the recipient's mail server. This is how business email compromise works, where a fake message from a director or manager asks a clerk to change a vendor's bank details. It is the most expensive category of cybercrime the FBI tracks, and local governments and school districts are frequent targets.

You are not alone: 68% of NC public bodies are in the same position.

The fix is free and takes about twenty minutes. The safe first step (monitoring mode) changes nothing about how your mail works today:

  Host:  _dmarc.townofsandyfield.org
  Type:  TXT
  Value: v=DMARC1; p=none; rua=mailto:dmarc-reports@townofsandyfield.org; fo=1

After a few weeks of reports, the policy can move to p=quarantine and then p=reject, which is what CISA recommends for government domains. Full step-by-step instructions: [GITHUB LINK]

If it would help, I'm glad to answer questions. I'll be re-checking all 609 domains in about thirty days to see how many have been secured, and I'd be glad to count yours.

Thank you,
Siddharth Santhosh
siddharthsann@gmail.com · 919-454-0875"
Sanford,municipality,sanfordnc.net,NO_DMARC,sanfordnc.net,NO_DMARC,same,john.clayton@sanfordnc.net,IT Department (Director),,Sanford: your email domain can currently be spoofed (free 20-minute fix inside),"Hello,

I'm a high school senior in Cary. As an independent project, I checked the public email-security records of every NC school district and municipality, 609 in total, using standard DNS lookups. Nothing was sent to or accessed on your systems; these records are public by design.

Here is what I found for Sanford:

sanfordnc.net has no DMARC record at all.

What that means in practice: an email forged to look like it came from an @sanfordnc.net address would not be rejected by the recipient's mail server. This is how business email compromise works, where a fake message from a director or manager asks a clerk to change a vendor's bank details. It is the most expensive category of cybercrime the FBI tracks, and local governments and school districts are frequent targets.

You are not alone: 68% of NC public bodies are in the same position.

The fix is free and takes about twenty minutes. The safe first step (monitoring mode) changes nothing about how your mail works today:

  Host:  _dmarc.sanfordnc.net
  Type:  TXT
  Value: v=DMARC1; p=none; rua=mailto:dmarc-reports@sanfordnc.net; fo=1

After a few weeks of reports, the policy can move to p=quarantine and then p=reject, which is what CISA recommends for government domains. Full step-by-step instructions: [GITHUB LINK]

If it would help, I'm glad to answer questions. I'll be re-checking all 609 domains in about thirty days to see how many have been secured, and I'd be glad to count yours.

Thank you,
Siddharth Santhosh
siddharthsann@gmail.com · 919-454-0875"
Sawmills,municipality,townofsawmills.com,NO_DMARC,townofsawmillsnc.com,NO_DMARC,both_bad,clerk@townofsawmillsnc.com,Town Clerk,,Sawmills: your email domain can currently be spoofed (free 20-minute fix inside),"Hello,

I'm a high school senior in Cary. As an independent project, I checked the public email-security records of every NC school district and municipality, 609 in total, using standard DNS lookups. Nothing was sent to or accessed on your systems; these records are public by design.

Here is what I found for Sawmills:

Both of your domains are affected. townofsawmills.com has no DMARC record at all. And your email domain: townofsawmillsnc.com has no DMARC record at all.

What that means in practice: an email forged to look like it came from an @townofsawmillsnc.com or @townofsawmills.com address would not be rejected by the recipient's mail server. This is how business email compromise works, where a fake message from a director or manager asks a clerk to change a vendor's bank details. It is the most expensive category of cybercrime the FBI tracks, and local governments and school districts are frequent targets.

You are not alone: 68% of NC public bodies are in the same position.

The fix is free and takes about twenty minutes. The safe first step (monitoring mode) changes nothing about how your mail works today:

  Host:  _dmarc.townofsawmillsnc.com
  Type:  TXT
  Value: v=DMARC1; p=none; rua=mailto:dmarc-reports@townofsawmillsnc.com; fo=1

and the same record for townofsawmills.com:
  Host:  _dmarc.townofsawmills.com
  Type:  TXT
  Value: v=DMARC1; p=none; rua=mailto:dmarc-reports@townofsawmills.com; fo=1

After a few weeks of reports, the policy can move to p=quarantine and then p=reject, which is what CISA recommends for government domains. Full step-by-step instructions: [GITHUB LINK]

If it would help, I'm glad to answer questions. I'll be re-checking all 609 domains in about thirty days to see how many have been secured, and I'd be glad to count yours.

Thank you,
Siddharth Santhosh
siddharthsann@gmail.com · 919-454-0875"
Scotland Neck,municipality,townofscotlandneck.com,MONITOR_ONLY,townofscotlandneck.com,MONITOR_ONLY,same,setheridge@townofscotlandneck.com,General contact,,Scotland Neck: your email domain can currently be spoofed (free 20-minute fix inside),"Hello,

I'm a high school senior in Cary. As an independent project, I checked the public email-security records of every NC school district and municipality, 609 in total, using standard DNS lookups. Nothing was sent to or accessed on your systems; these records are public by design.

Here is what I found for Scotland Neck:

townofscotlandneck.com has a DMARC record set to p=none, which reports forged mail but does not block it.

What that means in practice: an email forged to look like it came from an @townofscotlandneck.com address would not be rejected by the recipient's mail server. This is how business email compromise works, where a fake message from a director or manager asks a clerk to change a vendor's bank details. It is the most expensive category of cybercrime the FBI tracks, and local governments and school districts are frequent targets.

You are not alone: 68% of NC public bodies are in the same position.

The fix is free and takes about twenty minutes. The safe first step (monitoring mode) changes nothing about how your mail works today:

  Host:  _dmarc.townofscotlandneck.com
  Type:  TXT
  Value: v=DMARC1; p=none; rua=mailto:dmarc-reports@townofscotlandneck.com; fo=1

After a few weeks of reports, the policy can move to p=quarantine and then p=reject, which is what CISA recommends for government domains. Full step-by-step instructions: [GITHUB LINK]

If it would help, I'm glad to answer questions. I'll be re-checking all 609 domains in about thirty days to see how many have been secured, and I'd be glad to count yours.

Thank you,
Siddharth Santhosh
siddharthsann@gmail.com · 919-454-0875"
Seaboard,municipality,townofseaboardnc.org,NO_DMARC,townofseaboardnc.org,NO_DMARC,same,stownhall@townofseaboardnc.org,Town Clerk,,Seaboard: your email domain can currently be spoofed (free 20-minute fix inside),"Hello,

I'm a high school senior in Cary. As an independent project, I checked the public email-security records of every NC school district and municipality, 609 in total, using standard DNS lookups. Nothing was sent to or accessed on your systems; these records are public by design.

Here is what I found for Seaboard:

townofseaboardnc.org has no DMARC record at all.

What that means in practice: an email forged to look like it came from an @townofseaboardnc.org address would not be rejected by the recipient's mail server. This is how business email compromise works, where a fake message from a director or manager asks a clerk to change a vendor's bank details. It is the most expensive category of cybercrime the FBI tracks, and local governments and school districts are frequent targets.

You are not alone: 68% of NC public bodies are in the same position.

The fix is free and takes about twenty minutes. The safe first step (monitoring mode) changes nothing about how your mail works today:

  Host:  _dmarc.townofseaboardnc.org
  Type:  TXT
  Value: v=DMARC1; p=none; rua=mailto:dmarc-reports@townofseaboardnc.org; fo=1

After a few weeks of reports, the policy can move to p=quarantine and then p=reject, which is what CISA recommends for government domains. Full step-by-step instructions: [GITHUB LINK]

If it would help, I'm glad to answer questions. I'll be re-checking all 609 domains in about thirty days to see how many have been secured, and I'd be glad to count yours.

Thank you,
Siddharth Santhosh
siddharthsann@gmail.com · 919-454-0875"
Seagrove,municipality,townofseagrove.org,NO_DMARC,townofseagrove.org,NO_DMARC,same,townclerk@townofseagrove.org,Town Clerk,,Seagrove: your email domain can currently be spoofed (free 20-minute fix inside),"Hello,

I'm a high school senior in Cary. As an independent project, I checked the public email-security records of every NC school district and municipality, 609 in total, using standard DNS lookups. Nothing was sent to or accessed on your systems; these records are public by design.

Here is what I found for Seagrove:

townofseagrove.org has no DMARC record at all.

What that means in practice: an email forged to look like it came from an @townofseagrove.org address would not be rejected by the recipient's mail server. This is how business email compromise works, where a fake message from a director or manager asks a clerk to change a vendor's bank details. It is the most expensive category of cybercrime the FBI tracks, and local governments and school districts are frequent targets.

You are not alone: 68% of NC public bodies are in the same position.

The fix is free and takes about twenty minutes. The safe first step (monitoring mode) changes nothing about how your mail works today:

  Host:  _dmarc.townofseagrove.org
  Type:  TXT
  Value: v=DMARC1; p=none; rua=mailto:dmarc-reports@townofseagrove.org; fo=1

After a few weeks of reports, the policy can move to p=quarantine and then p=reject, which is what CISA recommends for government domains. Full step-by-step instructions: [GITHUB LINK]

If it would help, I'm glad to answer questions. I'll be re-checking all 609 domains in about thirty days to see how many have been secured, and I'd be glad to count yours.

Thank you,
Siddharth Santhosh
siddharthsann@gmail.com · 919-454-0875"
Sedalia,municipality,sedalianc.org,NO_DMARC,sedalianc.org,NO_DMARC,same,townclerk@sedalianc.org,Town Clerk,,Sedalia: your email domain can currently be spoofed (free 20-minute fix inside),"Hello,

I'm a high school senior in Cary. As an independent project, I checked the public email-security records of every NC school district and municipality, 609 in total, using standard DNS lookups. Nothing was sent to or accessed on your systems; these records are public by design.

Here is what I found for Sedalia:

sedalianc.org has no DMARC record at all.

What that means in practice: an email forged to look like it came from an @sedalianc.org address would not be rejected by the recipient's mail server. This is how business email compromise works, where a fake message from a director or manager asks a clerk to change a vendor's bank details. It is the most expensive category of cybercrime the FBI tracks, and local governments and school districts are frequent targets.

You are not alone: 68% of NC public bodies are in the same position.

The fix is free and takes about twenty minutes. The safe first step (monitoring mode) changes nothing about how your mail works today:

  Host:  _dmarc.sedalianc.org
  Type:  TXT
  Value: v=DMARC1; p=none; rua=mailto:dmarc-reports@sedalianc.org; fo=1

After a few weeks of reports, the policy can move to p=quarantine and then p=reject, which is what CISA recommends for government domains. Full step-by-step instructions: [GITHUB LINK]

If it would help, I'm glad to answer questions. I'll be re-checking all 609 domains in about thirty days to see how many have been secured, and I'd be glad to count yours.

Thank you,
Siddharth Santhosh
siddharthsann@gmail.com · 919-454-0875"
Selma,municipality,selma-nc.com,MONITOR_ONLY,selma-nc.com,MONITOR_ONLY,same,Town-Clerk@selma-nc.com,Town Clerk,,Selma: your email domain can currently be spoofed (free 20-minute fix inside),"Hello,

I'm a high school senior in Cary. As an independent project, I checked the public email-security records of every NC school district and municipality, 609 in total, using standard DNS lookups. Nothing was sent to or accessed on your systems; these records are public by design.

Here is what I found for Selma:

selma-nc.com has a DMARC record set to p=none, which reports forged mail but does not block it.

What that means in practice: an email forged to look like it came from an @selma-nc.com address would not be rejected by the recipient's mail server. This is how business email compromise works, where a fake message from a director or manager asks a clerk to change a vendor's bank details. It is the most expensive category of cybercrime the FBI tracks, and local governments and school districts are frequent targets.

You are not alone: 68% of NC public bodies are in the same position.

The fix is free and takes about twenty minutes. The safe first step (monitoring mode) changes nothing about how your mail works today:

  Host:  _dmarc.selma-nc.com
  Type:  TXT
  Value: v=DMARC1; p=none; rua=mailto:dmarc-reports@selma-nc.com; fo=1

After a few weeks of reports, the policy can move to p=quarantine and then p=reject, which is what CISA recommends for government domains. Full step-by-step instructions: [GITHUB LINK]

If it would help, I'm glad to answer questions. I'll be re-checking all 609 domains in about thirty days to see how many have been secured, and I'd be glad to count yours.

Thank you,
Siddharth Santhosh
siddharthsann@gmail.com · 919-454-0875"
Seven Springs,municipality,townofsevensprings.com,NO_DMARC,gmail.com,n/a (consumer provider),consumer,townof7springs@gmail.com,General contact,,Seven Springs: your email domain can currently be spoofed (free 20-minute fix inside),"Hello,

I'm a high school senior in Cary. As an independent project, I checked the public email-security records of every NC school district and municipality, 609 in total, using standard DNS lookups. Nothing was sent to or accessed on your systems; these records are public by design.

Here is what I found for Seven Springs:

townofsevensprings.com has no DMARC record at all. (Your staff mail runs on gmail.com, which is fine; this is about the town's own domain.)

What that means in practice: anyone can send an email that appears to come from an @townofsevensprings.com address, and nothing tells the recipient it's fake. Attackers use unused domains exactly this way. This is how business email compromise works, where a fake message from a director or manager asks a clerk to change a vendor's bank details. It is the most expensive category of cybercrime the FBI tracks, and local governments and school districts are frequent targets.

You are not alone: 68% of NC public bodies are in the same position.

The fix is free and takes about twenty minutes. The safe first step (monitoring mode) changes nothing about how your mail works today:

  Host:  _dmarc.townofsevensprings.com
  Type:  TXT
  Value: v=DMARC1; p=none; rua=mailto:dmarc-reports@townofsevensprings.com; fo=1

After a few weeks of reports, the policy can move to p=quarantine and then p=reject, which is what CISA recommends for government domains. Full step-by-step instructions: [GITHUB LINK]

If it would help, I'm glad to answer questions. I'll be re-checking all 609 domains in about thirty days to see how many have been secured, and I'd be glad to count yours.

Thank you,
Siddharth Santhosh
siddharthsann@gmail.com · 919-454-0875"
Shallotte,municipality,townofshallotte.org,NO_DMARC,tosgov.org,ENFORCED_QUARANTINE,mail_ok,Mbellamy@tosgov.org,General contact,,Shallotte: your email domain can currently be spoofed (free 20-minute fix inside),"Hello,

I'm a high school senior in Cary. As an independent project, I checked the public email-security records of every NC school district and municipality, 609 in total, using standard DNS lookups. Nothing was sent to or accessed on your systems; these records are public by design.

Here is what I found for Shallotte:

Good news first: your email domain tosgov.org is properly protected (DMARC quarantine). But townofshallotte.org has no DMARC record at all.

What that means in practice: someone can still send mail that appears to come from an @townofshallotte.org address, which most recipients won't distinguish from your real one. This is how business email compromise works, where a fake message from a director or manager asks a clerk to change a vendor's bank details. It is the most expensive category of cybercrime the FBI tracks, and local governments and school districts are frequent targets.

You are not alone: 68% of NC public bodies are in the same position.

The fix is free and takes about twenty minutes. The safe first step (monitoring mode) changes nothing about how your mail works today:

  Host:  _dmarc.townofshallotte.org
  Type:  TXT
  Value: v=DMARC1; p=none; rua=mailto:dmarc-reports@townofshallotte.org; fo=1

After a few weeks of reports, the policy can move to p=quarantine and then p=reject, which is what CISA recommends for government domains. Full step-by-step instructions: [GITHUB LINK]

If it would help, I'm glad to answer questions. I'll be re-checking all 609 domains in about thirty days to see how many have been secured, and I'd be glad to count yours.

Thank you,
Siddharth Santhosh
siddharthsann@gmail.com · 919-454-0875"
Sharpsburg,municipality,sharpsburgnc.com,MONITOR_ONLY,sharpsburgnc.com,MONITOR_ONLY,same,tracy.clerk@sharpsburgnc.com,Town Clerk,,Sharpsburg: your email domain can currently be spoofed (free 20-minute fix inside),"Hello,

I'm a high school senior in Cary. As an independent project, I checked the public email-security records of every NC school district and municipality, 609 in total, using standard DNS lookups. Nothing was sent to or accessed on your systems; these records are public by design.

Here is what I found for Sharpsburg:

sharpsburgnc.com has a DMARC record set to p=none, which reports forged mail but does not block it.

What that means in practice: an email forged to look like it came from an @sharpsburgnc.com address would not be rejected by the recipient's mail server. This is how business email compromise works, where a fake message from a director or manager asks a clerk to change a vendor's bank details. It is the most expensive category of cybercrime the FBI tracks, and local governments and school districts are frequent targets.

You are not alone: 68% of NC public bodies are in the same position.

The fix is free and takes about twenty minutes. The safe first step (monitoring mode) changes nothing about how your mail works today:

  Host:  _dmarc.sharpsburgnc.com
  Type:  TXT
  Value: v=DMARC1; p=none; rua=mailto:dmarc-reports@sharpsburgnc.com; fo=1

After a few weeks of reports, the policy can move to p=quarantine and then p=reject, which is what CISA recommends for government domains. Full step-by-step instructions: [GITHUB LINK]

If it would help, I'm glad to answer questions. I'll be re-checking all 609 domains in about thirty days to see how many have been secured, and I'd be glad to count yours.

Thank you,
Siddharth Santhosh
siddharthsann@gmail.com · 919-454-0875"
Shelby,municipality,cityofshelby.com,MONITOR_ONLY,cityofshelby.com,MONITOR_ONLY,same,carol.williams@cityofshelby.com,City Clerk,,Shelby: your email domain can currently be spoofed (free 20-minute fix inside),"Hello,

I'm a high school senior in Cary. As an independent project, I checked the public email-security records of every NC school district and municipality, 609 in total, using standard DNS lookups. Nothing was sent to or accessed on your systems; these records are public by design.

Here is what I found for Shelby:

cityofshelby.com has a DMARC record set to p=none, which reports forged mail but does not block it.

What that means in practice: an email forged to look like it came from an @cityofshelby.com address would not be rejected by the recipient's mail server. This is how business email compromise works, where a fake message from a director or manager asks a clerk to change a vendor's bank details. It is the most expensive category of cybercrime the FBI tracks, and local governments and school districts are frequent targets.

You are not alone: 68% of NC public bodies are in the same position.

The fix is free and takes about twenty minutes. The safe first step (monitoring mode) changes nothing about how your mail works today:

  Host:  _dmarc.cityofshelby.com
  Type:  TXT
  Value: v=DMARC1; p=none; rua=mailto:dmarc-reports@cityofshelby.com; fo=1

After a few weeks of reports, the policy can move to p=quarantine and then p=reject, which is what CISA recommends for government domains. Full step-by-step instructions: [GITHUB LINK]

If it would help, I'm glad to answer questions. I'll be re-checking all 609 domains in about thirty days to see how many have been secured, and I'd be glad to count yours.

Thank you,
Siddharth Santhosh
siddharthsann@gmail.com · 919-454-0875"
Siler City,municipality,silercity.gov,NO_DMARC,silercity.org,MONITOR_ONLY,both_bad,jmeadows@silercity.org,Town Manager,,Siler City: your email domain can currently be spoofed (free 20-minute fix inside),"Hello,

I'm a high school senior in Cary. As an independent project, I checked the public email-security records of every NC school district and municipality, 609 in total, using standard DNS lookups. Nothing was sent to or accessed on your systems; these records are public by design.

Here is what I found for Siler City:

Both of your domains are affected. silercity.gov has no DMARC record at all. And your email domain: silercity.org has a DMARC record set to p=none, which reports forged mail but does not block it.

What that means in practice: an email forged to look like it came from an @silercity.org or @silercity.gov address would not be rejected by the recipient's mail server. This is how business email compromise works, where a fake message from a director or manager asks a clerk to change a vendor's bank details. It is the most expensive category of cybercrime the FBI tracks, and local governments and school districts are frequent targets.

You are not alone: 68% of NC public bodies are in the same position.

The fix is free and takes about twenty minutes. The safe first step (monitoring mode) changes nothing about how your mail works today:

  Host:  _dmarc.silercity.org
  Type:  TXT
  Value: v=DMARC1; p=none; rua=mailto:dmarc-reports@silercity.org; fo=1

and the same record for silercity.gov:
  Host:  _dmarc.silercity.gov
  Type:  TXT
  Value: v=DMARC1; p=none; rua=mailto:dmarc-reports@silercity.gov; fo=1

After a few weeks of reports, the policy can move to p=quarantine and then p=reject, which is what CISA recommends for government domains. Full step-by-step instructions: [GITHUB LINK]

If it would help, I'm glad to answer questions. I'll be re-checking all 609 domains in about thirty days to see how many have been secured, and I'd be glad to count yours.

Thank you,
Siddharth Santhosh
siddharthsann@gmail.com · 919-454-0875"
Smithfield,municipality,smithfield-nc.com,MONITOR_ONLY,smithfield-nc.com,MONITOR_ONLY,same,news@smithfield-nc.com,Website issues contact,,Smithfield: your email domain can currently be spoofed (free 20-minute fix inside),"Hello,

I'm a high school senior in Cary. As an independent project, I checked the public email-security records of every NC school district and municipality, 609 in total, using standard DNS lookups. Nothing was sent to or accessed on your systems; these records are public by design.

Here is what I found for Smithfield:

smithfield-nc.com has a DMARC record set to p=none, which reports forged mail but does not block it.

What that means in practice: an email forged to look like it came from an @smithfield-nc.com address would not be rejected by the recipient's mail server. This is how business email compromise works, where a fake message from a director or manager asks a clerk to change a vendor's bank details. It is the most expensive category of cybercrime the FBI tracks, and local governments and school districts are frequent targets.

You are not alone: 68% of NC public bodies are in the same position.

The fix is free and takes about twenty minutes. The safe first step (monitoring mode) changes nothing about how your mail works today:

  Host:  _dmarc.smithfield-nc.com
  Type:  TXT
  Value: v=DMARC1; p=none; rua=mailto:dmarc-reports@smithfield-nc.com; fo=1

After a few weeks of reports, the policy can move to p=quarantine and then p=reject, which is what CISA recommends for government domains. Full step-by-step instructions: [GITHUB LINK]

If it would help, I'm glad to answer questions. I'll be re-checking all 609 domains in about thirty days to see how many have been secured, and I'd be glad to count yours.

Thank you,
Siddharth Santhosh
siddharthsann@gmail.com · 919-454-0875"
Snow Hill,municipality,snowhillnc.com,NO_DMARC,snowhillnc.com,NO_DMARC,same,canteym@snowhillnc.com,Town Clerk,,Snow Hill: your email domain can currently be spoofed (free 20-minute fix inside),"Hello,

I'm a high school senior in Cary. As an independent project, I checked the public email-security records of every NC school district and municipality, 609 in total, using standard DNS lookups. Nothing was sent to or accessed on your systems; these records are public by design.

Here is what I found for Snow Hill:

snowhillnc.com has no DMARC record at all.

What that means in practice: an email forged to look like it came from an @snowhillnc.com address would not be rejected by the recipient's mail server. This is how business email compromise works, where a fake message from a director or manager asks a clerk to change a vendor's bank details. It is the most expensive category of cybercrime the FBI tracks, and local governments and school districts are frequent targets.

You are not alone: 68% of NC public bodies are in the same position.

The fix is free and takes about twenty minutes. The safe first step (monitoring mode) changes nothing about how your mail works today:

  Host:  _dmarc.snowhillnc.com
  Type:  TXT
  Value: v=DMARC1; p=none; rua=mailto:dmarc-reports@snowhillnc.com; fo=1

After a few weeks of reports, the policy can move to p=quarantine and then p=reject, which is what CISA recommends for government domains. Full step-by-step instructions: [GITHUB LINK]

If it would help, I'm glad to answer questions. I'll be re-checking all 609 domains in about thirty days to see how many have been secured, and I'd be glad to count yours.

Thank you,
Siddharth Santhosh
siddharthsann@gmail.com · 919-454-0875"
Southern Pines,municipality,southernpines.net,MONITOR_ONLY,southernpines.net,MONITOR_ONLY,same,gis@southernpines.net,GIS / Information Technology,,Southern Pines: your email domain can currently be spoofed (free 20-minute fix inside),"Hello,

I'm a high school senior in Cary. As an independent project, I checked the public email-security records of every NC school district and municipality, 609 in total, using standard DNS lookups. Nothing was sent to or accessed on your systems; these records are public by design.

Here is what I found for Southern Pines:

southernpines.net has a DMARC record set to p=none, which reports forged mail but does not block it.

What that means in practice: an email forged to look like it came from an @southernpines.net address would not be rejected by the recipient's mail server. This is how business email compromise works, where a fake message from a director or manager asks a clerk to change a vendor's bank details. It is the most expensive category of cybercrime the FBI tracks, and local governments and school districts are frequent targets.

You are not alone: 68% of NC public bodies are in the same position.

The fix is free and takes about twenty minutes. The safe first step (monitoring mode) changes nothing about how your mail works today:

  Host:  _dmarc.southernpines.net
  Type:  TXT
  Value: v=DMARC1; p=none; rua=mailto:dmarc-reports@southernpines.net; fo=1

After a few weeks of reports, the policy can move to p=quarantine and then p=reject, which is what CISA recommends for government domains. Full step-by-step instructions: [GITHUB LINK]

If it would help, I'm glad to answer questions. I'll be re-checking all 609 domains in about thirty days to see how many have been secured, and I'd be glad to count yours.

Thank you,
Siddharth Santhosh
siddharthsann@gmail.com · 919-454-0875"
Southport,municipality,cityofsouthport.gov,NO_DMARC,cityofsouthport.gov,NO_DMARC,same,tdeviney@cityofsouthport.gov,City Clerk,,Southport: your email domain can currently be spoofed (free 20-minute fix inside),"Hello,

I'm a high school senior in Cary. As an independent project, I checked the public email-security records of every NC school district and municipality, 609 in total, using standard DNS lookups. Nothing was sent to or accessed on your systems; these records are public by design.

Here is what I found for Southport:

cityofsouthport.gov has no DMARC record at all.

What that means in practice: an email forged to look like it came from an @cityofsouthport.gov address would not be rejected by the recipient's mail server. This is how business email compromise works, where a fake message from a director or manager asks a clerk to change a vendor's bank details. It is the most expensive category of cybercrime the FBI tracks, and local governments and school districts are frequent targets.

You are not alone: 68% of NC public bodies are in the same position.

The fix is free and takes about twenty minutes. The safe first step (monitoring mode) changes nothing about how your mail works today:

  Host:  _dmarc.cityofsouthport.gov
  Type:  TXT
  Value: v=DMARC1; p=none; rua=mailto:dmarc-reports@cityofsouthport.gov; fo=1

After a few weeks of reports, the policy can move to p=quarantine and then p=reject, which is what CISA recommends for government domains. Full step-by-step instructions: [GITHUB LINK]

If it would help, I'm glad to answer questions. I'll be re-checking all 609 domains in about thirty days to see how many have been secured, and I'd be glad to count yours.

Thank you,
Siddharth Santhosh
siddharthsann@gmail.com · 919-454-0875"
Sparta,municipality,townofsparta.org,NO_DMARC,townofsparta.org,NO_DMARC,same,mdolinger@townofsparta.org,Town Clerk,,Sparta: your email domain can currently be spoofed (free 20-minute fix inside),"Hello,

I'm a high school senior in Cary. As an independent project, I checked the public email-security records of every NC school district and municipality, 609 in total, using standard DNS lookups. Nothing was sent to or accessed on your systems; these records are public by design.

Here is what I found for Sparta:

townofsparta.org has no DMARC record at all.

What that means in practice: an email forged to look like it came from an @townofsparta.org address would not be rejected by the recipient's mail server. This is how business email compromise works, where a fake message from a director or manager asks a clerk to change a vendor's bank details. It is the most expensive category of cybercrime the FBI tracks, and local governments and school districts are frequent targets.

You are not alone: 68% of NC public bodies are in the same position.

The fix is free and takes about twenty minutes. The safe first step (monitoring mode) changes nothing about how your mail works today:

  Host:  _dmarc.townofsparta.org
  Type:  TXT
  Value: v=DMARC1; p=none; rua=mailto:dmarc-reports@townofsparta.org; fo=1

After a few weeks of reports, the policy can move to p=quarantine and then p=reject, which is what CISA recommends for government domains. Full step-by-step instructions: [GITHUB LINK]

If it would help, I'm glad to answer questions. I'll be re-checking all 609 domains in about thirty days to see how many have been secured, and I'd be glad to count yours.

Thank you,
Siddharth Santhosh
siddharthsann@gmail.com · 919-454-0875"
Spindale,municipality,spindalenc.net,NO_DMARC,spindalenc.net,NO_DMARC,same,mwilliams@spindalenc.net,Town Clerk,,Spindale: your email domain can currently be spoofed (free 20-minute fix inside),"Hello,

I'm a high school senior in Cary. As an independent project, I checked the public email-security records of every NC school district and municipality, 609 in total, using standard DNS lookups. Nothing was sent to or accessed on your systems; these records are public by design.

Here is what I found for Spindale:

spindalenc.net has no DMARC record at all.

What that means in practice: an email forged to look like it came from an @spindalenc.net address would not be rejected by the recipient's mail server. This is how business email compromise works, where a fake message from a director or manager asks a clerk to change a vendor's bank details. It is the most expensive category of cybercrime the FBI tracks, and local governments and school districts are frequent targets.

You are not alone: 68% of NC public bodies are in the same position.

The fix is free and takes about twenty minutes. The safe first step (monitoring mode) changes nothing about how your mail works today:

  Host:  _dmarc.spindalenc.net
  Type:  TXT
  Value: v=DMARC1; p=none; rua=mailto:dmarc-reports@spindalenc.net; fo=1

After a few weeks of reports, the policy can move to p=quarantine and then p=reject, which is what CISA recommends for government domains. Full step-by-step instructions: [GITHUB LINK]

If it would help, I'm glad to answer questions. I'll be re-checking all 609 domains in about thirty days to see how many have been secured, and I'd be glad to count yours.

Thank you,
Siddharth Santhosh
siddharthsann@gmail.com · 919-454-0875"
Spring Hope,municipality,springhope.net,NO_DMARC,springhope.net,NO_DMARC,same,m.collins@springhope.net,Town Clerk,,Spring Hope: your email domain can currently be spoofed (free 20-minute fix inside),"Hello,

I'm a high school senior in Cary. As an independent project, I checked the public email-security records of every NC school district and municipality, 609 in total, using standard DNS lookups. Nothing was sent to or accessed on your systems; these records are public by design.

Here is what I found for Spring Hope:

springhope.net has no DMARC record at all.

What that means in practice: an email forged to look like it came from an @springhope.net address would not be rejected by the recipient's mail server. This is how business email compromise works, where a fake message from a director or manager asks a clerk to change a vendor's bank details. It is the most expensive category of cybercrime the FBI tracks, and local governments and school districts are frequent targets.

You are not alone: 68% of NC public bodies are in the same position.

The fix is free and takes about twenty minutes. The safe first step (monitoring mode) changes nothing about how your mail works today:

  Host:  _dmarc.springhope.net
  Type:  TXT
  Value: v=DMARC1; p=none; rua=mailto:dmarc-reports@springhope.net; fo=1

After a few weeks of reports, the policy can move to p=quarantine and then p=reject, which is what CISA recommends for government domains. Full step-by-step instructions: [GITHUB LINK]

If it would help, I'm glad to answer questions. I'll be re-checking all 609 domains in about thirty days to see how many have been secured, and I'd be glad to count yours.

Thank you,
Siddharth Santhosh
siddharthsann@gmail.com · 919-454-0875"
Spring Lake,municipality,townofspringlake.com,NO_DMARC,townofspringlake.com,NO_DMARC,same,clerk@townofspringlake.com,Town Clerk,,Spring Lake: your email domain can currently be spoofed (free 20-minute fix inside),"Hello,

I'm a high school senior in Cary. As an independent project, I checked the public email-security records of every NC school district and municipality, 609 in total, using standard DNS lookups. Nothing was sent to or accessed on your systems; these records are public by design.

Here is what I found for Spring Lake:

townofspringlake.com has no DMARC record at all.

What that means in practice: an email forged to look like it came from an @townofspringlake.com address would not be rejected by the recipient's mail server. This is how business email compromise works, where a fake message from a director or manager asks a clerk to change a vendor's bank details. It is the most expensive category of cybercrime the FBI tracks, and local governments and school districts are frequent targets.

You are not alone: 68% of NC public bodies are in the same position.

The fix is free and takes about twenty minutes. The safe first step (monitoring mode) changes nothing about how your mail works today:

  Host:  _dmarc.townofspringlake.com
  Type:  TXT
  Value: v=DMARC1; p=none; rua=mailto:dmarc-reports@townofspringlake.com; fo=1

After a few weeks of reports, the policy can move to p=quarantine and then p=reject, which is what CISA recommends for government domains. Full step-by-step instructions: [GITHUB LINK]

If it would help, I'm glad to answer questions. I'll be re-checking all 609 domains in about thirty days to see how many have been secured, and I'd be glad to count yours.

Thank you,
Siddharth Santhosh
siddharthsann@gmail.com · 919-454-0875"
St. Helena,municipality,villageofsthelena.com,NO_DMARC,bizec.rr.com,n/a (consumer provider),consumer,sthelena@bizec.rr.com,Village Clerk,,St. Helena: your email domain can currently be spoofed (free 20-minute fix inside),"Hello,

I'm a high school senior in Cary. As an independent project, I checked the public email-security records of every NC school district and municipality, 609 in total, using standard DNS lookups. Nothing was sent to or accessed on your systems; these records are public by design.

Here is what I found for St. Helena:

villageofsthelena.com has no DMARC record at all. (Your staff mail runs on bizec.rr.com, which is fine; this is about the town's own domain.)

What that means in practice: anyone can send an email that appears to come from an @villageofsthelena.com address, and nothing tells the recipient it's fake. Attackers use unused domains exactly this way. This is how business email compromise works, where a fake message from a director or manager asks a clerk to change a vendor's bank details. It is the most expensive category of cybercrime the FBI tracks, and local governments and school districts are frequent targets.

You are not alone: 68% of NC public bodies are in the same position.

The fix is free and takes about twenty minutes. The safe first step (monitoring mode) changes nothing about how your mail works today:

  Host:  _dmarc.villageofsthelena.com
  Type:  TXT
  Value: v=DMARC1; p=none; rua=mailto:dmarc-reports@villageofsthelena.com; fo=1

After a few weeks of reports, the policy can move to p=quarantine and then p=reject, which is what CISA recommends for government domains. Full step-by-step instructions: [GITHUB LINK]

If it would help, I'm glad to answer questions. I'll be re-checking all 609 domains in about thirty days to see how many have been secured, and I'd be glad to count yours.

Thank you,
Siddharth Santhosh
siddharthsann@gmail.com · 919-454-0875"
St. James,municipality,townofstjamesnc.org,NO_DMARC,stjames.town,MONITOR_ONLY,both_bad,tosj@stjames.town,General contact,,St. James: your email domain can currently be spoofed (free 20-minute fix inside),"Hello,

I'm a high school senior in Cary. As an independent project, I checked the public email-security records of every NC school district and municipality, 609 in total, using standard DNS lookups. Nothing was sent to or accessed on your systems; these records are public by design.

Here is what I found for St. James:

Both of your domains are affected. townofstjamesnc.org has no DMARC record at all. And your email domain: stjames.town has a DMARC record set to p=none, which reports forged mail but does not block it.

What that means in practice: an email forged to look like it came from an @stjames.town or @townofstjamesnc.org address would not be rejected by the recipient's mail server. This is how business email compromise works, where a fake message from a director or manager asks a clerk to change a vendor's bank details. It is the most expensive category of cybercrime the FBI tracks, and local governments and school districts are frequent targets.

You are not alone: 68% of NC public bodies are in the same position.

The fix is free and takes about twenty minutes. The safe first step (monitoring mode) changes nothing about how your mail works today:

  Host:  _dmarc.stjames.town
  Type:  TXT
  Value: v=DMARC1; p=none; rua=mailto:dmarc-reports@stjames.town; fo=1

and the same record for townofstjamesnc.org:
  Host:  _dmarc.townofstjamesnc.org
  Type:  TXT
  Value: v=DMARC1; p=none; rua=mailto:dmarc-reports@townofstjamesnc.org; fo=1

After a few weeks of reports, the policy can move to p=quarantine and then p=reject, which is what CISA recommends for government domains. Full step-by-step instructions: [GITHUB LINK]

If it would help, I'm glad to answer questions. I'll be re-checking all 609 domains in about thirty days to see how many have been secured, and I'd be glad to count yours.

Thank you,
Siddharth Santhosh
siddharthsann@gmail.com · 919-454-0875"
St. Pauls,municipality,stpaulsnc.gov,NO_DMARC,stpaulsnc.gov,NO_DMARC,same,debra@stpaulsnc.gov,Town Clerk,,St. Pauls: your email domain can currently be spoofed (free 20-minute fix inside),"Hello,

I'm a high school senior in Cary. As an independent project, I checked the public email-security records of every NC school district and municipality, 609 in total, using standard DNS lookups. Nothing was sent to or accessed on your systems; these records are public by design.

Here is what I found for St. Pauls:

stpaulsnc.gov has no DMARC record at all.

What that means in practice: an email forged to look like it came from an @stpaulsnc.gov address would not be rejected by the recipient's mail server. This is how business email compromise works, where a fake message from a director or manager asks a clerk to change a vendor's bank details. It is the most expensive category of cybercrime the FBI tracks, and local governments and school districts are frequent targets.

You are not alone: 68% of NC public bodies are in the same position.

The fix is free and takes about twenty minutes. The safe first step (monitoring mode) changes nothing about how your mail works today:

  Host:  _dmarc.stpaulsnc.gov
  Type:  TXT
  Value: v=DMARC1; p=none; rua=mailto:dmarc-reports@stpaulsnc.gov; fo=1

After a few weeks of reports, the policy can move to p=quarantine and then p=reject, which is what CISA recommends for government domains. Full step-by-step instructions: [GITHUB LINK]

If it would help, I'm glad to answer questions. I'll be re-checking all 609 domains in about thirty days to see how many have been secured, and I'd be glad to count yours.

Thank you,
Siddharth Santhosh
siddharthsann@gmail.com · 919-454-0875"
Stanfield,municipality,stanfieldnc.gov,NO_DMARC,stanfieldnc.com,NO_DMARC,both_bad,townclerk@stanfieldnc.com,Town Clerk,,Stanfield: your email domain can currently be spoofed (free 20-minute fix inside),"Hello,

I'm a high school senior in Cary. As an independent project, I checked the public email-security records of every NC school district and municipality, 609 in total, using standard DNS lookups. Nothing was sent to or accessed on your systems; these records are public by design.

Here is what I found for Stanfield:

Both of your domains are affected. stanfieldnc.gov has no DMARC record at all. And your email domain: stanfieldnc.com has no DMARC record at all.

What that means in practice: an email forged to look like it came from an @stanfieldnc.com or @stanfieldnc.gov address would not be rejected by the recipient's mail server. This is how business email compromise works, where a fake message from a director or manager asks a clerk to change a vendor's bank details. It is the most expensive category of cybercrime the FBI tracks, and local governments and school districts are frequent targets.

You are not alone: 68% of NC public bodies are in the same position.

The fix is free and takes about twenty minutes. The safe first step (monitoring mode) changes nothing about how your mail works today:

  Host:  _dmarc.stanfieldnc.com
  Type:  TXT
  Value: v=DMARC1; p=none; rua=mailto:dmarc-reports@stanfieldnc.com; fo=1

and the same record for stanfieldnc.gov:
  Host:  _dmarc.stanfieldnc.gov
  Type:  TXT
  Value: v=DMARC1; p=none; rua=mailto:dmarc-reports@stanfieldnc.gov; fo=1

After a few weeks of reports, the policy can move to p=quarantine and then p=reject, which is what CISA recommends for government domains. Full step-by-step instructions: [GITHUB LINK]

If it would help, I'm glad to answer questions. I'll be re-checking all 609 domains in about thirty days to see how many have been secured, and I'd be glad to count yours.

Thank you,
Siddharth Santhosh
siddharthsann@gmail.com · 919-454-0875"
Stanley,municipality,townofstanley.org,NO_DMARC,townofstanley.org,NO_DMARC,same,ogrishin@townofstanley.org,Town Clerk,,Stanley: your email domain can currently be spoofed (free 20-minute fix inside),"Hello,

I'm a high school senior in Cary. As an independent project, I checked the public email-security records of every NC school district and municipality, 609 in total, using standard DNS lookups. Nothing was sent to or accessed on your systems; these records are public by design.

Here is what I found for Stanley:

townofstanley.org has no DMARC record at all.

What that means in practice: an email forged to look like it came from an @townofstanley.org address would not be rejected by the recipient's mail server. This is how business email compromise works, where a fake message from a director or manager asks a clerk to change a vendor's bank details. It is the most expensive category of cybercrime the FBI tracks, and local governments and school districts are frequent targets.

You are not alone: 68% of NC public bodies are in the same position.

The fix is free and takes about twenty minutes. The safe first step (monitoring mode) changes nothing about how your mail works today:

  Host:  _dmarc.townofstanley.org
  Type:  TXT
  Value: v=DMARC1; p=none; rua=mailto:dmarc-reports@townofstanley.org; fo=1

After a few weeks of reports, the policy can move to p=quarantine and then p=reject, which is what CISA recommends for government domains. Full step-by-step instructions: [GITHUB LINK]

If it would help, I'm glad to answer questions. I'll be re-checking all 609 domains in about thirty days to see how many have been secured, and I'd be glad to count yours.

Thank you,
Siddharth Santhosh
siddharthsann@gmail.com · 919-454-0875"
Stantonsburg,municipality,townofstantonsburg.com,MONITOR_ONLY,townofstantonsburg.com,MONITOR_ONLY,same,ccobb@townofstantonsburg.com,Town Clerk,,Stantonsburg: your email domain can currently be spoofed (free 20-minute fix inside),"Hello,

I'm a high school senior in Cary. As an independent project, I checked the public email-security records of every NC school district and municipality, 609 in total, using standard DNS lookups. Nothing was sent to or accessed on your systems; these records are public by design.

Here is what I found for Stantonsburg:

townofstantonsburg.com has a DMARC record set to p=none, which reports forged mail but does not block it.

What that means in practice: an email forged to look like it came from an @townofstantonsburg.com address would not be rejected by the recipient's mail server. This is how business email compromise works, where a fake message from a director or manager asks a clerk to change a vendor's bank details. It is the most expensive category of cybercrime the FBI tracks, and local governments and school districts are frequent targets.

You are not alone: 68% of NC public bodies are in the same position.

The fix is free and takes about twenty minutes. The safe first step (monitoring mode) changes nothing about how your mail works today:

  Host:  _dmarc.townofstantonsburg.com
  Type:  TXT
  Value: v=DMARC1; p=none; rua=mailto:dmarc-reports@townofstantonsburg.com; fo=1

After a few weeks of reports, the policy can move to p=quarantine and then p=reject, which is what CISA recommends for government domains. Full step-by-step instructions: [GITHUB LINK]

If it would help, I'm glad to answer questions. I'll be re-checking all 609 domains in about thirty days to see how many have been secured, and I'd be glad to count yours.

Thank you,
Siddharth Santhosh
siddharthsann@gmail.com · 919-454-0875"
Star,municipality,starnc.gov,NO_DMARC,gmail.com,n/a (consumer provider),consumer,TownofStar@gmail.com,Town Clerk,,Star: your email domain can currently be spoofed (free 20-minute fix inside),"Hello,

I'm a high school senior in Cary. As an independent project, I checked the public email-security records of every NC school district and municipality, 609 in total, using standard DNS lookups. Nothing was sent to or accessed on your systems; these records are public by design.

Here is what I found for Star:

starnc.gov has no DMARC record at all. (Your staff mail runs on gmail.com, which is fine; this is about the town's own domain.)

What that means in practice: anyone can send an email that appears to come from an @starnc.gov address, and nothing tells the recipient it's fake. Attackers use unused domains exactly this way. This is how business email compromise works, where a fake message from a director or manager asks a clerk to change a vendor's bank details. It is the most expensive category of cybercrime the FBI tracks, and local governments and school districts are frequent targets.

You are not alone: 68% of NC public bodies are in the same position.

The fix is free and takes about twenty minutes. The safe first step (monitoring mode) changes nothing about how your mail works today:

  Host:  _dmarc.starnc.gov
  Type:  TXT
  Value: v=DMARC1; p=none; rua=mailto:dmarc-reports@starnc.gov; fo=1

After a few weeks of reports, the policy can move to p=quarantine and then p=reject, which is what CISA recommends for government domains. Full step-by-step instructions: [GITHUB LINK]

If it would help, I'm glad to answer questions. I'll be re-checking all 609 domains in about thirty days to see how many have been secured, and I'd be glad to count yours.

Thank you,
Siddharth Santhosh
siddharthsann@gmail.com · 919-454-0875"
Statesville,municipality,statesvillenc.net,MONITOR_ONLY,statesvillenc.net,MONITOR_ONLY,same,info@statesvillenc.net,General contact,,Statesville: your email domain can currently be spoofed (free 20-minute fix inside),"Hello,

I'm a high school senior in Cary. As an independent project, I checked the public email-security records of every NC school district and municipality, 609 in total, using standard DNS lookups. Nothing was sent to or accessed on your systems; these records are public by design.

Here is what I found for Statesville:

statesvillenc.net has a DMARC record set to p=none, which reports forged mail but does not block it.

What that means in practice: an email forged to look like it came from an @statesvillenc.net address would not be rejected by the recipient's mail server. This is how business email compromise works, where a fake message from a director or manager asks a clerk to change a vendor's bank details. It is the most expensive category of cybercrime the FBI tracks, and local governments and school districts are frequent targets.

You are not alone: 68% of NC public bodies are in the same position.

The fix is free and takes about twenty minutes. The safe first step (monitoring mode) changes nothing about how your mail works today:

  Host:  _dmarc.statesvillenc.net
  Type:  TXT
  Value: v=DMARC1; p=none; rua=mailto:dmarc-reports@statesvillenc.net; fo=1

After a few weeks of reports, the policy can move to p=quarantine and then p=reject, which is what CISA recommends for government domains. Full step-by-step instructions: [GITHUB LINK]

If it would help, I'm glad to answer questions. I'll be re-checking all 609 domains in about thirty days to see how many have been secured, and I'd be glad to count yours.

Thank you,
Siddharth Santhosh
siddharthsann@gmail.com · 919-454-0875"
Stedman,municipality,townofstedman.com,MONITOR_ONLY,townofstedman.com,MONITOR_ONLY,same,cveeder@townofstedman.com,Town Administrator/Clerk,,Stedman: your email domain can currently be spoofed (free 20-minute fix inside),"Hello,

I'm a high school senior in Cary. As an independent project, I checked the public email-security records of every NC school district and municipality, 609 in total, using standard DNS lookups. Nothing was sent to or accessed on your systems; these records are public by design.

Here is what I found for Stedman:

townofstedman.com has a DMARC record set to p=none, which reports forged mail but does not block it.

What that means in practice: an email forged to look like it came from an @townofstedman.com address would not be rejected by the recipient's mail server. This is how business email compromise works, where a fake message from a director or manager asks a clerk to change a vendor's bank details. It is the most expensive category of cybercrime the FBI tracks, and local governments and school districts are frequent targets.

You are not alone: 68% of NC public bodies are in the same position.

The fix is free and takes about twenty minutes. The safe first step (monitoring mode) changes nothing about how your mail works today:

  Host:  _dmarc.townofstedman.com
  Type:  TXT
  Value: v=DMARC1; p=none; rua=mailto:dmarc-reports@townofstedman.com; fo=1

After a few weeks of reports, the policy can move to p=quarantine and then p=reject, which is what CISA recommends for government domains. Full step-by-step instructions: [GITHUB LINK]

If it would help, I'm glad to answer questions. I'll be re-checking all 609 domains in about thirty days to see how many have been secured, and I'd be glad to count yours.

Thank you,
Siddharth Santhosh
siddharthsann@gmail.com · 919-454-0875"
Stem,municipality,stemnc.org,NO_DMARC,stemnc.org,NO_DMARC,same,townofstem@stemnc.org,General contact,,Stem: your email domain can currently be spoofed (free 20-minute fix inside),"Hello,

I'm a high school senior in Cary. As an independent project, I checked the public email-security records of every NC school district and municipality, 609 in total, using standard DNS lookups. Nothing was sent to or accessed on your systems; these records are public by design.

Here is what I found for Stem:

stemnc.org has no DMARC record at all.

What that means in practice: an email forged to look like it came from an @stemnc.org address would not be rejected by the recipient's mail server. This is how business email compromise works, where a fake message from a director or manager asks a clerk to change a vendor's bank details. It is the most expensive category of cybercrime the FBI tracks, and local governments and school districts are frequent targets.

You are not alone: 68% of NC public bodies are in the same position.

The fix is free and takes about twenty minutes. The safe first step (monitoring mode) changes nothing about how your mail works today:

  Host:  _dmarc.stemnc.org
  Type:  TXT
  Value: v=DMARC1; p=none; rua=mailto:dmarc-reports@stemnc.org; fo=1

After a few weeks of reports, the policy can move to p=quarantine and then p=reject, which is what CISA recommends for government domains. Full step-by-step instructions: [GITHUB LINK]

If it would help, I'm glad to answer questions. I'll be re-checking all 609 domains in about thirty days to see how many have been secured, and I'd be glad to count yours.

Thank you,
Siddharth Santhosh
siddharthsann@gmail.com · 919-454-0875"
Stoneville,municipality,stonevillenc.org,NO_DMARC,stonevillenc.org,NO_DMARC,same,dhutcherson@stonevillenc.org,Town Clerk,verified: site spells name Hutcherson; address matches,Stoneville: your email domain can currently be spoofed (free 20-minute fix inside),"Hello,

I'm a high school senior in Cary. As an independent project, I checked the public email-security records of every NC school district and municipality, 609 in total, using standard DNS lookups. Nothing was sent to or accessed on your systems; these records are public by design.

Here is what I found for Stoneville:

stonevillenc.org has no DMARC record at all.

What that means in practice: an email forged to look like it came from an @stonevillenc.org address would not be rejected by the recipient's mail server. This is how business email compromise works, where a fake message from a director or manager asks a clerk to change a vendor's bank details. It is the most expensive category of cybercrime the FBI tracks, and local governments and school districts are frequent targets.

You are not alone: 68% of NC public bodies are in the same position.

The fix is free and takes about twenty minutes. The safe first step (monitoring mode) changes nothing about how your mail works today:

  Host:  _dmarc.stonevillenc.org
  Type:  TXT
  Value: v=DMARC1; p=none; rua=mailto:dmarc-reports@stonevillenc.org; fo=1

After a few weeks of reports, the policy can move to p=quarantine and then p=reject, which is what CISA recommends for government domains. Full step-by-step instructions: [GITHUB LINK]

If it would help, I'm glad to answer questions. I'll be re-checking all 609 domains in about thirty days to see how many have been secured, and I'd be glad to count yours.

Thank you,
Siddharth Santhosh
siddharthsann@gmail.com · 919-454-0875"
Stovall,municipality,stovallnc.org,NO_DMARC,stovallnc.org,NO_DMARC,same,jParrott@stovallnc.org,Town Administrator,,Stovall: your email domain can currently be spoofed (free 20-minute fix inside),"Hello,

I'm a high school senior in Cary. As an independent project, I checked the public email-security records of every NC school district and municipality, 609 in total, using standard DNS lookups. Nothing was sent to or accessed on your systems; these records are public by design.

Here is what I found for Stovall:

stovallnc.org has no DMARC record at all.

What that means in practice: an email forged to look like it came from an @stovallnc.org address would not be rejected by the recipient's mail server. This is how business email compromise works, where a fake message from a director or manager asks a clerk to change a vendor's bank details. It is the most expensive category of cybercrime the FBI tracks, and local governments and school districts are frequent targets.

You are not alone: 68% of NC public bodies are in the same position.

The fix is free and takes about twenty minutes. The safe first step (monitoring mode) changes nothing about how your mail works today:

  Host:  _dmarc.stovallnc.org
  Type:  TXT
  Value: v=DMARC1; p=none; rua=mailto:dmarc-reports@stovallnc.org; fo=1

After a few weeks of reports, the policy can move to p=quarantine and then p=reject, which is what CISA recommends for government domains. Full step-by-step instructions: [GITHUB LINK]

If it would help, I'm glad to answer questions. I'll be re-checking all 609 domains in about thirty days to see how many have been secured, and I'd be glad to count yours.

Thank you,
Siddharth Santhosh
siddharthsann@gmail.com · 919-454-0875"
Summerfield,municipality,summerfieldnc.gov,MONITOR_ONLY,summerfieldnc.gov,MONITOR_ONLY,same,clerk@summerfieldnc.gov,Town Clerk,,Summerfield: your email domain can currently be spoofed (free 20-minute fix inside),"Hello,

I'm a high school senior in Cary. As an independent project, I checked the public email-security records of every NC school district and municipality, 609 in total, using standard DNS lookups. Nothing was sent to or accessed on your systems; these records are public by design.

Here is what I found for Summerfield:

summerfieldnc.gov has a DMARC record set to p=none, which reports forged mail but does not block it.

What that means in practice: an email forged to look like it came from an @summerfieldnc.gov address would not be rejected by the recipient's mail server. This is how business email compromise works, where a fake message from a director or manager asks a clerk to change a vendor's bank details. It is the most expensive category of cybercrime the FBI tracks, and local governments and school districts are frequent targets.

You are not alone: 68% of NC public bodies are in the same position.

The fix is free and takes about twenty minutes. The safe first step (monitoring mode) changes nothing about how your mail works today:

  Host:  _dmarc.summerfieldnc.gov
  Type:  TXT
  Value: v=DMARC1; p=none; rua=mailto:dmarc-reports@summerfieldnc.gov; fo=1

After a few weeks of reports, the policy can move to p=quarantine and then p=reject, which is what CISA recommends for government domains. Full step-by-step instructions: [GITHUB LINK]

If it would help, I'm glad to answer questions. I'll be re-checking all 609 domains in about thirty days to see how many have been secured, and I'd be glad to count yours.

Thank you,
Siddharth Santhosh
siddharthsann@gmail.com · 919-454-0875"
Sunset Beach,municipality,sunsetbeachnc.gov,NO_DMARC,sunsetbeachnc.gov,NO_DMARC,same,kklamar@sunsetbeachnc.gov,Town Clerk,,Sunset Beach: your email domain can currently be spoofed (free 20-minute fix inside),"Hello,

I'm a high school senior in Cary. As an independent project, I checked the public email-security records of every NC school district and municipality, 609 in total, using standard DNS lookups. Nothing was sent to or accessed on your systems; these records are public by design.

Here is what I found for Sunset Beach:

sunsetbeachnc.gov has no DMARC record at all.

What that means in practice: an email forged to look like it came from an @sunsetbeachnc.gov address would not be rejected by the recipient's mail server. This is how business email compromise works, where a fake message from a director or manager asks a clerk to change a vendor's bank details. It is the most expensive category of cybercrime the FBI tracks, and local governments and school districts are frequent targets.

You are not alone: 68% of NC public bodies are in the same position.

The fix is free and takes about twenty minutes. The safe first step (monitoring mode) changes nothing about how your mail works today:

  Host:  _dmarc.sunsetbeachnc.gov
  Type:  TXT
  Value: v=DMARC1; p=none; rua=mailto:dmarc-reports@sunsetbeachnc.gov; fo=1

After a few weeks of reports, the policy can move to p=quarantine and then p=reject, which is what CISA recommends for government domains. Full step-by-step instructions: [GITHUB LINK]

If it would help, I'm glad to answer questions. I'll be re-checking all 609 domains in about thirty days to see how many have been secured, and I'd be glad to count yours.

Thank you,
Siddharth Santhosh
siddharthsann@gmail.com · 919-454-0875"
Surf City,municipality,surfcitync.gov,MONITOR_ONLY,surfcitync.gov,MONITOR_ONLY,same,cpcitarelli@surfcitync.gov,Town Clerk,,Surf City: your email domain can currently be spoofed (free 20-minute fix inside),"Hello,

I'm a high school senior in Cary. As an independent project, I checked the public email-security records of every NC school district and municipality, 609 in total, using standard DNS lookups. Nothing was sent to or accessed on your systems; these records are public by design.

Here is what I found for Surf City:

surfcitync.gov has a DMARC record set to p=none, which reports forged mail but does not block it.

What that means in practice: an email forged to look like it came from an @surfcitync.gov address would not be rejected by the recipient's mail server. This is how business email compromise works, where a fake message from a director or manager asks a clerk to change a vendor's bank details. It is the most expensive category of cybercrime the FBI tracks, and local governments and school districts are frequent targets.

You are not alone: 68% of NC public bodies are in the same position.

The fix is free and takes about twenty minutes. The safe first step (monitoring mode) changes nothing about how your mail works today:

  Host:  _dmarc.surfcitync.gov
  Type:  TXT
  Value: v=DMARC1; p=none; rua=mailto:dmarc-reports@surfcitync.gov; fo=1

After a few weeks of reports, the policy can move to p=quarantine and then p=reject, which is what CISA recommends for government domains. Full step-by-step instructions: [GITHUB LINK]

If it would help, I'm glad to answer questions. I'll be re-checking all 609 domains in about thirty days to see how many have been secured, and I'd be glad to count yours.

Thank you,
Siddharth Santhosh
siddharthsann@gmail.com · 919-454-0875"
Swansboro,municipality,swansboro-nc.org,NO_DMARC,ci.swansboro.nc.us,NO_DMARC,both_bad,afender@ci.swansboro.nc.us,Town Clerk,,Swansboro: your email domain can currently be spoofed (free 20-minute fix inside),"Hello,

I'm a high school senior in Cary. As an independent project, I checked the public email-security records of every NC school district and municipality, 609 in total, using standard DNS lookups. Nothing was sent to or accessed on your systems; these records are public by design.

Here is what I found for Swansboro:

Both of your domains are affected. swansboro-nc.org has no DMARC record at all. And your email domain: ci.swansboro.nc.us has no DMARC record at all.

What that means in practice: an email forged to look like it came from an @ci.swansboro.nc.us or @swansboro-nc.org address would not be rejected by the recipient's mail server. This is how business email compromise works, where a fake message from a director or manager asks a clerk to change a vendor's bank details. It is the most expensive category of cybercrime the FBI tracks, and local governments and school districts are frequent targets.

You are not alone: 68% of NC public bodies are in the same position.

The fix is free and takes about twenty minutes. The safe first step (monitoring mode) changes nothing about how your mail works today:

  Host:  _dmarc.ci.swansboro.nc.us
  Type:  TXT
  Value: v=DMARC1; p=none; rua=mailto:dmarc-reports@ci.swansboro.nc.us; fo=1

and the same record for swansboro-nc.org:
  Host:  _dmarc.swansboro-nc.org
  Type:  TXT
  Value: v=DMARC1; p=none; rua=mailto:dmarc-reports@swansboro-nc.org; fo=1

After a few weeks of reports, the policy can move to p=quarantine and then p=reject, which is what CISA recommends for government domains. Full step-by-step instructions: [GITHUB LINK]

If it would help, I'm glad to answer questions. I'll be re-checking all 609 domains in about thirty days to see how many have been secured, and I'd be glad to count yours.

Thank you,
Siddharth Santhosh
siddharthsann@gmail.com · 919-454-0875"
Swepsonville,municipality,swepsonvillenc.com,NO_DMARC,swepsonvillenc.com,NO_DMARC,same,amy.albright@swepsonvillenc.com,Town Clerk,,Swepsonville: your email domain can currently be spoofed (free 20-minute fix inside),"Hello,

I'm a high school senior in Cary. As an independent project, I checked the public email-security records of every NC school district and municipality, 609 in total, using standard DNS lookups. Nothing was sent to or accessed on your systems; these records are public by design.

Here is what I found for Swepsonville:

swepsonvillenc.com has no DMARC record at all.

What that means in practice: an email forged to look like it came from an @swepsonvillenc.com address would not be rejected by the recipient's mail server. This is how business email compromise works, where a fake message from a director or manager asks a clerk to change a vendor's bank details. It is the most expensive category of cybercrime the FBI tracks, and local governments and school districts are frequent targets.

You are not alone: 68% of NC public bodies are in the same position.

The fix is free and takes about twenty minutes. The safe first step (monitoring mode) changes nothing about how your mail works today:

  Host:  _dmarc.swepsonvillenc.com
  Type:  TXT
  Value: v=DMARC1; p=none; rua=mailto:dmarc-reports@swepsonvillenc.com; fo=1

After a few weeks of reports, the policy can move to p=quarantine and then p=reject, which is what CISA recommends for government domains. Full step-by-step instructions: [GITHUB LINK]

If it would help, I'm glad to answer questions. I'll be re-checking all 609 domains in about thirty days to see how many have been secured, and I'd be glad to count yours.

Thank you,
Siddharth Santhosh
siddharthsann@gmail.com · 919-454-0875"
Tabor City,municipality,townoftaborcity.org,NO_DMARC,taborcity.org,NO_DMARC,both_bad,jward@taborcity.org,Town Manager,,Tabor City: your email domain can currently be spoofed (free 20-minute fix inside),"Hello,

I'm a high school senior in Cary. As an independent project, I checked the public email-security records of every NC school district and municipality, 609 in total, using standard DNS lookups. Nothing was sent to or accessed on your systems; these records are public by design.

Here is what I found for Tabor City:

Both of your domains are affected. townoftaborcity.org has no DMARC record at all. And your email domain: taborcity.org has no DMARC record at all.

What that means in practice: an email forged to look like it came from an @taborcity.org or @townoftaborcity.org address would not be rejected by the recipient's mail server. This is how business email compromise works, where a fake message from a director or manager asks a clerk to change a vendor's bank details. It is the most expensive category of cybercrime the FBI tracks, and local governments and school districts are frequent targets.

You are not alone: 68% of NC public bodies are in the same position.

The fix is free and takes about twenty minutes. The safe first step (monitoring mode) changes nothing about how your mail works today:

  Host:  _dmarc.taborcity.org
  Type:  TXT
  Value: v=DMARC1; p=none; rua=mailto:dmarc-reports@taborcity.org; fo=1

and the same record for townoftaborcity.org:
  Host:  _dmarc.townoftaborcity.org
  Type:  TXT
  Value: v=DMARC1; p=none; rua=mailto:dmarc-reports@townoftaborcity.org; fo=1

After a few weeks of reports, the policy can move to p=quarantine and then p=reject, which is what CISA recommends for government domains. Full step-by-step instructions: [GITHUB LINK]

If it would help, I'm glad to answer questions. I'll be re-checking all 609 domains in about thirty days to see how many have been secured, and I'd be glad to count yours.

Thank you,
Siddharth Santhosh
siddharthsann@gmail.com · 919-454-0875"
Tarboro,municipality,tarboro-nc.com,MONITOR_ONLY,tarboro-nc.com,MONITOR_ONLY,same,troylewis@tarboro-nc.com,Town Manager,,Tarboro: your email domain can currently be spoofed (free 20-minute fix inside),"Hello,

I'm a high school senior in Cary. As an independent project, I checked the public email-security records of every NC school district and municipality, 609 in total, using standard DNS lookups. Nothing was sent to or accessed on your systems; these records are public by design.

Here is what I found for Tarboro:

tarboro-nc.com has a DMARC record set to p=none, which reports forged mail but does not block it.

What that means in practice: an email forged to look like it came from an @tarboro-nc.com address would not be rejected by the recipient's mail server. This is how business email compromise works, where a fake message from a director or manager asks a clerk to change a vendor's bank details. It is the most expensive category of cybercrime the FBI tracks, and local governments and school districts are frequent targets.

You are not alone: 68% of NC public bodies are in the same position.

The fix is free and takes about twenty minutes. The safe first step (monitoring mode) changes nothing about how your mail works today:

  Host:  _dmarc.tarboro-nc.com
  Type:  TXT
  Value: v=DMARC1; p=none; rua=mailto:dmarc-reports@tarboro-nc.com; fo=1

After a few weeks of reports, the policy can move to p=quarantine and then p=reject, which is what CISA recommends for government domains. Full step-by-step instructions: [GITHUB LINK]

If it would help, I'm glad to answer questions. I'll be re-checking all 609 domains in about thirty days to see how many have been secured, and I'd be glad to count yours.

Thank you,
Siddharth Santhosh
siddharthsann@gmail.com · 919-454-0875"
Taylorsville,municipality,taylorsvillenc.com,NO_DMARC,taylorsvillenc.com,NO_DMARC,same,info@taylorsvillenc.com,General contact,,Taylorsville: your email domain can currently be spoofed (free 20-minute fix inside),"Hello,

I'm a high school senior in Cary. As an independent project, I checked the public email-security records of every NC school district and municipality, 609 in total, using standard DNS lookups. Nothing was sent to or accessed on your systems; these records are public by design.

Here is what I found for Taylorsville:

taylorsvillenc.com has no DMARC record at all.

What that means in practice: an email forged to look like it came from an @taylorsvillenc.com address would not be rejected by the recipient's mail server. This is how business email compromise works, where a fake message from a director or manager asks a clerk to change a vendor's bank details. It is the most expensive category of cybercrime the FBI tracks, and local governments and school districts are frequent targets.

You are not alone: 68% of NC public bodies are in the same position.

The fix is free and takes about twenty minutes. The safe first step (monitoring mode) changes nothing about how your mail works today:

  Host:  _dmarc.taylorsvillenc.com
  Type:  TXT
  Value: v=DMARC1; p=none; rua=mailto:dmarc-reports@taylorsvillenc.com; fo=1

After a few weeks of reports, the policy can move to p=quarantine and then p=reject, which is what CISA recommends for government domains. Full step-by-step instructions: [GITHUB LINK]

If it would help, I'm glad to answer questions. I'll be re-checking all 609 domains in about thirty days to see how many have been secured, and I'd be glad to count yours.

Thank you,
Siddharth Santhosh
siddharthsann@gmail.com · 919-454-0875"
Taylortown,municipality,taylortownnc.gov,NO_DMARC,taylortownnc.gov,NO_DMARC,same,townadmin@taylortownnc.gov,Town Clerk,,Taylortown: your email domain can currently be spoofed (free 20-minute fix inside),"Hello,

I'm a high school senior in Cary. As an independent project, I checked the public email-security records of every NC school district and municipality, 609 in total, using standard DNS lookups. Nothing was sent to or accessed on your systems; these records are public by design.

Here is what I found for Taylortown:

taylortownnc.gov has no DMARC record at all.

What that means in practice: an email forged to look like it came from an @taylortownnc.gov address would not be rejected by the recipient's mail server. This is how business email compromise works, where a fake message from a director or manager asks a clerk to change a vendor's bank details. It is the most expensive category of cybercrime the FBI tracks, and local governments and school districts are frequent targets.

You are not alone: 68% of NC public bodies are in the same position.

The fix is free and takes about twenty minutes. The safe first step (monitoring mode) changes nothing about how your mail works today:

  Host:  _dmarc.taylortownnc.gov
  Type:  TXT
  Value: v=DMARC1; p=none; rua=mailto:dmarc-reports@taylortownnc.gov; fo=1

After a few weeks of reports, the policy can move to p=quarantine and then p=reject, which is what CISA recommends for government domains. Full step-by-step instructions: [GITHUB LINK]

If it would help, I'm glad to answer questions. I'll be re-checking all 609 domains in about thirty days to see how many have been secured, and I'd be glad to count yours.

Thank you,
Siddharth Santhosh
siddharthsann@gmail.com · 919-454-0875"
Tobaccoville,municipality,tobaccovillenc.org,NO_DMARC,tobaccovillenc.org,NO_DMARC,same,clerk@tobaccovillenc.org,Village Clerk,,Tobaccoville: your email domain can currently be spoofed (free 20-minute fix inside),"Hello,

I'm a high school senior in Cary. As an independent project, I checked the public email-security records of every NC school district and municipality, 609 in total, using standard DNS lookups. Nothing was sent to or accessed on your systems; these records are public by design.

Here is what I found for Tobaccoville:

tobaccovillenc.org has no DMARC record at all.

What that means in practice: an email forged to look like it came from an @tobaccovillenc.org address would not be rejected by the recipient's mail server. This is how business email compromise works, where a fake message from a director or manager asks a clerk to change a vendor's bank details. It is the most expensive category of cybercrime the FBI tracks, and local governments and school districts are frequent targets.

You are not alone: 68% of NC public bodies are in the same position.

The fix is free and takes about twenty minutes. The safe first step (monitoring mode) changes nothing about how your mail works today:

  Host:  _dmarc.tobaccovillenc.org
  Type:  TXT
  Value: v=DMARC1; p=none; rua=mailto:dmarc-reports@tobaccovillenc.org; fo=1

After a few weeks of reports, the policy can move to p=quarantine and then p=reject, which is what CISA recommends for government domains. Full step-by-step instructions: [GITHUB LINK]

If it would help, I'm glad to answer questions. I'll be re-checking all 609 domains in about thirty days to see how many have been secured, and I'd be glad to count yours.

Thank you,
Siddharth Santhosh
siddharthsann@gmail.com · 919-454-0875"
Trenton,municipality,townoftrenton.com,NO_DMARC,darlenespivey.com,NO_DMARC,both_bad,darlene@darlenespivey.com,General contact,,Trenton: your email domain can currently be spoofed (free 20-minute fix inside),"Hello,

I'm a high school senior in Cary. As an independent project, I checked the public email-security records of every NC school district and municipality, 609 in total, using standard DNS lookups. Nothing was sent to or accessed on your systems; these records are public by design.

Here is what I found for Trenton:

Both of your domains are affected. townoftrenton.com has no DMARC record at all. And your email domain: darlenespivey.com has no DMARC record at all.

What that means in practice: an email forged to look like it came from an @darlenespivey.com or @townoftrenton.com address would not be rejected by the recipient's mail server. This is how business email compromise works, where a fake message from a director or manager asks a clerk to change a vendor's bank details. It is the most expensive category of cybercrime the FBI tracks, and local governments and school districts are frequent targets.

You are not alone: 68% of NC public bodies are in the same position.

The fix is free and takes about twenty minutes. The safe first step (monitoring mode) changes nothing about how your mail works today:

  Host:  _dmarc.darlenespivey.com
  Type:  TXT
  Value: v=DMARC1; p=none; rua=mailto:dmarc-reports@darlenespivey.com; fo=1

and the same record for townoftrenton.com:
  Host:  _dmarc.townoftrenton.com
  Type:  TXT
  Value: v=DMARC1; p=none; rua=mailto:dmarc-reports@townoftrenton.com; fo=1

After a few weeks of reports, the policy can move to p=quarantine and then p=reject, which is what CISA recommends for government domains. Full step-by-step instructions: [GITHUB LINK]

If it would help, I'm glad to answer questions. I'll be re-checking all 609 domains in about thirty days to see how many have been secured, and I'd be glad to count yours.

Thank you,
Siddharth Santhosh
siddharthsann@gmail.com · 919-454-0875"
Trinity,municipality,trinity-nc.gov,NO_DMARC,trinity-nc.gov,NO_DMARC,same,cityhall@trinity-nc.gov,General contact,,Trinity: your email domain can currently be spoofed (free 20-minute fix inside),"Hello,

I'm a high school senior in Cary. As an independent project, I checked the public email-security records of every NC school district and municipality, 609 in total, using standard DNS lookups. Nothing was sent to or accessed on your systems; these records are public by design.

Here is what I found for Trinity:

trinity-nc.gov has no DMARC record at all.

What that means in practice: an email forged to look like it came from an @trinity-nc.gov address would not be rejected by the recipient's mail server. This is how business email compromise works, where a fake message from a director or manager asks a clerk to change a vendor's bank details. It is the most expensive category of cybercrime the FBI tracks, and local governments and school districts are frequent targets.

You are not alone: 68% of NC public bodies are in the same position.

The fix is free and takes about twenty minutes. The safe first step (monitoring mode) changes nothing about how your mail works today:

  Host:  _dmarc.trinity-nc.gov
  Type:  TXT
  Value: v=DMARC1; p=none; rua=mailto:dmarc-reports@trinity-nc.gov; fo=1

After a few weeks of reports, the policy can move to p=quarantine and then p=reject, which is what CISA recommends for government domains. Full step-by-step instructions: [GITHUB LINK]

If it would help, I'm glad to answer questions. I'll be re-checking all 609 domains in about thirty days to see how many have been secured, and I'd be glad to count yours.

Thank you,
Siddharth Santhosh
siddharthsann@gmail.com · 919-454-0875"
Troutman,municipality,troutmannc.gov,MONITOR_ONLY,troutmannc.gov,MONITOR_ONLY,same,kdavis@troutmannc.gov,Town Clerk,,Troutman: your email domain can currently be spoofed (free 20-minute fix inside),"Hello,

I'm a high school senior in Cary. As an independent project, I checked the public email-security records of every NC school district and municipality, 609 in total, using standard DNS lookups. Nothing was sent to or accessed on your systems; these records are public by design.

Here is what I found for Troutman:

troutmannc.gov has a DMARC record set to p=none, which reports forged mail but does not block it.

What that means in practice: an email forged to look like it came from an @troutmannc.gov address would not be rejected by the recipient's mail server. This is how business email compromise works, where a fake message from a director or manager asks a clerk to change a vendor's bank details. It is the most expensive category of cybercrime the FBI tracks, and local governments and school districts are frequent targets.

You are not alone: 68% of NC public bodies are in the same position.

The fix is free and takes about twenty minutes. The safe first step (monitoring mode) changes nothing about how your mail works today:

  Host:  _dmarc.troutmannc.gov
  Type:  TXT
  Value: v=DMARC1; p=none; rua=mailto:dmarc-reports@troutmannc.gov; fo=1

After a few weeks of reports, the policy can move to p=quarantine and then p=reject, which is what CISA recommends for government domains. Full step-by-step instructions: [GITHUB LINK]

If it would help, I'm glad to answer questions. I'll be re-checking all 609 domains in about thirty days to see how many have been secured, and I'd be glad to count yours.

Thank you,
Siddharth Santhosh
siddharthsann@gmail.com · 919-454-0875"
Tryon,municipality,tryonnc.gov,NO_DMARC,tryonnc.gov,NO_DMARC,same,dispatch@tryonnc.gov,General contact,,Tryon: your email domain can currently be spoofed (free 20-minute fix inside),"Hello,

I'm a high school senior in Cary. As an independent project, I checked the public email-security records of every NC school district and municipality, 609 in total, using standard DNS lookups. Nothing was sent to or accessed on your systems; these records are public by design.

Here is what I found for Tryon:

tryonnc.gov has no DMARC record at all.

What that means in practice: an email forged to look like it came from an @tryonnc.gov address would not be rejected by the recipient's mail server. This is how business email compromise works, where a fake message from a director or manager asks a clerk to change a vendor's bank details. It is the most expensive category of cybercrime the FBI tracks, and local governments and school districts are frequent targets.

You are not alone: 68% of NC public bodies are in the same position.

The fix is free and takes about twenty minutes. The safe first step (monitoring mode) changes nothing about how your mail works today:

  Host:  _dmarc.tryonnc.gov
  Type:  TXT
  Value: v=DMARC1; p=none; rua=mailto:dmarc-reports@tryonnc.gov; fo=1

After a few weeks of reports, the policy can move to p=quarantine and then p=reject, which is what CISA recommends for government domains. Full step-by-step instructions: [GITHUB LINK]

If it would help, I'm glad to answer questions. I'll be re-checking all 609 domains in about thirty days to see how many have been secured, and I'd be glad to count yours.

Thank you,
Siddharth Santhosh
siddharthsann@gmail.com · 919-454-0875"
Turkey,municipality,townofturkeync.com,NO_DMARC,centurylink.net,n/a (consumer provider),consumer,tfrack@centurylink.net,General contact,,Turkey: your email domain can currently be spoofed (free 20-minute fix inside),"Hello,

I'm a high school senior in Cary. As an independent project, I checked the public email-security records of every NC school district and municipality, 609 in total, using standard DNS lookups. Nothing was sent to or accessed on your systems; these records are public by design.

Here is what I found for Turkey:

townofturkeync.com has no DMARC record at all. (Your staff mail runs on centurylink.net, which is fine; this is about the town's own domain.)

What that means in practice: anyone can send an email that appears to come from an @townofturkeync.com address, and nothing tells the recipient it's fake. Attackers use unused domains exactly this way. This is how business email compromise works, where a fake message from a director or manager asks a clerk to change a vendor's bank details. It is the most expensive category of cybercrime the FBI tracks, and local governments and school districts are frequent targets.

You are not alone: 68% of NC public bodies are in the same position.

The fix is free and takes about twenty minutes. The safe first step (monitoring mode) changes nothing about how your mail works today:

  Host:  _dmarc.townofturkeync.com
  Type:  TXT
  Value: v=DMARC1; p=none; rua=mailto:dmarc-reports@townofturkeync.com; fo=1

After a few weeks of reports, the policy can move to p=quarantine and then p=reject, which is what CISA recommends for government domains. Full step-by-step instructions: [GITHUB LINK]

If it would help, I'm glad to answer questions. I'll be re-checking all 609 domains in about thirty days to see how many have been secured, and I'd be glad to count yours.

Thank you,
Siddharth Santhosh
siddharthsann@gmail.com · 919-454-0875"
Unionville,municipality,unionvillenc.org,MONITOR_ONLY,unionvillenc.org,MONITOR_ONLY,same,info@unionvillenc.org,General contact,,Unionville: your email domain can currently be spoofed (free 20-minute fix inside),"Hello,

I'm a high school senior in Cary. As an independent project, I checked the public email-security records of every NC school district and municipality, 609 in total, using standard DNS lookups. Nothing was sent to or accessed on your systems; these records are public by design.

Here is what I found for Unionville:

unionvillenc.org has a DMARC record set to p=none, which reports forged mail but does not block it.

What that means in practice: an email forged to look like it came from an @unionvillenc.org address would not be rejected by the recipient's mail server. This is how business email compromise works, where a fake message from a director or manager asks a clerk to change a vendor's bank details. It is the most expensive category of cybercrime the FBI tracks, and local governments and school districts are frequent targets.

You are not alone: 68% of NC public bodies are in the same position.

The fix is free and takes about twenty minutes. The safe first step (monitoring mode) changes nothing about how your mail works today:

  Host:  _dmarc.unionvillenc.org
  Type:  TXT
  Value: v=DMARC1; p=none; rua=mailto:dmarc-reports@unionvillenc.org; fo=1

After a few weeks of reports, the policy can move to p=quarantine and then p=reject, which is what CISA recommends for government domains. Full step-by-step instructions: [GITHUB LINK]

If it would help, I'm glad to answer questions. I'll be re-checking all 609 domains in about thirty days to see how many have been secured, and I'd be glad to count yours.

Thank you,
Siddharth Santhosh
siddharthsann@gmail.com · 919-454-0875"
Valdese,municipality,valdesenc.gov,MONITOR_ONLY,ci.valdese.nc.us,NO_DMARC,both_bad,Citizens-Request@ci.valdese.nc.us,General contact,,Valdese: your email domain can currently be spoofed (free 20-minute fix inside),"Hello,

I'm a high school senior in Cary. As an independent project, I checked the public email-security records of every NC school district and municipality, 609 in total, using standard DNS lookups. Nothing was sent to or accessed on your systems; these records are public by design.

Here is what I found for Valdese:

Both of your domains are affected. valdesenc.gov has a DMARC record set to p=none, which reports forged mail but does not block it. And your email domain: ci.valdese.nc.us has no DMARC record at all.

What that means in practice: an email forged to look like it came from an @ci.valdese.nc.us or @valdesenc.gov address would not be rejected by the recipient's mail server. This is how business email compromise works, where a fake message from a director or manager asks a clerk to change a vendor's bank details. It is the most expensive category of cybercrime the FBI tracks, and local governments and school districts are frequent targets.

You are not alone: 68% of NC public bodies are in the same position.

The fix is free and takes about twenty minutes. The safe first step (monitoring mode) changes nothing about how your mail works today:

  Host:  _dmarc.ci.valdese.nc.us
  Type:  TXT
  Value: v=DMARC1; p=none; rua=mailto:dmarc-reports@ci.valdese.nc.us; fo=1

and the same record for valdesenc.gov:
  Host:  _dmarc.valdesenc.gov
  Type:  TXT
  Value: v=DMARC1; p=none; rua=mailto:dmarc-reports@valdesenc.gov; fo=1

After a few weeks of reports, the policy can move to p=quarantine and then p=reject, which is what CISA recommends for government domains. Full step-by-step instructions: [GITHUB LINK]

If it would help, I'm glad to answer questions. I'll be re-checking all 609 domains in about thirty days to see how many have been secured, and I'd be glad to count yours.

Thank you,
Siddharth Santhosh
siddharthsann@gmail.com · 919-454-0875"
Vanceboro,municipality,vanceboronc.com,NO_DMARC,vanceboronc.com,NO_DMARC,same,beverlyd@vanceboronc.com,General contact,,Vanceboro: your email domain can currently be spoofed (free 20-minute fix inside),"Hello,

I'm a high school senior in Cary. As an independent project, I checked the public email-security records of every NC school district and municipality, 609 in total, using standard DNS lookups. Nothing was sent to or accessed on your systems; these records are public by design.

Here is what I found for Vanceboro:

vanceboronc.com has no DMARC record at all.

What that means in practice: an email forged to look like it came from an @vanceboronc.com address would not be rejected by the recipient's mail server. This is how business email compromise works, where a fake message from a director or manager asks a clerk to change a vendor's bank details. It is the most expensive category of cybercrime the FBI tracks, and local governments and school districts are frequent targets.

You are not alone: 68% of NC public bodies are in the same position.

The fix is free and takes about twenty minutes. The safe first step (monitoring mode) changes nothing about how your mail works today:

  Host:  _dmarc.vanceboronc.com
  Type:  TXT
  Value: v=DMARC1; p=none; rua=mailto:dmarc-reports@vanceboronc.com; fo=1

After a few weeks of reports, the policy can move to p=quarantine and then p=reject, which is what CISA recommends for government domains. Full step-by-step instructions: [GITHUB LINK]

If it would help, I'm glad to answer questions. I'll be re-checking all 609 domains in about thirty days to see how many have been secured, and I'd be glad to count yours.

Thank you,
Siddharth Santhosh
siddharthsann@gmail.com · 919-454-0875"
Vandemere,municipality,vandemerenc.com,NO_DMARC,outlook.com,n/a (consumer provider),consumer,vandemeremayor@outlook.com,General contact,,Vandemere: your email domain can currently be spoofed (free 20-minute fix inside),"Hello,

I'm a high school senior in Cary. As an independent project, I checked the public email-security records of every NC school district and municipality, 609 in total, using standard DNS lookups. Nothing was sent to or accessed on your systems; these records are public by design.

Here is what I found for Vandemere:

vandemerenc.com has no DMARC record at all. (Your staff mail runs on outlook.com, which is fine; this is about the town's own domain.)

What that means in practice: anyone can send an email that appears to come from an @vandemerenc.com address, and nothing tells the recipient it's fake. Attackers use unused domains exactly this way. This is how business email compromise works, where a fake message from a director or manager asks a clerk to change a vendor's bank details. It is the most expensive category of cybercrime the FBI tracks, and local governments and school districts are frequent targets.

You are not alone: 68% of NC public bodies are in the same position.

The fix is free and takes about twenty minutes. The safe first step (monitoring mode) changes nothing about how your mail works today:

  Host:  _dmarc.vandemerenc.com
  Type:  TXT
  Value: v=DMARC1; p=none; rua=mailto:dmarc-reports@vandemerenc.com; fo=1

After a few weeks of reports, the policy can move to p=quarantine and then p=reject, which is what CISA recommends for government domains. Full step-by-step instructions: [GITHUB LINK]

If it would help, I'm glad to answer questions. I'll be re-checking all 609 domains in about thirty days to see how many have been secured, and I'd be glad to count yours.

Thank you,
Siddharth Santhosh
siddharthsann@gmail.com · 919-454-0875"
Vass,municipality,townofvassnc.gov,NO_DMARC,townofvass.com,MONITOR_ONLY,both_bad,clewislemon@townofvass.com,Town Administrator/Clerk,,Vass: your email domain can currently be spoofed (free 20-minute fix inside),"Hello,

I'm a high school senior in Cary. As an independent project, I checked the public email-security records of every NC school district and municipality, 609 in total, using standard DNS lookups. Nothing was sent to or accessed on your systems; these records are public by design.

Here is what I found for Vass:

Both of your domains are affected. townofvassnc.gov has no DMARC record at all. And your email domain: townofvass.com has a DMARC record set to p=none, which reports forged mail but does not block it.

What that means in practice: an email forged to look like it came from an @townofvass.com or @townofvassnc.gov address would not be rejected by the recipient's mail server. This is how business email compromise works, where a fake message from a director or manager asks a clerk to change a vendor's bank details. It is the most expensive category of cybercrime the FBI tracks, and local governments and school districts are frequent targets.

You are not alone: 68% of NC public bodies are in the same position.

The fix is free and takes about twenty minutes. The safe first step (monitoring mode) changes nothing about how your mail works today:

  Host:  _dmarc.townofvass.com
  Type:  TXT
  Value: v=DMARC1; p=none; rua=mailto:dmarc-reports@townofvass.com; fo=1

and the same record for townofvassnc.gov:
  Host:  _dmarc.townofvassnc.gov
  Type:  TXT
  Value: v=DMARC1; p=none; rua=mailto:dmarc-reports@townofvassnc.gov; fo=1

After a few weeks of reports, the policy can move to p=quarantine and then p=reject, which is what CISA recommends for government domains. Full step-by-step instructions: [GITHUB LINK]

If it would help, I'm glad to answer questions. I'll be re-checking all 609 domains in about thirty days to see how many have been secured, and I'd be glad to count yours.

Thank you,
Siddharth Santhosh
siddharthsann@gmail.com · 919-454-0875"
Waco,municipality,townofwaco.com,NO_DMARC,bellsouth.net,n/a (consumer provider),consumer,lott3171@bellsouth.net,Town Clerk,,Waco: your email domain can currently be spoofed (free 20-minute fix inside),"Hello,

I'm a high school senior in Cary. As an independent project, I checked the public email-security records of every NC school district and municipality, 609 in total, using standard DNS lookups. Nothing was sent to or accessed on your systems; these records are public by design.

Here is what I found for Waco:

townofwaco.com has no DMARC record at all. (Your staff mail runs on bellsouth.net, which is fine; this is about the town's own domain.)

What that means in practice: anyone can send an email that appears to come from an @townofwaco.com address, and nothing tells the recipient it's fake. Attackers use unused domains exactly this way. This is how business email compromise works, where a fake message from a director or manager asks a clerk to change a vendor's bank details. It is the most expensive category of cybercrime the FBI tracks, and local governments and school districts are frequent targets.

You are not alone: 68% of NC public bodies are in the same position.

The fix is free and takes about twenty minutes. The safe first step (monitoring mode) changes nothing about how your mail works today:

  Host:  _dmarc.townofwaco.com
  Type:  TXT
  Value: v=DMARC1; p=none; rua=mailto:dmarc-reports@townofwaco.com; fo=1

After a few weeks of reports, the policy can move to p=quarantine and then p=reject, which is what CISA recommends for government domains. Full step-by-step instructions: [GITHUB LINK]

If it would help, I'm glad to answer questions. I'll be re-checking all 609 domains in about thirty days to see how many have been secured, and I'd be glad to count yours.

Thank you,
Siddharth Santhosh
siddharthsann@gmail.com · 919-454-0875"
Wade,municipality,wadenc.com,NO_DMARC,nc.rr.com,n/a (consumer provider),consumer,townofwade@nc.rr.com,General contact,,Wade: your email domain can currently be spoofed (free 20-minute fix inside),"Hello,

I'm a high school senior in Cary. As an independent project, I checked the public email-security records of every NC school district and municipality, 609 in total, using standard DNS lookups. Nothing was sent to or accessed on your systems; these records are public by design.

Here is what I found for Wade:

wadenc.com has no DMARC record at all. (Your staff mail runs on nc.rr.com, which is fine; this is about the town's own domain.)

What that means in practice: anyone can send an email that appears to come from an @wadenc.com address, and nothing tells the recipient it's fake. Attackers use unused domains exactly this way. This is how business email compromise works, where a fake message from a director or manager asks a clerk to change a vendor's bank details. It is the most expensive category of cybercrime the FBI tracks, and local governments and school districts are frequent targets.

You are not alone: 68% of NC public bodies are in the same position.

The fix is free and takes about twenty minutes. The safe first step (monitoring mode) changes nothing about how your mail works today:

  Host:  _dmarc.wadenc.com
  Type:  TXT
  Value: v=DMARC1; p=none; rua=mailto:dmarc-reports@wadenc.com; fo=1

After a few weeks of reports, the policy can move to p=quarantine and then p=reject, which is what CISA recommends for government domains. Full step-by-step instructions: [GITHUB LINK]

If it would help, I'm glad to answer questions. I'll be re-checking all 609 domains in about thirty days to see how many have been secured, and I'd be glad to count yours.

Thank you,
Siddharth Santhosh
siddharthsann@gmail.com · 919-454-0875"
Wadesboro,municipality,wadesboronc.gov,MONITOR_ONLY,wadesboronc.gov,MONITOR_ONLY,same,dcox@wadesboronc.gov,Town Clerk,,Wadesboro: your email domain can currently be spoofed (free 20-minute fix inside),"Hello,

I'm a high school senior in Cary. As an independent project, I checked the public email-security records of every NC school district and municipality, 609 in total, using standard DNS lookups. Nothing was sent to or accessed on your systems; these records are public by design.

Here is what I found for Wadesboro:

wadesboronc.gov has a DMARC record set to p=none, which reports forged mail but does not block it.

What that means in practice: an email forged to look like it came from an @wadesboronc.gov address would not be rejected by the recipient's mail server. This is how business email compromise works, where a fake message from a director or manager asks a clerk to change a vendor's bank details. It is the most expensive category of cybercrime the FBI tracks, and local governments and school districts are frequent targets.

You are not alone: 68% of NC public bodies are in the same position.

The fix is free and takes about twenty minutes. The safe first step (monitoring mode) changes nothing about how your mail works today:

  Host:  _dmarc.wadesboronc.gov
  Type:  TXT
  Value: v=DMARC1; p=none; rua=mailto:dmarc-reports@wadesboronc.gov; fo=1

After a few weeks of reports, the policy can move to p=quarantine and then p=reject, which is what CISA recommends for government domains. Full step-by-step instructions: [GITHUB LINK]

If it would help, I'm glad to answer questions. I'll be re-checking all 609 domains in about thirty days to see how many have been secured, and I'd be glad to count yours.

Thank you,
Siddharth Santhosh
siddharthsann@gmail.com · 919-454-0875"
Wagram,municipality,townofwagram.net,NO_DMARC,townofwagram.gov,ENFORCED_REJECT,mail_ok,TownClerk@Townofwagram.gov,Town Clerk,,Wagram: your email domain can currently be spoofed (free 20-minute fix inside),"Hello,

I'm a high school senior in Cary. As an independent project, I checked the public email-security records of every NC school district and municipality, 609 in total, using standard DNS lookups. Nothing was sent to or accessed on your systems; these records are public by design.

Here is what I found for Wagram:

Good news first: your email domain townofwagram.gov is properly protected (DMARC reject). But townofwagram.net has no DMARC record at all.

What that means in practice: someone can still send mail that appears to come from an @townofwagram.net address, which most recipients won't distinguish from your real one. This is how business email compromise works, where a fake message from a director or manager asks a clerk to change a vendor's bank details. It is the most expensive category of cybercrime the FBI tracks, and local governments and school districts are frequent targets.

You are not alone: 68% of NC public bodies are in the same position.

The fix is free and takes about twenty minutes. The safe first step (monitoring mode) changes nothing about how your mail works today:

  Host:  _dmarc.townofwagram.net
  Type:  TXT
  Value: v=DMARC1; p=none; rua=mailto:dmarc-reports@townofwagram.net; fo=1

After a few weeks of reports, the policy can move to p=quarantine and then p=reject, which is what CISA recommends for government domains. Full step-by-step instructions: [GITHUB LINK]

If it would help, I'm glad to answer questions. I'll be re-checking all 609 domains in about thirty days to see how many have been secured, and I'd be glad to count yours.

Thank you,
Siddharth Santhosh
siddharthsann@gmail.com · 919-454-0875"
Wallace,municipality,wallacenc.gov,MONITOR_ONLY,wallacenc.gov,MONITOR_ONLY,same,mail@wallacenc.gov,General contact (Administration),,Wallace: your email domain can currently be spoofed (free 20-minute fix inside),"Hello,

I'm a high school senior in Cary. As an independent project, I checked the public email-security records of every NC school district and municipality, 609 in total, using standard DNS lookups. Nothing was sent to or accessed on your systems; these records are public by design.

Here is what I found for Wallace:

wallacenc.gov has a DMARC record set to p=none, which reports forged mail but does not block it.

What that means in practice: an email forged to look like it came from an @wallacenc.gov address would not be rejected by the recipient's mail server. This is how business email compromise works, where a fake message from a director or manager asks a clerk to change a vendor's bank details. It is the most expensive category of cybercrime the FBI tracks, and local governments and school districts are frequent targets.

You are not alone: 68% of NC public bodies are in the same position.

The fix is free and takes about twenty minutes. The safe first step (monitoring mode) changes nothing about how your mail works today:

  Host:  _dmarc.wallacenc.gov
  Type:  TXT
  Value: v=DMARC1; p=none; rua=mailto:dmarc-reports@wallacenc.gov; fo=1

After a few weeks of reports, the policy can move to p=quarantine and then p=reject, which is what CISA recommends for government domains. Full step-by-step instructions: [GITHUB LINK]

If it would help, I'm glad to answer questions. I'll be re-checking all 609 domains in about thirty days to see how many have been secured, and I'd be glad to count yours.

Thank you,
Siddharth Santhosh
siddharthsann@gmail.com · 919-454-0875"
Wallburg,municipality,townofwallburg.com,NO_DMARC,townofwallburg.com,NO_DMARC,same,webmaster@townofwallburg.com,Webmaster / website issues,,Wallburg: your email domain can currently be spoofed (free 20-minute fix inside),"Hello,

I'm a high school senior in Cary. As an independent project, I checked the public email-security records of every NC school district and municipality, 609 in total, using standard DNS lookups. Nothing was sent to or accessed on your systems; these records are public by design.

Here is what I found for Wallburg:

townofwallburg.com has no DMARC record at all.

What that means in practice: an email forged to look like it came from an @townofwallburg.com address would not be rejected by the recipient's mail server. This is how business email compromise works, where a fake message from a director or manager asks a clerk to change a vendor's bank details. It is the most expensive category of cybercrime the FBI tracks, and local governments and school districts are frequent targets.

You are not alone: 68% of NC public bodies are in the same position.

The fix is free and takes about twenty minutes. The safe first step (monitoring mode) changes nothing about how your mail works today:

  Host:  _dmarc.townofwallburg.com
  Type:  TXT
  Value: v=DMARC1; p=none; rua=mailto:dmarc-reports@townofwallburg.com; fo=1

After a few weeks of reports, the policy can move to p=quarantine and then p=reject, which is what CISA recommends for government domains. Full step-by-step instructions: [GITHUB LINK]

If it would help, I'm glad to answer questions. I'll be re-checking all 609 domains in about thirty days to see how many have been secured, and I'd be glad to count yours.

Thank you,
Siddharth Santhosh
siddharthsann@gmail.com · 919-454-0875"
Walnut Cove,municipality,townofwalnutcove.org,NO_DMARC,townofwalnutcove.org,NO_DMARC,same,admin@townofwalnutcove.org,General contact (Administration),,Walnut Cove: your email domain can currently be spoofed (free 20-minute fix inside),"Hello,

I'm a high school senior in Cary. As an independent project, I checked the public email-security records of every NC school district and municipality, 609 in total, using standard DNS lookups. Nothing was sent to or accessed on your systems; these records are public by design.

Here is what I found for Walnut Cove:

townofwalnutcove.org has no DMARC record at all.

What that means in practice: an email forged to look like it came from an @townofwalnutcove.org address would not be rejected by the recipient's mail server. This is how business email compromise works, where a fake message from a director or manager asks a clerk to change a vendor's bank details. It is the most expensive category of cybercrime the FBI tracks, and local governments and school districts are frequent targets.

You are not alone: 68% of NC public bodies are in the same position.

The fix is free and takes about twenty minutes. The safe first step (monitoring mode) changes nothing about how your mail works today:

  Host:  _dmarc.townofwalnutcove.org
  Type:  TXT
  Value: v=DMARC1; p=none; rua=mailto:dmarc-reports@townofwalnutcove.org; fo=1

After a few weeks of reports, the policy can move to p=quarantine and then p=reject, which is what CISA recommends for government domains. Full step-by-step instructions: [GITHUB LINK]

If it would help, I'm glad to answer questions. I'll be re-checking all 609 domains in about thirty days to see how many have been secured, and I'd be glad to count yours.

Thank you,
Siddharth Santhosh
siddharthsann@gmail.com · 919-454-0875"
Walnut Creek,municipality,walnutcreeknc.com,NO_DMARC,walnutcreeknc.com,NO_DMARC,same,clerk@walnutcreeknc.com,Village Clerk,,Walnut Creek: your email domain can currently be spoofed (free 20-minute fix inside),"Hello,

I'm a high school senior in Cary. As an independent project, I checked the public email-security records of every NC school district and municipality, 609 in total, using standard DNS lookups. Nothing was sent to or accessed on your systems; these records are public by design.

Here is what I found for Walnut Creek:

walnutcreeknc.com has no DMARC record at all.

What that means in practice: an email forged to look like it came from an @walnutcreeknc.com address would not be rejected by the recipient's mail server. This is how business email compromise works, where a fake message from a director or manager asks a clerk to change a vendor's bank details. It is the most expensive category of cybercrime the FBI tracks, and local governments and school districts are frequent targets.

You are not alone: 68% of NC public bodies are in the same position.

The fix is free and takes about twenty minutes. The safe first step (monitoring mode) changes nothing about how your mail works today:

  Host:  _dmarc.walnutcreeknc.com
  Type:  TXT
  Value: v=DMARC1; p=none; rua=mailto:dmarc-reports@walnutcreeknc.com; fo=1

After a few weeks of reports, the policy can move to p=quarantine and then p=reject, which is what CISA recommends for government domains. Full step-by-step instructions: [GITHUB LINK]

If it would help, I'm glad to answer questions. I'll be re-checking all 609 domains in about thirty days to see how many have been secured, and I'd be glad to count yours.

Thank you,
Siddharth Santhosh
siddharthsann@gmail.com · 919-454-0875"
Warsaw,municipality,townofwarsawnc.com,NO_DMARC,townofwarsawnc.com,NO_DMARC,same,finance@townofwarsawnc.com,Finance Officer / Town Clerk,,Warsaw: your email domain can currently be spoofed (free 20-minute fix inside),"Hello,

I'm a high school senior in Cary. As an independent project, I checked the public email-security records of every NC school district and municipality, 609 in total, using standard DNS lookups. Nothing was sent to or accessed on your systems; these records are public by design.

Here is what I found for Warsaw:

townofwarsawnc.com has no DMARC record at all.

What that means in practice: an email forged to look like it came from an @townofwarsawnc.com address would not be rejected by the recipient's mail server. This is how business email compromise works, where a fake message from a director or manager asks a clerk to change a vendor's bank details. It is the most expensive category of cybercrime the FBI tracks, and local governments and school districts are frequent targets.

You are not alone: 68% of NC public bodies are in the same position.

The fix is free and takes about twenty minutes. The safe first step (monitoring mode) changes nothing about how your mail works today:

  Host:  _dmarc.townofwarsawnc.com
  Type:  TXT
  Value: v=DMARC1; p=none; rua=mailto:dmarc-reports@townofwarsawnc.com; fo=1

After a few weeks of reports, the policy can move to p=quarantine and then p=reject, which is what CISA recommends for government domains. Full step-by-step instructions: [GITHUB LINK]

If it would help, I'm glad to answer questions. I'll be re-checking all 609 domains in about thirty days to see how many have been secured, and I'd be glad to count yours.

Thank you,
Siddharth Santhosh
siddharthsann@gmail.com · 919-454-0875"
Waynesville,municipality,waynesvillenc.gov,NO_DMARC,waynesvillenc.gov,NO_DMARC,same,cpoolton@waynesvillenc.gov,Town Clerk,,Waynesville: your email domain can currently be spoofed (free 20-minute fix inside),"Hello,

I'm a high school senior in Cary. As an independent project, I checked the public email-security records of every NC school district and municipality, 609 in total, using standard DNS lookups. Nothing was sent to or accessed on your systems; these records are public by design.

Here is what I found for Waynesville:

waynesvillenc.gov has no DMARC record at all.

What that means in practice: an email forged to look like it came from an @waynesvillenc.gov address would not be rejected by the recipient's mail server. This is how business email compromise works, where a fake message from a director or manager asks a clerk to change a vendor's bank details. It is the most expensive category of cybercrime the FBI tracks, and local governments and school districts are frequent targets.

You are not alone: 68% of NC public bodies are in the same position.

The fix is free and takes about twenty minutes. The safe first step (monitoring mode) changes nothing about how your mail works today:

  Host:  _dmarc.waynesvillenc.gov
  Type:  TXT
  Value: v=DMARC1; p=none; rua=mailto:dmarc-reports@waynesvillenc.gov; fo=1

After a few weeks of reports, the policy can move to p=quarantine and then p=reject, which is what CISA recommends for government domains. Full step-by-step instructions: [GITHUB LINK]

If it would help, I'm glad to answer questions. I'll be re-checking all 609 domains in about thirty days to see how many have been secured, and I'd be glad to count yours.

Thank you,
Siddharth Santhosh
siddharthsann@gmail.com · 919-454-0875"
Weaverville,municipality,weavervillenc.org,MONITOR_ONLY,weavervillenc.org,MONITOR_ONLY,same,sharris@weavervillenc.org,Town Manager,,Weaverville: your email domain can currently be spoofed (free 20-minute fix inside),"Hello,

I'm a high school senior in Cary. As an independent project, I checked the public email-security records of every NC school district and municipality, 609 in total, using standard DNS lookups. Nothing was sent to or accessed on your systems; these records are public by design.

Here is what I found for Weaverville:

weavervillenc.org has a DMARC record set to p=none, which reports forged mail but does not block it.

What that means in practice: an email forged to look like it came from an @weavervillenc.org address would not be rejected by the recipient's mail server. This is how business email compromise works, where a fake message from a director or manager asks a clerk to change a vendor's bank details. It is the most expensive category of cybercrime the FBI tracks, and local governments and school districts are frequent targets.

You are not alone: 68% of NC public bodies are in the same position.

The fix is free and takes about twenty minutes. The safe first step (monitoring mode) changes nothing about how your mail works today:

  Host:  _dmarc.weavervillenc.org
  Type:  TXT
  Value: v=DMARC1; p=none; rua=mailto:dmarc-reports@weavervillenc.org; fo=1

After a few weeks of reports, the policy can move to p=quarantine and then p=reject, which is what CISA recommends for government domains. Full step-by-step instructions: [GITHUB LINK]

If it would help, I'm glad to answer questions. I'll be re-checking all 609 domains in about thirty days to see how many have been secured, and I'd be glad to count yours.

Thank you,
Siddharth Santhosh
siddharthsann@gmail.com · 919-454-0875"
Webster,municipality,townofwebster.org,NO_DMARC,townofwebster.org,NO_DMARC,same,info@townofwebster.org,General contact,,Webster: your email domain can currently be spoofed (free 20-minute fix inside),"Hello,

I'm a high school senior in Cary. As an independent project, I checked the public email-security records of every NC school district and municipality, 609 in total, using standard DNS lookups. Nothing was sent to or accessed on your systems; these records are public by design.

Here is what I found for Webster:

townofwebster.org has no DMARC record at all.

What that means in practice: an email forged to look like it came from an @townofwebster.org address would not be rejected by the recipient's mail server. This is how business email compromise works, where a fake message from a director or manager asks a clerk to change a vendor's bank details. It is the most expensive category of cybercrime the FBI tracks, and local governments and school districts are frequent targets.

You are not alone: 68% of NC public bodies are in the same position.

The fix is free and takes about twenty minutes. The safe first step (monitoring mode) changes nothing about how your mail works today:

  Host:  _dmarc.townofwebster.org
  Type:  TXT
  Value: v=DMARC1; p=none; rua=mailto:dmarc-reports@townofwebster.org; fo=1

After a few weeks of reports, the policy can move to p=quarantine and then p=reject, which is what CISA recommends for government domains. Full step-by-step instructions: [GITHUB LINK]

If it would help, I'm glad to answer questions. I'll be re-checking all 609 domains in about thirty days to see how many have been secured, and I'd be glad to count yours.

Thank you,
Siddharth Santhosh
siddharthsann@gmail.com · 919-454-0875"
Weldon,municipality,historicweldonnc.com,MONITOR_ONLY,historicweldonnc.com,MONITOR_ONLY,same,qjohnson@historicweldonnc.com,Town Clerk,,Weldon: your email domain can currently be spoofed (free 20-minute fix inside),"Hello,

I'm a high school senior in Cary. As an independent project, I checked the public email-security records of every NC school district and municipality, 609 in total, using standard DNS lookups. Nothing was sent to or accessed on your systems; these records are public by design.

Here is what I found for Weldon:

historicweldonnc.com has a DMARC record set to p=none, which reports forged mail but does not block it.

What that means in practice: an email forged to look like it came from an @historicweldonnc.com address would not be rejected by the recipient's mail server. This is how business email compromise works, where a fake message from a director or manager asks a clerk to change a vendor's bank details. It is the most expensive category of cybercrime the FBI tracks, and local governments and school districts are frequent targets.

You are not alone: 68% of NC public bodies are in the same position.

The fix is free and takes about twenty minutes. The safe first step (monitoring mode) changes nothing about how your mail works today:

  Host:  _dmarc.historicweldonnc.com
  Type:  TXT
  Value: v=DMARC1; p=none; rua=mailto:dmarc-reports@historicweldonnc.com; fo=1

After a few weeks of reports, the policy can move to p=quarantine and then p=reject, which is what CISA recommends for government domains. Full step-by-step instructions: [GITHUB LINK]

If it would help, I'm glad to answer questions. I'll be re-checking all 609 domains in about thirty days to see how many have been secured, and I'd be glad to count yours.

Thank you,
Siddharth Santhosh
siddharthsann@gmail.com · 919-454-0875"
Wentworth,municipality,townofwentworth.com,NO_DMARC,townofwentworth.com,NO_DMARC,same,townhall@townofwentworth.com,Town Clerk,,Wentworth: your email domain can currently be spoofed (free 20-minute fix inside),"Hello,

I'm a high school senior in Cary. As an independent project, I checked the public email-security records of every NC school district and municipality, 609 in total, using standard DNS lookups. Nothing was sent to or accessed on your systems; these records are public by design.

Here is what I found for Wentworth:

townofwentworth.com has no DMARC record at all.

What that means in practice: an email forged to look like it came from an @townofwentworth.com address would not be rejected by the recipient's mail server. This is how business email compromise works, where a fake message from a director or manager asks a clerk to change a vendor's bank details. It is the most expensive category of cybercrime the FBI tracks, and local governments and school districts are frequent targets.

You are not alone: 68% of NC public bodies are in the same position.

The fix is free and takes about twenty minutes. The safe first step (monitoring mode) changes nothing about how your mail works today:

  Host:  _dmarc.townofwentworth.com
  Type:  TXT
  Value: v=DMARC1; p=none; rua=mailto:dmarc-reports@townofwentworth.com; fo=1

After a few weeks of reports, the policy can move to p=quarantine and then p=reject, which is what CISA recommends for government domains. Full step-by-step instructions: [GITHUB LINK]

If it would help, I'm glad to answer questions. I'll be re-checking all 609 domains in about thirty days to see how many have been secured, and I'd be glad to count yours.

Thank you,
Siddharth Santhosh
siddharthsann@gmail.com · 919-454-0875"
Whispering Pines,municipality,vwpnc.org,NO_DMARC,vwpnc.org,NO_DMARC,same,clerk@vwpnc.org,Village Clerk,,Whispering Pines: your email domain can currently be spoofed (free 20-minute fix inside),"Hello,

I'm a high school senior in Cary. As an independent project, I checked the public email-security records of every NC school district and municipality, 609 in total, using standard DNS lookups. Nothing was sent to or accessed on your systems; these records are public by design.

Here is what I found for Whispering Pines:

vwpnc.org has no DMARC record at all.

What that means in practice: an email forged to look like it came from an @vwpnc.org address would not be rejected by the recipient's mail server. This is how business email compromise works, where a fake message from a director or manager asks a clerk to change a vendor's bank details. It is the most expensive category of cybercrime the FBI tracks, and local governments and school districts are frequent targets.

You are not alone: 68% of NC public bodies are in the same position.

The fix is free and takes about twenty minutes. The safe first step (monitoring mode) changes nothing about how your mail works today:

  Host:  _dmarc.vwpnc.org
  Type:  TXT
  Value: v=DMARC1; p=none; rua=mailto:dmarc-reports@vwpnc.org; fo=1

After a few weeks of reports, the policy can move to p=quarantine and then p=reject, which is what CISA recommends for government domains. Full step-by-step instructions: [GITHUB LINK]

If it would help, I'm glad to answer questions. I'll be re-checking all 609 domains in about thirty days to see how many have been secured, and I'd be glad to count yours.

Thank you,
Siddharth Santhosh
siddharthsann@gmail.com · 919-454-0875"
Whitakers,municipality,townofwhitakers.org,NO_DMARC,townofwhitakers.org,NO_DMARC,same,tgray@townofwhitakers.org,Town Clerk,,Whitakers: your email domain can currently be spoofed (free 20-minute fix inside),"Hello,

I'm a high school senior in Cary. As an independent project, I checked the public email-security records of every NC school district and municipality, 609 in total, using standard DNS lookups. Nothing was sent to or accessed on your systems; these records are public by design.

Here is what I found for Whitakers:

townofwhitakers.org has no DMARC record at all.

What that means in practice: an email forged to look like it came from an @townofwhitakers.org address would not be rejected by the recipient's mail server. This is how business email compromise works, where a fake message from a director or manager asks a clerk to change a vendor's bank details. It is the most expensive category of cybercrime the FBI tracks, and local governments and school districts are frequent targets.

You are not alone: 68% of NC public bodies are in the same position.

The fix is free and takes about twenty minutes. The safe first step (monitoring mode) changes nothing about how your mail works today:

  Host:  _dmarc.townofwhitakers.org
  Type:  TXT
  Value: v=DMARC1; p=none; rua=mailto:dmarc-reports@townofwhitakers.org; fo=1

After a few weeks of reports, the policy can move to p=quarantine and then p=reject, which is what CISA recommends for government domains. Full step-by-step instructions: [GITHUB LINK]

If it would help, I'm glad to answer questions. I'll be re-checking all 609 domains in about thirty days to see how many have been secured, and I'd be glad to count yours.

Thank you,
Siddharth Santhosh
siddharthsann@gmail.com · 919-454-0875"
White Lake,municipality,whitelakenc.org,NO_DMARC,whitelakenc.org,NO_DMARC,same,tsmith@whitelakenc.org,Town Clerk,,White Lake: your email domain can currently be spoofed (free 20-minute fix inside),"Hello,

I'm a high school senior in Cary. As an independent project, I checked the public email-security records of every NC school district and municipality, 609 in total, using standard DNS lookups. Nothing was sent to or accessed on your systems; these records are public by design.

Here is what I found for White Lake:

whitelakenc.org has no DMARC record at all.

What that means in practice: an email forged to look like it came from an @whitelakenc.org address would not be rejected by the recipient's mail server. This is how business email compromise works, where a fake message from a director or manager asks a clerk to change a vendor's bank details. It is the most expensive category of cybercrime the FBI tracks, and local governments and school districts are frequent targets.

You are not alone: 68% of NC public bodies are in the same position.

The fix is free and takes about twenty minutes. The safe first step (monitoring mode) changes nothing about how your mail works today:

  Host:  _dmarc.whitelakenc.org
  Type:  TXT
  Value: v=DMARC1; p=none; rua=mailto:dmarc-reports@whitelakenc.org; fo=1

After a few weeks of reports, the policy can move to p=quarantine and then p=reject, which is what CISA recommends for government domains. Full step-by-step instructions: [GITHUB LINK]

If it would help, I'm glad to answer questions. I'll be re-checking all 609 domains in about thirty days to see how many have been secured, and I'd be glad to count yours.

Thank you,
Siddharth Santhosh
siddharthsann@gmail.com · 919-454-0875"
Whiteville,municipality,whitevillenc.gov,MONITOR_ONLY,ci.whiteville.nc.us,ENFORCED_QUARANTINE,mail_ok,hdowless@ci.whiteville.nc.us,City Clerk,,Whiteville: your email domain can currently be spoofed (free 20-minute fix inside),"Hello,

I'm a high school senior in Cary. As an independent project, I checked the public email-security records of every NC school district and municipality, 609 in total, using standard DNS lookups. Nothing was sent to or accessed on your systems; these records are public by design.

Here is what I found for Whiteville:

Good news first: your email domain ci.whiteville.nc.us is properly protected (DMARC quarantine). But whitevillenc.gov has a DMARC record set to p=none, which reports forged mail but does not block it.

What that means in practice: someone can still send mail that appears to come from an @whitevillenc.gov address, which most recipients won't distinguish from your real one. This is how business email compromise works, where a fake message from a director or manager asks a clerk to change a vendor's bank details. It is the most expensive category of cybercrime the FBI tracks, and local governments and school districts are frequent targets.

You are not alone: 68% of NC public bodies are in the same position.

The fix is free and takes about twenty minutes. The safe first step (monitoring mode) changes nothing about how your mail works today:

  Host:  _dmarc.whitevillenc.gov
  Type:  TXT
  Value: v=DMARC1; p=none; rua=mailto:dmarc-reports@whitevillenc.gov; fo=1

After a few weeks of reports, the policy can move to p=quarantine and then p=reject, which is what CISA recommends for government domains. Full step-by-step instructions: [GITHUB LINK]

If it would help, I'm glad to answer questions. I'll be re-checking all 609 domains in about thirty days to see how many have been secured, and I'd be glad to count yours.

Thank you,
Siddharth Santhosh
siddharthsann@gmail.com · 919-454-0875"
Whitsett,municipality,whitsettnc.com,NO_DMARC,whitsettnc.com,NO_DMARC,same,townhall@whitsettnc.com,General contact,,Whitsett: your email domain can currently be spoofed (free 20-minute fix inside),"Hello,

I'm a high school senior in Cary. As an independent project, I checked the public email-security records of every NC school district and municipality, 609 in total, using standard DNS lookups. Nothing was sent to or accessed on your systems; these records are public by design.

Here is what I found for Whitsett:

whitsettnc.com has no DMARC record at all.

What that means in practice: an email forged to look like it came from an @whitsettnc.com address would not be rejected by the recipient's mail server. This is how business email compromise works, where a fake message from a director or manager asks a clerk to change a vendor's bank details. It is the most expensive category of cybercrime the FBI tracks, and local governments and school districts are frequent targets.

You are not alone: 68% of NC public bodies are in the same position.

The fix is free and takes about twenty minutes. The safe first step (monitoring mode) changes nothing about how your mail works today:

  Host:  _dmarc.whitsettnc.com
  Type:  TXT
  Value: v=DMARC1; p=none; rua=mailto:dmarc-reports@whitsettnc.com; fo=1

After a few weeks of reports, the policy can move to p=quarantine and then p=reject, which is what CISA recommends for government domains. Full step-by-step instructions: [GITHUB LINK]

If it would help, I'm glad to answer questions. I'll be re-checking all 609 domains in about thirty days to see how many have been secured, and I'd be glad to count yours.

Thank you,
Siddharth Santhosh
siddharthsann@gmail.com · 919-454-0875"
Wilkesboro,municipality,wilkesboronc.org,MONITOR_ONLY,wilkesboronc.org,MONITOR_ONLY,same,webadmin@wilkesboronc.org,Web Administrator,,Wilkesboro: your email domain can currently be spoofed (free 20-minute fix inside),"Hello,

I'm a high school senior in Cary. As an independent project, I checked the public email-security records of every NC school district and municipality, 609 in total, using standard DNS lookups. Nothing was sent to or accessed on your systems; these records are public by design.

Here is what I found for Wilkesboro:

wilkesboronc.org has a DMARC record set to p=none, which reports forged mail but does not block it.

What that means in practice: an email forged to look like it came from an @wilkesboronc.org address would not be rejected by the recipient's mail server. This is how business email compromise works, where a fake message from a director or manager asks a clerk to change a vendor's bank details. It is the most expensive category of cybercrime the FBI tracks, and local governments and school districts are frequent targets.

You are not alone: 68% of NC public bodies are in the same position.

The fix is free and takes about twenty minutes. The safe first step (monitoring mode) changes nothing about how your mail works today:

  Host:  _dmarc.wilkesboronc.org
  Type:  TXT
  Value: v=DMARC1; p=none; rua=mailto:dmarc-reports@wilkesboronc.org; fo=1

After a few weeks of reports, the policy can move to p=quarantine and then p=reject, which is what CISA recommends for government domains. Full step-by-step instructions: [GITHUB LINK]

If it would help, I'm glad to answer questions. I'll be re-checking all 609 domains in about thirty days to see how many have been secured, and I'd be glad to count yours.

Thank you,
Siddharth Santhosh
siddharthsann@gmail.com · 919-454-0875"
Williamston,municipality,townofwilliamston.com,NO_DMARC,townofwilliamston.com,NO_DMARC,same,jescobar@townofwilliamston.com,Town Clerk,,Williamston: your email domain can currently be spoofed (free 20-minute fix inside),"Hello,

I'm a high school senior in Cary. As an independent project, I checked the public email-security records of every NC school district and municipality, 609 in total, using standard DNS lookups. Nothing was sent to or accessed on your systems; these records are public by design.

Here is what I found for Williamston:

townofwilliamston.com has no DMARC record at all.

What that means in practice: an email forged to look like it came from an @townofwilliamston.com address would not be rejected by the recipient's mail server. This is how business email compromise works, where a fake message from a director or manager asks a clerk to change a vendor's bank details. It is the most expensive category of cybercrime the FBI tracks, and local governments and school districts are frequent targets.

You are not alone: 68% of NC public bodies are in the same position.

The fix is free and takes about twenty minutes. The safe first step (monitoring mode) changes nothing about how your mail works today:

  Host:  _dmarc.townofwilliamston.com
  Type:  TXT
  Value: v=DMARC1; p=none; rua=mailto:dmarc-reports@townofwilliamston.com; fo=1

After a few weeks of reports, the policy can move to p=quarantine and then p=reject, which is what CISA recommends for government domains. Full step-by-step instructions: [GITHUB LINK]

If it would help, I'm glad to answer questions. I'll be re-checking all 609 domains in about thirty days to see how many have been secured, and I'd be glad to count yours.

Thank you,
Siddharth Santhosh
siddharthsann@gmail.com · 919-454-0875"
Wilson's Mills,municipality,wilsonsmillsnc.org,PARTIAL,wilsonsmillsnc.org,PARTIAL,same,info@wilsonsmillsnc.org,General contact,,Wilson's Mills: your email domain can currently be spoofed (free 20-minute fix inside),"Hello,

I'm a high school senior in Cary. As an independent project, I checked the public email-security records of every NC school district and municipality, 609 in total, using standard DNS lookups. Nothing was sent to or accessed on your systems; these records are public by design.

Here is what I found for Wilson's Mills:

wilsonsmillsnc.org applies its DMARC policy to only 90% of mail, so forged messages in the remainder are not blocked.

What that means in practice: an email forged to look like it came from an @wilsonsmillsnc.org address would not be rejected by the recipient's mail server. This is how business email compromise works, where a fake message from a director or manager asks a clerk to change a vendor's bank details. It is the most expensive category of cybercrime the FBI tracks, and local governments and school districts are frequent targets.

You are not alone: 68% of NC public bodies are in the same position.

The fix is free and takes about twenty minutes. The safe first step (monitoring mode) changes nothing about how your mail works today:

  Host:  _dmarc.wilsonsmillsnc.org
  Type:  TXT
  Value: v=DMARC1; p=none; rua=mailto:dmarc-reports@wilsonsmillsnc.org; fo=1

After a few weeks of reports, the policy can move to p=quarantine and then p=reject, which is what CISA recommends for government domains. Full step-by-step instructions: [GITHUB LINK]

If it would help, I'm glad to answer questions. I'll be re-checking all 609 domains in about thirty days to see how many have been secured, and I'd be glad to count yours.

Thank you,
Siddharth Santhosh
siddharthsann@gmail.com · 919-454-0875"
Windsor,municipality,windsornc.com,MONITOR_ONLY,windsornc.com,MONITOR_ONLY,same,acastelloe@windsornc.com,Town Administrator,,Windsor: your email domain can currently be spoofed (free 20-minute fix inside),"Hello,

I'm a high school senior in Cary. As an independent project, I checked the public email-security records of every NC school district and municipality, 609 in total, using standard DNS lookups. Nothing was sent to or accessed on your systems; these records are public by design.

Here is what I found for Windsor:

windsornc.com has a DMARC record set to p=none, which reports forged mail but does not block it.

What that means in practice: an email forged to look like it came from an @windsornc.com address would not be rejected by the recipient's mail server. This is how business email compromise works, where a fake message from a director or manager asks a clerk to change a vendor's bank details. It is the most expensive category of cybercrime the FBI tracks, and local governments and school districts are frequent targets.

You are not alone: 68% of NC public bodies are in the same position.

The fix is free and takes about twenty minutes. The safe first step (monitoring mode) changes nothing about how your mail works today:

  Host:  _dmarc.windsornc.com
  Type:  TXT
  Value: v=DMARC1; p=none; rua=mailto:dmarc-reports@windsornc.com; fo=1

After a few weeks of reports, the policy can move to p=quarantine and then p=reject, which is what CISA recommends for government domains. Full step-by-step instructions: [GITHUB LINK]

If it would help, I'm glad to answer questions. I'll be re-checking all 609 domains in about thirty days to see how many have been secured, and I'd be glad to count yours.

Thank you,
Siddharth Santhosh
siddharthsann@gmail.com · 919-454-0875"
Winfall,municipality,townofwinfall.org,NO_DMARC,townofwinfall.org,NO_DMARC,same,officemail@townofwinfall.org,General contact,,Winfall: your email domain can currently be spoofed (free 20-minute fix inside),"Hello,

I'm a high school senior in Cary. As an independent project, I checked the public email-security records of every NC school district and municipality, 609 in total, using standard DNS lookups. Nothing was sent to or accessed on your systems; these records are public by design.

Here is what I found for Winfall:

townofwinfall.org has no DMARC record at all.

What that means in practice: an email forged to look like it came from an @townofwinfall.org address would not be rejected by the recipient's mail server. This is how business email compromise works, where a fake message from a director or manager asks a clerk to change a vendor's bank details. It is the most expensive category of cybercrime the FBI tracks, and local governments and school districts are frequent targets.

You are not alone: 68% of NC public bodies are in the same position.

The fix is free and takes about twenty minutes. The safe first step (monitoring mode) changes nothing about how your mail works today:

  Host:  _dmarc.townofwinfall.org
  Type:  TXT
  Value: v=DMARC1; p=none; rua=mailto:dmarc-reports@townofwinfall.org; fo=1

After a few weeks of reports, the policy can move to p=quarantine and then p=reject, which is what CISA recommends for government domains. Full step-by-step instructions: [GITHUB LINK]

If it would help, I'm glad to answer questions. I'll be re-checking all 609 domains in about thirty days to see how many have been secured, and I'd be glad to count yours.

Thank you,
Siddharth Santhosh
siddharthsann@gmail.com · 919-454-0875"
Wingate,municipality,townofwingatenc.gov,NO_DMARC,townofwingatenc.gov,NO_DMARC,same,lgriffin@townofwingatenc.gov,Town Clerk,,Wingate: your email domain can currently be spoofed (free 20-minute fix inside),"Hello,

I'm a high school senior in Cary. As an independent project, I checked the public email-security records of every NC school district and municipality, 609 in total, using standard DNS lookups. Nothing was sent to or accessed on your systems; these records are public by design.

Here is what I found for Wingate:

townofwingatenc.gov has no DMARC record at all.

What that means in practice: an email forged to look like it came from an @townofwingatenc.gov address would not be rejected by the recipient's mail server. This is how business email compromise works, where a fake message from a director or manager asks a clerk to change a vendor's bank details. It is the most expensive category of cybercrime the FBI tracks, and local governments and school districts are frequent targets.

You are not alone: 68% of NC public bodies are in the same position.

The fix is free and takes about twenty minutes. The safe first step (monitoring mode) changes nothing about how your mail works today:

  Host:  _dmarc.townofwingatenc.gov
  Type:  TXT
  Value: v=DMARC1; p=none; rua=mailto:dmarc-reports@townofwingatenc.gov; fo=1

After a few weeks of reports, the policy can move to p=quarantine and then p=reject, which is what CISA recommends for government domains. Full step-by-step instructions: [GITHUB LINK]

If it would help, I'm glad to answer questions. I'll be re-checking all 609 domains in about thirty days to see how many have been secured, and I'd be glad to count yours.

Thank you,
Siddharth Santhosh
siddharthsann@gmail.com · 919-454-0875"
Winterville,municipality,wintervillenc.com,MONITOR_ONLY,wintervillenc.com,MONITOR_ONLY,same,don.harvey@wintervillenc.com,Town Clerk,,Winterville: your email domain can currently be spoofed (free 20-minute fix inside),"Hello,

I'm a high school senior in Cary. As an independent project, I checked the public email-security records of every NC school district and municipality, 609 in total, using standard DNS lookups. Nothing was sent to or accessed on your systems; these records are public by design.

Here is what I found for Winterville:

wintervillenc.com has a DMARC record set to p=none, which reports forged mail but does not block it.

What that means in practice: an email forged to look like it came from an @wintervillenc.com address would not be rejected by the recipient's mail server. This is how business email compromise works, where a fake message from a director or manager asks a clerk to change a vendor's bank details. It is the most expensive category of cybercrime the FBI tracks, and local governments and school districts are frequent targets.

You are not alone: 68% of NC public bodies are in the same position.

The fix is free and takes about twenty minutes. The safe first step (monitoring mode) changes nothing about how your mail works today:

  Host:  _dmarc.wintervillenc.com
  Type:  TXT
  Value: v=DMARC1; p=none; rua=mailto:dmarc-reports@wintervillenc.com; fo=1

After a few weeks of reports, the policy can move to p=quarantine and then p=reject, which is what CISA recommends for government domains. Full step-by-step instructions: [GITHUB LINK]

If it would help, I'm glad to answer questions. I'll be re-checking all 609 domains in about thirty days to see how many have been secured, and I'd be glad to count yours.

Thank you,
Siddharth Santhosh
siddharthsann@gmail.com · 919-454-0875"
Winton,municipality,townofwinton.org,NO_DMARC,gmail.com,n/a (consumer provider),consumer,townofwinton@gmail.com,General contact,,Winton: your email domain can currently be spoofed (free 20-minute fix inside),"Hello,

I'm a high school senior in Cary. As an independent project, I checked the public email-security records of every NC school district and municipality, 609 in total, using standard DNS lookups. Nothing was sent to or accessed on your systems; these records are public by design.

Here is what I found for Winton:

townofwinton.org has no DMARC record at all. (Your staff mail runs on gmail.com, which is fine; this is about the town's own domain.)

What that means in practice: anyone can send an email that appears to come from an @townofwinton.org address, and nothing tells the recipient it's fake. Attackers use unused domains exactly this way. This is how business email compromise works, where a fake message from a director or manager asks a clerk to change a vendor's bank details. It is the most expensive category of cybercrime the FBI tracks, and local governments and school districts are frequent targets.

You are not alone: 68% of NC public bodies are in the same position.

The fix is free and takes about twenty minutes. The safe first step (monitoring mode) changes nothing about how your mail works today:

  Host:  _dmarc.townofwinton.org
  Type:  TXT
  Value: v=DMARC1; p=none; rua=mailto:dmarc-reports@townofwinton.org; fo=1

After a few weeks of reports, the policy can move to p=quarantine and then p=reject, which is what CISA recommends for government domains. Full step-by-step instructions: [GITHUB LINK]

If it would help, I'm glad to answer questions. I'll be re-checking all 609 domains in about thirty days to see how many have been secured, and I'd be glad to count yours.

Thank you,
Siddharth Santhosh
siddharthsann@gmail.com · 919-454-0875"
Woodfin,municipality,woodfin-nc.gov,NO_DMARC,woodfin-nc.gov,NO_DMARC,same,Clerk@Woodfin-NC.gov,Town Clerk,,Woodfin: your email domain can currently be spoofed (free 20-minute fix inside),"Hello,

I'm a high school senior in Cary. As an independent project, I checked the public email-security records of every NC school district and municipality, 609 in total, using standard DNS lookups. Nothing was sent to or accessed on your systems; these records are public by design.

Here is what I found for Woodfin:

woodfin-nc.gov has no DMARC record at all.

What that means in practice: an email forged to look like it came from an @woodfin-nc.gov address would not be rejected by the recipient's mail server. This is how business email compromise works, where a fake message from a director or manager asks a clerk to change a vendor's bank details. It is the most expensive category of cybercrime the FBI tracks, and local governments and school districts are frequent targets.

You are not alone: 68% of NC public bodies are in the same position.

The fix is free and takes about twenty minutes. The safe first step (monitoring mode) changes nothing about how your mail works today:

  Host:  _dmarc.woodfin-nc.gov
  Type:  TXT
  Value: v=DMARC1; p=none; rua=mailto:dmarc-reports@woodfin-nc.gov; fo=1

After a few weeks of reports, the policy can move to p=quarantine and then p=reject, which is what CISA recommends for government domains. Full step-by-step instructions: [GITHUB LINK]

If it would help, I'm glad to answer questions. I'll be re-checking all 609 domains in about thirty days to see how many have been secured, and I'd be glad to count yours.

Thank you,
Siddharth Santhosh
siddharthsann@gmail.com · 919-454-0875"
Woodland,municipality,townofwoodlandnc.com,NO_DMARC,mchsi.com,MONITOR_ONLY,both_bad,woodlandnc@mchsi.com,General contact,,Woodland: your email domain can currently be spoofed (free 20-minute fix inside),"Hello,

I'm a high school senior in Cary. As an independent project, I checked the public email-security records of every NC school district and municipality, 609 in total, using standard DNS lookups. Nothing was sent to or accessed on your systems; these records are public by design.

Here is what I found for Woodland:

Both of your domains are affected. townofwoodlandnc.com has no DMARC record at all. And your email domain: mchsi.com has a DMARC record set to p=none, which reports forged mail but does not block it.

What that means in practice: an email forged to look like it came from an @mchsi.com or @townofwoodlandnc.com address would not be rejected by the recipient's mail server. This is how business email compromise works, where a fake message from a director or manager asks a clerk to change a vendor's bank details. It is the most expensive category of cybercrime the FBI tracks, and local governments and school districts are frequent targets.

You are not alone: 68% of NC public bodies are in the same position.

The fix is free and takes about twenty minutes. The safe first step (monitoring mode) changes nothing about how your mail works today:

  Host:  _dmarc.mchsi.com
  Type:  TXT
  Value: v=DMARC1; p=none; rua=mailto:dmarc-reports@mchsi.com; fo=1

and the same record for townofwoodlandnc.com:
  Host:  _dmarc.townofwoodlandnc.com
  Type:  TXT
  Value: v=DMARC1; p=none; rua=mailto:dmarc-reports@townofwoodlandnc.com; fo=1

After a few weeks of reports, the policy can move to p=quarantine and then p=reject, which is what CISA recommends for government domains. Full step-by-step instructions: [GITHUB LINK]

If it would help, I'm glad to answer questions. I'll be re-checking all 609 domains in about thirty days to see how many have been secured, and I'd be glad to count yours.

Thank you,
Siddharth Santhosh
siddharthsann@gmail.com · 919-454-0875"
Wrightsville Beach,municipality,townofwrightsvillebeach.com,NO_DMARC,towb.org,MONITOR_ONLY,both_bad,lheater@towb.org,Town Clerk,,Wrightsville Beach: your email domain can currently be spoofed (free 20-minute fix inside),"Hello,

I'm a high school senior in Cary. As an independent project, I checked the public email-security records of every NC school district and municipality, 609 in total, using standard DNS lookups. Nothing was sent to or accessed on your systems; these records are public by design.

Here is what I found for Wrightsville Beach:

Both of your domains are affected. townofwrightsvillebeach.com has no DMARC record at all. And your email domain: towb.org has a DMARC record set to p=none, which reports forged mail but does not block it.

What that means in practice: an email forged to look like it came from an @towb.org or @townofwrightsvillebeach.com address would not be rejected by the recipient's mail server. This is how business email compromise works, where a fake message from a director or manager asks a clerk to change a vendor's bank details. It is the most expensive category of cybercrime the FBI tracks, and local governments and school districts are frequent targets.

You are not alone: 68% of NC public bodies are in the same position.

The fix is free and takes about twenty minutes. The safe first step (monitoring mode) changes nothing about how your mail works today:

  Host:  _dmarc.towb.org
  Type:  TXT
  Value: v=DMARC1; p=none; rua=mailto:dmarc-reports@towb.org; fo=1

and the same record for townofwrightsvillebeach.com:
  Host:  _dmarc.townofwrightsvillebeach.com
  Type:  TXT
  Value: v=DMARC1; p=none; rua=mailto:dmarc-reports@townofwrightsvillebeach.com; fo=1

After a few weeks of reports, the policy can move to p=quarantine and then p=reject, which is what CISA recommends for government domains. Full step-by-step instructions: [GITHUB LINK]

If it would help, I'm glad to answer questions. I'll be re-checking all 609 domains in about thirty days to see how many have been secured, and I'd be glad to count yours.

Thank you,
Siddharth Santhosh
siddharthsann@gmail.com · 919-454-0875"
Yadkinville,municipality,yadkinville.org,NO_DMARC,yadkinville.org,NO_DMARC,same,amyrick@yadkinville.org,Town Clerk,,Yadkinville: your email domain can currently be spoofed (free 20-minute fix inside),"Hello,

I'm a high school senior in Cary. As an independent project, I checked the public email-security records of every NC school district and municipality, 609 in total, using standard DNS lookups. Nothing was sent to or accessed on your systems; these records are public by design.

Here is what I found for Yadkinville:

yadkinville.org has no DMARC record at all.

What that means in practice: an email forged to look like it came from an @yadkinville.org address would not be rejected by the recipient's mail server. This is how business email compromise works, where a fake message from a director or manager asks a clerk to change a vendor's bank details. It is the most expensive category of cybercrime the FBI tracks, and local governments and school districts are frequent targets.

You are not alone: 68% of NC public bodies are in the same position.

The fix is free and takes about twenty minutes. The safe first step (monitoring mode) changes nothing about how your mail works today:

  Host:  _dmarc.yadkinville.org
  Type:  TXT
  Value: v=DMARC1; p=none; rua=mailto:dmarc-reports@yadkinville.org; fo=1

After a few weeks of reports, the policy can move to p=quarantine and then p=reject, which is what CISA recommends for government domains. Full step-by-step instructions: [GITHUB LINK]

If it would help, I'm glad to answer questions. I'll be re-checking all 609 domains in about thirty days to see how many have been secured, and I'd be glad to count yours.

Thank you,
Siddharth Santhosh
siddharthsann@gmail.com · 919-454-0875"
Yanceyville,municipality,yanceyvillenc.gov,NO_DMARC,yanceyvillenc.gov,NO_DMARC,same,townmanager@yanceyvillenc.gov,Town Manager/Clerk,,Yanceyville: your email domain can currently be spoofed (free 20-minute fix inside),"Hello,

I'm a high school senior in Cary. As an independent project, I checked the public email-security records of every NC school district and municipality, 609 in total, using standard DNS lookups. Nothing was sent to or accessed on your systems; these records are public by design.

Here is what I found for Yanceyville:

yanceyvillenc.gov has no DMARC record at all.

What that means in practice: an email forged to look like it came from an @yanceyvillenc.gov address would not be rejected by the recipient's mail server. This is how business email compromise works, where a fake message from a director or manager asks a clerk to change a vendor's bank details. It is the most expensive category of cybercrime the FBI tracks, and local governments and school districts are frequent targets.

You are not alone: 68% of NC public bodies are in the same position.

The fix is free and takes about twenty minutes. The safe first step (monitoring mode) changes nothing about how your mail works today:

  Host:  _dmarc.yanceyvillenc.gov
  Type:  TXT
  Value: v=DMARC1; p=none; rua=mailto:dmarc-reports@yanceyvillenc.gov; fo=1

After a few weeks of reports, the policy can move to p=quarantine and then p=reject, which is what CISA recommends for government domains. Full step-by-step instructions: [GITHUB LINK]

If it would help, I'm glad to answer questions. I'll be re-checking all 609 domains in about thirty days to see how many have been secured, and I'd be glad to count yours.

Thank you,
Siddharth Santhosh
siddharthsann@gmail.com · 919-454-0875"
